time_s,wall_time,motor_mm,motor_steps,flow_inj_ml_min,flow_main_ml_min,pump_rpm,mcu_state
0.02622749999864027,1779880468.0107718,732.421875,200000,0.0,0.0,0.0,2
0.23160939999797847,1779880468.2161546,732.421875,200000,0.0,0.0,0.0,2
0.4702755000034813,1779880468.4548194,732.421875,200000,0.0,0.0,0.0,2
0.6524815000011586,1779880468.6370265,732.421875,200000,0.0,0.0,0.0,2
0.8311485000012908,1779880468.8156934,732.421875,200000,0.0,0.0,0.0,2
1.0151397000008728,1779880468.999685,732.421875,200000,0.0,0.0,0.0,2
1.2500004000030458,1779880469.234544,732.421875,200000,0.0,0.0,0.0,2
1.4302866000070935,1779880469.4148314,732.421875,200000,0.0,0.0,0.0,2
1.6156823000055738,1779880469.600227,732.421875,200000,0.0,0.0,0.0,2
1.8023229999962496,1779880469.7868664,732.421875,200000,0.0,0.0,0.0,2
2.034314300006372,1779880470.0188603,732.421875,200000,0.0,0.0,0.0,2
2.2100617999967653,1779880470.194606,732.421875,200000,0.0,0.0,0.0,2
2.451159899996128,1779880470.4357045,732.421875,200000,0.0,0.0,0.0,2
2.6267966000013985,1779880470.611341,732.421875,200000,0.0,0.0,0.0,2
2.819306300007156,1779880470.8038516,732.421875,200000,0.0,0.0,0.0,2
2.9975028000044404,1779880470.9820476,732.421875,200000,0.0,0.0,0.0,2
3.228907500000787,1779880471.2134523,732.421875,200000,0.0,0.0,0.0,2
3.4086671999975806,1779880471.393211,732.421875,200000,0.0,0.0,0.0,2
3.602471799997147,1779880471.5870173,732.421875,200000,0.0,0.0,0.0,2
3.825981600006344,1779880471.810527,732.421875,200000,0.0,0.0,0.0,2
4.006818299996667,1779880471.991362,732.421875,200000,0.0,0.0,0.0,2
4.191403000004357,1779880472.1759465,732.421875,200000,0.0,0.0,0.0,2
4.430672100002994,1779880472.4152174,732.421875,200000,0.0,0.0,0.0,2
4.6069533999980194,1779880472.5914986,732.421875,200000,0.0,0.0,0.0,2
4.797834800003329,1779880472.78238,732.421875,200000,0.0,0.0,0.0,2
5.029886500007706,1779880473.014432,732.421875,200000,0.0,0.0,0.0,2
5.208450799997081,1779880473.192996,732.421875,200000,0.0,0.0,0.0,2
5.395298899995396,1779880473.3798442,732.421875,200000,0.0,0.0,0.0,2
5.630751599994255,1779880473.6152956,732.421875,200000,0.0,0.0,0.0,2
5.8051168999954825,1779880473.7896628,732.421875,200000,0.0,0.0,0.0,2
5.991734900002484,1779880473.9762788,732.421875,200000,0.0,0.0,0.0,2
6.221894500005874,1779880474.206438,732.421875,200000,0.0,0.0,0.0,2
6.408207300002687,1779880474.392753,732.421875,200000,0.0,0.0,0.0,2
6.582465800005593,1779880474.567009,732.421875,200000,0.0,0.0,0.0,2
6.812114200001815,1779880474.796658,732.421875,200000,0.0,0.0,0.0,2
6.9813433999952395,1779880474.965888,732.421875,200000,0.0,0.0,0.0,2
7.190757300006226,1779880475.1753018,732.421875,200000,0.0,0.0,0.0,2
7.373325799999293,1779880475.3578703,732.421875,200000,0.0,0.0,0.0,2
7.603057100001024,1779880475.5876014,732.421875,200000,0.0,0.0,0.0,2
7.786969399996451,1779880475.7715147,732.421875,200000,0.0,0.0,0.0,2
7.978821400000015,1779880475.9633658,732.421875,200000,0.0,0.0,0.0,2
8.202001600002404,1779880476.1865456,732.421875,200000,0.0,0.0,0.0,2
8.44572839999455,1779880476.4302733,732.421875,200000,0.0,0.0,0.0,2
8.564724500000011,1779880476.5492678,732.421875,200000,0.0,0.0,0.0,2
8.799868999994942,1779880476.7844129,732.421875,200000,0.0,0.0,0.0,2
8.984317399997963,1779880476.9688616,732.421875,200000,0.0,0.0,0.0,2
9.16914650000399,1779880477.1536908,732.421875,200000,0.0,0.0,0.0,2
9.360683499995503,1779880477.3452284,732.421875,200000,0.0,0.0,0.0,2
9.578693799994653,1779880477.5632377,732.421875,200000,0.0,0.0,0.0,2
9.762459699995816,1779880477.747005,732.421875,200000,0.0,0.0,0.0,2
9.96326340000087,1779880477.9478073,732.421875,200000,0.0,0.0,0.0,2
10.184500400006073,1779880478.169044,732.421875,200000,0.0,0.0,0.0,2
10.368218000003253,1779880478.3527637,732.421875,200000,0.0,0.0,0.0,2
10.595102100007352,1779880478.5796456,732.421875,200000,0.0,0.0,0.0,2
10.776674000007915,1779880478.7612178,732.421875,200000,0.0,0.0,0.0,2
10.955342500004917,1779880478.939886,732.421875,200000,0.0,0.0,0.0,2
11.158083999995142,1779880479.1426291,732.421875,200000,0.0,0.0,0.0,2
11.348033600006602,1779880479.332577,732.421875,200000,0.0,0.0,0.0,2
11.56621790000645,1779880479.550762,732.421875,200000,0.0,0.0,0.0,2
11.746096200004104,1779880479.7306418,732.421875,200000,0.0,0.0,0.0,2
11.98101420000603,1779880479.965558,732.421875,200000,0.0,0.0,0.0,2
12.175851399995736,1779880480.160397,732.421875,200000,0.0,0.0,0.0,2
12.347941900006845,1779880480.3324869,732.421875,200000,0.0,0.0,0.0,2
12.554265400001896,1779880480.5388107,732.421875,200000,0.0,0.0,0.0,2
12.743507199993473,1779880480.7280521,732.421875,200000,0.0,0.0,0.0,2
12.940144399995916,1779880480.924689,732.421875,200000,0.0,0.0,0.0,2
13.172659100004239,1779880481.1572037,732.421875,200000,0.0,0.0,0.0,2
13.352620499994373,1779880481.337164,732.421875,200000,0.0,0.0,0.0,2
13.542126600004849,1779880481.5266714,732.421875,200000,0.0,0.0,0.0,2
13.733072000002721,1779880481.7176168,732.421875,200000,0.0,0.0,0.0,2
13.950674100007745,1779880481.9352179,732.421875,200000,0.0,0.0,0.0,2
14.14029730000766,1779880482.1248803,732.421875,200000,0.0,0.0,0.0,2
14.375116499999422,1779880482.3596613,732.421875,200000,0.0,0.0,0.0,2
14.548352500001783,1779880482.532896,732.421875,200000,0.0,0.0,0.0,2
14.736076700006379,1779880482.7206206,732.421875,200000,0.0,0.0,0.0,2
14.92390670000168,1779880482.9084518,732.421875,200000,0.0,0.0,0.0,2
15.155390500003705,1779880483.1399355,732.421875,200000,0.0,0.0,0.0,2
15.34066800000437,1779880483.325213,732.421875,200000,0.0,0.0,0.0,2
15.52689079999982,1779880483.5114355,732.421875,200000,0.0,0.0,0.0,2
15.717911900006584,1779880483.7024553,732.421875,200000,0.0,0.0,0.0,2
15.937907700004871,1779880483.9224524,732.421875,200000,0.0,0.0,0.0,2
16.169322000001557,1779880484.153867,732.421875,200000,0.0,0.0,0.0,2
16.32312549999915,1779880484.3076704,732.421875,200000,0.0,0.0,0.0,2
16.535672700003488,1779880484.5202172,732.421875,200000,0.0,0.0,0.0,2
16.771723500001826,1779880484.756268,732.421875,200000,0.0,0.0,0.0,2
16.946984499998507,1779880484.931528,732.421875,200000,0.0,0.0,0.0,2
17.125356300006388,1779880485.1098998,732.421875,200000,0.0,0.0,0.0,2
17.30857969999488,1779880485.2931244,732.421875,200000,0.0,0.0,0.0,2
17.515320100006647,1779880485.4998643,732.421875,200000,0.0,0.0,0.0,2
17.72978320000402,1779880485.714329,732.421875,200000,0.0,0.0,0.0,2
17.96905830000469,1779880485.9536028,732.421875,200000,0.0,0.0,0.0,2
18.148136300005717,1779880486.1326811,732.421875,200000,0.0,0.0,0.0,2
18.32401349999418,1779880486.3085568,732.421875,200000,0.0,0.0,0.0,2
18.510756999996374,1779880486.4953015,732.421875,200000,0.0,0.0,0.0,2
18.807933799995226,1779880486.7924774,732.421875,200000,0.0,0.0,0.0,2
18.92682629999763,1779880486.9113715,732.421875,200000,0.0,0.0,0.0,2
19.113987899996573,1779880487.0985327,732.421875,200000,0.0,0.0,0.0,2
19.309990699999616,1779880487.294534,732.421875,200000,0.0,0.0,0.0,2
19.52357309999934,1779880487.5081167,732.421875,200000,0.0,0.0,0.0,2
19.772371099999873,1779880487.7569165,732.421875,200000,0.0,0.0,0.0,2
19.902199699994526,1779880487.886745,732.421875,200000,0.0,0.0,0.0,2
20.125287100003334,1779880488.109831,732.421875,200000,0.0,0.0,0.0,2
20.30565619999834,1779880488.2901998,732.421875,200000,0.0,0.0,0.0,2
20.539756500002113,1779880488.5243003,732.421875,200000,0.0,0.0,0.0,2
20.784686600003624,1779880488.7692308,732.421875,200000,0.0,0.0,0.0,2
20.91321820000303,1779880488.8977635,732.421875,200000,0.0,0.0,0.0,2
21.091547599993646,1779880489.0760925,732.421875,200000,0.0,0.0,0.0,2
21.32159269999829,1779880489.3061378,732.421875,200000,0.0,0.0,0.0,2
21.500095900002634,1779880489.4846396,732.421875,200000,0.0,0.0,0.0,2
21.689525199995842,1779880489.6740708,732.421875,200000,0.0,0.0,0.0,2
21.88811010000063,1779880489.872655,732.421875,200000,0.0,0.0,0.0,2
22.102940299999318,1779880490.0874858,732.421875,200000,0.0,0.0,0.0,2
22.34284209999896,1779880490.3273869,732.421875,200000,0.0,0.0,0.0,2
22.518261000004713,1779880490.502805,732.421875,200000,0.0,0.0,0.0,2
22.756204999997863,1779880490.7407496,732.421875,200000,0.0,0.0,0.0,2
22.88277759999619,1779880490.867323,732.421875,200000,0.0,0.0,0.0,2
23.081940400006715,1779880491.0664842,732.421875,200000,0.0,0.0,0.0,2
23.301435300003504,1779880491.2859802,732.421875,200000,0.0,0.0,0.0,2
23.53833759999543,1779880491.5228827,732.421875,200000,0.0,0.0,0.0,2
23.777970299997833,1779880491.7625158,732.421875,200000,0.0,0.0,0.0,2
23.897121500005596,1779880491.8816652,732.421875,200000,0.0,0.0,0.0,2
24.077781600004528,1779880492.0623267,732.421875,200000,0.0,0.0,0.0,2
24.279559500006144,1779880492.2641044,732.421875,200000,0.0,0.0,0.0,2
24.470001599998795,1779880492.4545462,732.421875,200000,0.0,0.0,0.0,2
24.740465199996834,1779880492.7250109,732.421875,200000,0.0,0.0,0.0,2
24.916985300005763,1779880492.901529,732.421875,200000,0.0,0.0,0.0,2
25.09479200000351,1779880493.0793371,732.421875,200000,0.0,0.0,0.0,2
25.279119400001946,1779880493.2636642,732.421875,200000,0.0,0.0,0.0,2
25.47550179999962,1779880493.4600463,732.421875,200000,0.0,0.0,0.0,2
25.75531969999429,1779880493.7398648,732.421875,200000,0.0,0.0,0.0,2
25.877103799997712,1779880493.861649,732.421875,200000,0.0,0.0,0.0,2
26.06526170000143,1779880494.0498064,732.421875,200000,0.0,0.0,0.0,2
26.296272899999167,1779880494.280818,732.421875,200000,0.0,0.0,0.0,2
26.478323899995303,1779880494.4628692,732.421875,200000,0.0,0.0,0.0,2
26.71592440000677,1779880494.7004702,732.421875,200000,0.0,0.0,0.0,2
26.882836300006602,1779880494.867381,732.421875,200000,0.0,0.0,0.0,2
27.056432900004438,1779880495.0409772,732.421875,200000,0.0,0.0,0.0,2
27.263485999996192,1779880495.2480307,732.421875,200000,0.0,0.0,0.0,2
27.46567259999574,1779880495.450217,732.421875,200000,0.0,0.0,0.0,2
27.697827199997846,1779880495.6823726,732.421875,200000,0.0,0.0,0.0,2
27.91622769999958,1779880495.900772,732.421875,200000,0.0,0.0,0.0,2
28.089993000001414,1779880496.074537,732.421875,200000,0.0,0.0,0.0,2
28.272301599994535,1779880496.2568462,732.421875,200000,0.0,0.0,0.0,2
28.45270769999479,1779880496.437251,732.421875,200000,0.0,0.0,0.0,2
28.6987369999988,1779880496.6832814,732.421875,200000,0.0,0.0,0.0,2
28.84186210000189,1779880496.826406,732.421875,200000,0.0,0.0,0.0,2
29.060464399997727,1779880497.0450096,732.421875,200000,0.0,0.0,0.0,2
29.294325399998343,1779880497.2788706,732.421875,200000,0.0,0.0,0.0,2
29.46826150000561,1779880497.452805,732.421875,200000,0.0,0.0,0.0,2
29.707632899997407,1779880497.6921766,732.421875,200000,0.0,0.0,0.0,2
29.844819000005373,1779880497.8293645,732.421875,200000,0.0,0.0,0.0,2
30.0403049000015,1779880498.024851,732.421875,200000,0.0,0.0,0.0,2
30.26996700000018,1779880498.2545114,732.421875,200000,0.0,0.0,0.0,2
30.4420814000041,1779880498.4266262,732.421875,200000,0.0,0.0,0.0,2
30.68549879999773,1779880498.6700437,732.421875,200000,0.0,0.0,0.0,2
30.864846299999044,1779880498.8493915,732.421875,200000,0.0,0.0,0.0,2
31.065609600002063,1779880499.0501542,732.421875,200000,0.0,0.0,0.0,2
31.261848299996927,1779880499.2464635,732.421875,200000,0.0,0.0,0.0,2
31.443786599993473,1779880499.4283314,732.421875,200000,0.0,0.0,0.0,2
31.69051450000552,1779880499.6750586,732.421875,200000,0.0,0.0,0.0,2
31.825969700003043,1779880499.8105142,732.421875,200000,0.0,0.0,0.0,2
32.051066900006845,1779880500.0356126,732.421875,200000,0.0,0.0,0.0,2
32.24787720000313,1779880500.2324228,732.421875,200000,0.0,0.0,0.0,2
32.421382500004256,1779880500.4059274,732.421875,200000,0.0,0.0,0.0,2
32.67163110000547,1779880500.6561759,732.421875,200000,0.0,0.0,0.0,2
32.83847699999751,1779880500.8230221,732.421875,200000,0.0,0.0,0.0,2
33.0277669000061,1779880501.0123112,732.421875,200000,0.0,0.0,0.0,2
33.24653639999451,1779880501.2310812,732.421875,200000,0.0,0.0,0.0,2
33.443880100006936,1779880501.4284275,732.421875,200000,0.0,0.0,0.0,2
33.67341020000458,1779880501.6579552,732.421875,200000,0.0,0.0,0.0,2
33.81403860000137,1779880501.7985837,732.421875,200000,0.0,0.0,0.0,2
34.04263809999975,1779880502.027184,732.421875,200000,0.0,0.0,0.0,2
34.21718150000379,1779880502.2017267,732.421875,200000,0.0,0.0,0.0,2
34.42323010000109,1779880502.407775,732.421875,200000,0.0,0.0,0.0,2
34.65364590000536,1779880502.6381917,732.421875,200000,0.0,0.0,0.0,2
34.83034699999553,1779880502.8148923,732.421875,200000,0.0,0.0,0.0,2
35.052850499996566,1779880503.037395,732.421875,200000,0.0,0.0,0.0,2
35.23081490000186,1779880503.2153597,732.421875,200000,0.0,0.0,0.0,2
35.40763440000592,1779880503.3921793,732.421875,200000,0.0,0.0,0.0,2
35.661161800002446,1779880503.6457086,732.421875,200000,0.0,0.0,0.0,2
35.80577059999632,1779880503.7903152,732.421875,200000,0.0,0.0,0.0,2
36.00441470000078,1779880503.9889596,732.421875,200000,0.0,0.0,0.0,2
36.207778099997086,1779880504.1923237,732.421875,200000,0.0,0.0,0.0,2
36.42189729999518,1779880504.406442,732.421875,200000,0.0,0.0,0.0,2
36.635592000006,1779880504.6201367,732.421875,200000,0.0,0.0,0.0,2
36.84339100000216,1779880504.8279357,732.421875,200000,0.0,0.0,0.0,2
37.02858379999816,1779880505.0131283,732.421875,200000,0.0,0.0,0.0,2
37.20768289999978,1779880505.1922274,732.421875,200000,0.0,0.0,0.0,2
37.40072429999418,1779880505.3852718,732.421875,200000,0.0,0.0,0.0,2
37.68582779999997,1779880505.670372,732.421875,200000,0.0,0.0,0.0,2
37.806775200006086,1779880505.7913196,732.421875,200000,0.0,0.0,0.0,2
38.000917900004424,1779880505.9854627,732.421875,200000,0.0,0.0,0.0,2
38.19377209999948,1779880506.178317,732.421875,200000,0.0,0.0,0.0,2
38.407724699995015,1779880506.3922694,732.421875,200000,0.0,0.0,0.0,2
38.64049609999347,1779880506.625041,732.421875,200000,0.0,0.0,0.0,2
38.8231558999978,1779880506.8077016,732.421875,200000,0.0,0.0,0.0,2
39.00383739999961,1779880506.988382,732.421875,200000,0.0,0.0,0.0,2
39.192511700006435,1779880507.1770573,732.421875,200000,0.0,0.0,0.0,2
39.4276899999968,1779880507.4122348,732.421875,200000,0.0,0.0,0.0,2
39.61168260000704,1779880507.5962272,732.421875,200000,0.0,0.0,0.0,2
39.78830260000541,1779880507.7728477,732.421875,200000,0.0,0.0,0.0,2
39.98052820000157,1779880507.9650736,732.421875,200000,0.0,0.0,0.0,2
40.20529130000796,1779880508.189836,732.421875,200000,0.0,0.0,0.0,2
40.389234700007364,1779880508.373779,732.421875,200000,0.0,0.0,0.0,2
40.62243829999352,1779880508.606983,732.421875,200000,0.0,0.0,0.0,2
40.80159570000251,1779880508.7861407,732.421875,200000,0.0,0.0,0.0,2
40.98452939999697,1779880508.9690742,732.421875,200000,0.0,0.0,0.0,2
41.17789580000681,1779880509.1624413,732.421875,200000,0.0,0.0,0.0,2
41.37149049999425,1779880509.3560398,732.421875,200000,0.0,0.0,0.0,2
41.59897029999411,1779880509.583515,732.421875,200000,0.0,0.0,0.0,2
41.820982200006256,1779880509.805527,732.421875,200000,0.0,0.0,0.0,2
42.00167519999377,1779880509.98622,732.421875,200000,0.0,0.0,0.0,2
42.182427399995504,1779880510.1669724,732.421875,200000,0.0,0.0,0.0,2
42.36280370000168,1779880510.3473482,732.421875,200000,0.0,0.0,0.0,2
42.59749909999664,1779880510.5820441,732.421875,200000,0.0,0.0,0.0,2
42.78145460000087,1779880510.765999,732.421875,200000,0.0,0.0,0.0,2
42.97030230000382,1779880510.9548466,732.421875,200000,0.0,0.0,0.0,2
43.200763100001495,1779880511.1853077,732.421875,200000,0.0,0.0,0.0,2
43.35494629999448,1779880511.339491,732.421875,200000,0.0,0.0,0.0,2
43.61638629999652,1779880511.6009316,732.421875,200000,0.0,0.0,0.0,2
43.799029400004656,1779880511.7835743,732.421875,200000,0.0,0.0,0.0,2
43.97330579999834,1779880511.957851,732.421875,200000,0.0,0.0,0.0,2
44.16156609999598,1779880512.1461112,732.421875,200000,0.0,0.0,0.0,2
44.34802469999704,1779880512.3325696,732.421875,200000,0.0,0.0,0.0,2
44.5779143999971,1779880512.56246,732.421875,200000,0.0,0.0,0.0,2
44.756010900004185,1779880512.7405555,732.421875,200000,0.0,0.0,0.0,2
44.99220409999543,1779880512.9767504,732.421875,200000,0.0,0.0,0.0,2
45.168051300002844,1779880513.1525962,732.421875,200000,0.0,0.0,0.0,2
45.41564340000332,1779880513.4001887,732.421875,200000,0.0,0.0,0.0,2
45.59446469999966,1779880513.5790102,732.421875,200000,0.0,0.0,0.0,2
45.77460249999422,1779880513.759147,732.421875,200000,0.0,0.0,0.0,2
45.95053200000257,1779880513.9350767,732.421875,200000,0.0,0.0,0.0,2
46.19326070000534,1779880514.177807,732.421875,200000,0.0,0.0,0.0,2
46.374055399995996,1779880514.3586023,732.421875,200000,0.0,0.0,0.0,2
46.56649009999819,1779880514.5510347,732.421875,200000,0.0,0.0,0.0,2
46.74454250000417,1779880514.7290885,732.421875,200000,0.0,0.0,0.0,2
46.97016359999543,1779880514.9547083,732.421875,200000,0.0,0.0,0.0,2
47.152765100006945,1779880515.1373107,732.421875,200000,0.0,0.0,0.0,2
47.333145700002206,1779880515.3176908,732.421875,200000,0.0,0.0,0.0,2
47.56599259999348,1779880515.5505385,732.421875,200000,0.0,0.0,0.0,2
47.74593710000045,1779880515.7304816,732.421875,200000,0.0,0.0,0.0,2
47.93687510000018,1779880515.9214203,732.421875,200000,0.0,0.0,0.0,2
48.17352789999859,1779880516.158074,732.421875,200000,0.0,0.0,0.0,2
48.34827360000054,1779880516.3328183,732.421875,200000,0.0,0.0,0.0,2
48.58340230000613,1779880516.5679476,732.421875,200000,0.0,0.0,0.0,2
48.77147269999841,1779880516.7560177,732.421875,200000,0.0,0.0,0.0,2
48.94542469999578,1779880516.9299695,732.421875,200000,0.0,0.0,0.0,2
49.13300760000129,1779880517.1175537,732.421875,200000,0.0,0.0,0.0,2
49.36240820000239,1779880517.3469527,732.421875,200000,0.0,0.0,0.0,2
49.606446899997536,1779880517.590991,732.421875,200000,0.0,0.0,0.0,2
49.72779950000404,1779880517.7123444,732.421875,200000,0.0,0.0,0.0,2
49.963394299993524,1779880517.9479394,732.421875,200000,0.0,0.0,0.0,2
50.14766050000617,1779880518.1322057,732.421875,200000,0.0,0.0,0.0,2
50.32156159999431,1779880518.3061063,732.421875,200000,0.0,0.0,0.0,2
50.56080099999963,1779880518.5453458,732.421875,200000,0.0,0.0,0.0,2
50.71452740000677,1779880518.6990738,732.421875,200000,0.0,0.0,0.0,2
50.92879279999761,1779880518.9133377,732.421875,200000,0.0,0.0,0.0,2
51.16485909999756,1779880519.149404,732.421875,200000,0.0,0.0,0.0,2
51.345921400003135,1779880519.3304663,732.421875,200000,0.0,0.0,0.0,2
51.587467699995614,1779880519.5720136,732.421875,200000,0.0,0.0,0.0,2
51.76315660000546,1779880519.747701,732.421875,200000,0.0,0.0,0.0,2
51.93833540000196,1779880519.9228806,732.421875,200000,0.0,0.0,0.0,2
52.12330120000115,1779880520.1078458,732.421875,200000,0.0,0.0,0.0,2
52.30713440000545,1779880520.2916808,732.421875,200000,0.0,0.0,0.0,2
52.51349270000355,1779880520.498037,732.421875,200000,0.0,0.0,0.0,2
52.720524899996235,1779880520.7050695,732.421875,200000,0.0,0.0,0.0,2
52.964358600002015,1779880520.9489052,732.421875,200000,0.0,0.0,0.0,2
53.137292100000195,1779880521.1218374,732.421875,200000,0.0,0.0,0.0,2
53.32130429999961,1779880521.3058493,732.421875,200000,0.0,0.0,0.0,2
53.51975589999347,1779880521.5043013,732.421875,200000,0.0,0.0,0.0,2
53.698734499994316,1779880521.6832793,732.421875,200000,0.0,0.0,0.0,2
53.920492100005504,1779880521.9050364,732.421875,200000,0.0,0.0,0.0,2
54.09916179999709,1779880522.0837064,732.421875,200000,0.0,0.0,0.0,2
54.340691499994136,1779880522.325237,732.421875,200000,0.0,0.0,0.0,2
54.519470100000035,1779880522.5040169,732.421875,200000,0.0,0.0,0.0,2
54.70255400000315,1779880522.6871011,732.421875,200000,0.0,0.0,0.0,2
54.88941980000527,1779880522.8739645,732.421875,200000,0.0,0.0,0.0,2
55.11936130000686,1779880523.1039062,732.421875,200000,0.0,0.0,0.0,2
55.29810220000218,1779880523.2826464,732.421875,200000,0.0,0.0,0.0,2
55.494272299998556,1779880523.478818,732.421875,200000,0.0,0.0,0.0,2
55.71758310000587,1779880523.7021277,732.421875,200000,0.0,0.0,0.0,2
55.90420129999984,1779880523.8887458,732.421875,200000,0.0,0.0,0.0,2
56.08342890000495,1779880524.0679736,732.421875,200000,0.0,0.0,0.0,2
56.3191555999947,1779880524.303702,732.421875,200000,0.0,0.0,0.0,2
56.49682489999395,1779880524.48137,732.421875,200000,0.0,0.0,0.0,2
56.684123400002136,1779880524.6686685,732.421875,200000,0.0,0.0,0.0,2
56.91738559999794,1779880524.9019303,732.421875,200000,0.0,0.0,0.0,2
57.091667400003644,1779880525.076212,732.421875,200000,0.0,0.0,0.0,2
57.33167499999399,1779880525.3162193,732.421875,200000,0.0,0.0,0.0,2
57.512457499993616,1779880525.4970021,732.421875,200000,0.0,0.0,0.0,2
57.691396299996995,1779880525.6759405,732.421875,200000,0.0,0.0,0.0,2
57.87812080000003,1779880525.8626666,732.421875,200000,0.0,0.0,0.0,2
58.109935600004974,1779880526.0944798,732.421875,200000,0.0,0.0,0.0,2
58.28943689999869,1779880526.2739818,732.421875,200000,0.0,0.0,0.0,2
58.473988600002485,1779880526.458533,732.421875,200000,0.0,0.0,0.0,2
58.6672006000008,1779880526.6517456,732.421875,200000,0.0,0.0,0.0,2
58.89691429999948,1779880526.881459,732.421875,200000,0.0,0.0,0.0,2
59.069940700006555,1779880527.054486,732.421875,200000,0.0,0.0,0.0,2
59.312205299997004,1779880527.29675,732.421875,200000,0.0,0.0,0.0,2
59.495776800002204,1779880527.480323,732.421875,200000,0.0,0.0,0.0,2
59.67455389999668,1779880527.6590998,732.421875,200000,0.0,0.0,0.0,2
59.911957799995434,1779880527.8965025,732.421875,200000,0.0,0.0,0.0,2
60.09369870000228,1779880528.0782435,732.421875,200000,0.0,0.0,0.0,2
60.272239900004934,1779880528.2567844,732.421875,200000,0.0,0.0,0.0,2
60.514241500000935,1779880528.4987876,732.421875,200000,0.0,0.0,0.0,2
60.68645660000038,1779880528.6710017,732.421875,200000,0.0,0.0,0.0,2
60.86658709999756,1779880528.8511324,732.421875,200000,0.0,0.0,0.0,2
61.053389199994854,1779880529.0379338,732.421875,200000,0.0,0.0,0.0,2
61.24594540000544,1779880529.2304902,732.421875,200000,0.0,0.0,0.0,2
61.46986929999548,1779880529.4544137,732.421875,200000,0.0,0.0,0.0,2
61.65466650000599,1779880529.639213,732.421875,200000,0.0,0.0,0.0,2
61.884710400001495,1779880529.869255,732.421875,200000,0.0,0.0,0.0,2
62.0683621000062,1779880530.052907,732.421875,200000,0.0,0.0,0.0,2
62.250027800007956,1779880530.234572,732.421875,200000,0.0,0.0,0.0,2
62.45638390000386,1779880530.4409287,732.421875,200000,0.0,0.0,0.0,2
62.64894050000294,1779880530.6334856,732.421875,200000,0.0,0.0,0.0,2
62.848686900004395,1779880530.8332314,732.421875,200000,0.0,0.0,0.0,2
63.09062919999997,1779880531.0751739,732.421875,200000,0.0,0.0,0.0,2
63.269035000004806,1779880531.2535796,732.421875,200000,0.0,0.0,0.0,2
63.45281420000538,1779880531.437359,732.421875,200000,0.0,0.0,0.0,2
63.63739129999885,1779880531.6219378,732.421875,200000,0.0,0.0,0.0,2
63.867005599997356,1779880531.8515508,732.421875,200000,0.0,0.0,0.0,2
64.04493600000569,1779880532.0294807,732.421875,200000,0.0,0.0,0.0,2
64.242803000001,1779880532.227349,732.421875,200000,0.0,0.0,0.0,2
64.46743889999925,1779880532.4519837,732.421875,200000,0.0,0.0,0.0,2
64.65024899999844,1779880532.6347935,732.421875,200000,0.0,0.0,0.0,2
64.83055790000071,1779880532.8151028,732.421875,200000,0.0,0.0,0.0,2
65.06535049999366,1779880533.0498955,732.421875,200000,0.0,0.0,0.0,2
65.24504189999425,1779880533.229588,732.421875,200000,0.0,0.0,0.0,2
65.42929189999995,1779880533.4138365,732.421875,200000,0.0,0.0,0.0,2
65.66212219999579,1779880533.6466672,732.421875,200000,0.0,0.0,0.0,2
65.84062919999997,1779880533.8251736,732.421875,200000,0.0,0.0,0.0,2
66.08399889999419,1779880534.0685441,732.421875,200000,0.0,0.0,0.0,2
66.26323919999413,1779880534.2477837,732.421875,200000,0.0,0.0,0.0,2
66.44245620000584,1779880534.4270008,732.421875,200000,0.0,0.0,0.0,2
66.62868650000019,1779880534.613232,732.421875,200000,0.0,0.0,0.0,2
66.82172219999484,1779880534.8062668,732.421875,200000,0.0,0.0,0.0,2
67.04192849999527,1779880535.0264733,732.421875,200000,0.0,0.0,0.0,2
67.22795670000778,1779880535.212501,732.421875,200000,0.0,0.0,0.0,2
67.40968830000202,1779880535.3942332,732.421875,200000,0.0,0.0,0.0,2
67.64139580000483,1779880535.6259403,732.421875,200000,0.0,0.0,0.0,2
67.81861440000648,1779880535.8031588,732.421875,200000,0.0,0.0,0.0,2
68.06044319999637,1779880536.0449886,732.421875,200000,0.0,0.0,0.0,2
68.24312159999681,1779880536.2276678,732.421875,200000,0.0,0.0,0.0,2
68.41767569999502,1779880536.4022202,732.421875,200000,0.0,0.0,0.0,2
68.60835270000098,1779880536.592898,732.421875,200000,0.0,0.0,0.0,2
68.80899879999924,1779880536.7935433,732.421875,200000,0.0,0.0,0.0,2
69.01765449999948,1779880537.0021987,732.421875,200000,0.0,0.0,0.0,2
69.25821980000183,1779880537.2427647,732.421875,200000,0.0,0.0,0.0,2
69.43893069999467,1779880537.4234757,732.421875,200000,0.0,0.0,0.0,2
69.62143090000609,1779880537.605976,732.421875,200000,0.0,0.0,0.0,2
69.79914600000484,1779880537.7836905,732.421875,200000,0.0,0.0,0.0,2
70.03909790000762,1779880538.0236425,732.421875,200000,0.0,0.0,0.0,2
70.21497190000082,1779880538.199517,732.421875,200000,0.0,0.0,0.0,2
70.40460690000327,1779880538.3891516,732.421875,200000,0.0,0.0,0.0,2
70.59152970000287,1779880538.5760736,732.421875,200000,0.0,0.0,0.0,2
70.81537850000313,1779880538.7999237,732.421875,200000,0.0,0.0,0.0,2
71.00019580000662,1779880538.9847405,732.421875,200000,0.0,0.0,0.0,2
71.23607650000486,1779880539.220621,732.421875,200000,0.0,0.0,0.0,2
71.41113629999745,1779880539.3956811,732.421875,200000,0.0,0.0,0.0,2
71.60009900000296,1779880539.5846446,732.421875,200000,0.0,0.0,0.0,2
71.79081960000622,1779880539.7753658,732.421875,200000,0.0,0.0,0.0,2
72.01866810000502,1779880540.0032184,732.421875,200000,0.0,0.0,0.0,2
72.20029819999763,1779880540.1848447,732.421875,200000,0.0,0.0,0.0,2
72.3886799000029,1779880540.3732252,732.421875,200000,0.0,0.0,0.0,2
72.61325510000461,1779880540.5978003,732.421875,200000,0.0,0.0,0.0,2
72.80153070000233,1779880540.786077,732.421875,200000,0.0,0.0,0.0,2
73.03552510000009,1779880541.020071,732.421875,200000,0.0,0.0,0.0,2
73.21732979999797,1779880541.201875,732.421875,200000,0.0,0.0,0.0,2
73.39685649999592,1779880541.3814018,732.421875,200000,0.0,0.0,0.0,2
73.58327640000789,1779880541.5678213,732.421875,200000,0.0,0.0,0.0,2
73.81809149999754,1779880541.8026364,732.421875,200000,0.0,0.0,0.0,2
73.99762100000225,1779880541.9821663,732.421875,200000,0.0,0.0,0.0,2
74.18445070000598,1779880542.1689956,732.421875,200000,0.0,0.0,0.0,2
74.4253880000033,1779880542.4099357,732.421875,200000,0.0,0.0,0.0,2
74.59124280000106,1779880542.5757873,732.421875,200000,0.0,0.0,0.0,2
74.78193050000118,1779880542.7664754,732.421875,200000,0.0,0.0,0.0,2
75.0176613000076,1779880543.0022066,732.421875,200000,0.0,0.0,0.0,2
75.19243199999619,1779880543.1769764,732.421875,200000,0.0,0.0,0.0,2
75.37950280000223,1779880543.3640478,732.421875,200000,0.0,0.0,0.0,2
75.57507750000514,1779880543.5596216,732.421875,200000,0.0,0.0,0.0,2
75.76658559999487,1779880543.7511308,732.421875,200000,0.0,0.0,0.0,2
75.98919219999516,1779880543.9737372,732.421875,200000,0.0,0.0,0.0,2
76.21421689999988,1779880544.1987615,732.421875,200000,0.0,0.0,0.0,2
76.39349240000593,1779880544.3780375,732.421875,200000,0.0,0.0,0.0,2
76.58036629999697,1779880544.5649111,732.421875,200000,0.0,0.0,0.0,2
76.77113730000565,1779880544.7556818,732.421875,200000,0.0,0.0,0.0,2
76.99426659999881,1779880544.9788115,732.421875,200000,0.0,0.0,0.0,2
77.16603029999533,1779880545.1505754,732.421875,200000,0.0,0.0,0.0,2
77.41595229999803,1779880545.4004974,732.421875,200000,0.0,0.0,0.0,2
77.59100380000018,1779880545.5755486,732.421875,200000,0.0,0.0,0.0,2
77.77796890000172,1779880545.7625158,732.421875,200000,0.0,0.0,0.0,2
77.96071640000446,1779880545.945261,732.421875,200000,0.0,0.0,0.0,2
78.16124299999501,1779880546.145788,732.421875,200000,0.0,0.0,0.0,2
78.37058070000785,1779880546.3551254,732.421875,200000,0.0,0.0,0.0,2
78.55591039999854,1779880546.5404553,732.421875,200000,0.0,0.0,0.0,2
78.79575479999767,1779880546.7802994,732.421875,200000,0.0,0.0,0.0,2
78.96933700000227,1779880546.9538825,732.421875,200000,0.0,0.0,0.0,2
79.21165219999966,1779880547.196198,732.421875,200000,0.0,0.0,0.0,2
79.3860973999981,1779880547.3706422,732.421875,200000,0.0,0.0,0.0,2
79.56849819999479,1779880547.5530427,732.421875,200000,0.0,0.0,0.0,2
79.75425919999543,1779880547.7388036,732.421875,200000,0.0,0.0,0.0,2
79.93830510000407,1779880547.92285,732.421875,200000,0.0,0.0,0.0,2
80.16770540000289,1779880548.15225,732.421875,200000,0.0,0.0,0.0,2
80.35752439999487,1779880548.3420687,732.421875,200000,0.0,0.0,0.0,2
80.58791430000565,1779880548.5724587,732.421875,200000,0.0,0.0,0.0,2
80.76793060000637,1779880548.7524748,732.421875,200000,0.0,0.0,0.0,2
81.00510749999376,1779880548.9896522,732.421875,200000,0.0,0.0,0.0,2
81.18596990000515,1779880549.170515,732.421875,200000,0.0,0.0,0.0,2
81.33113469999807,1779880549.3156793,732.421875,200000,0.0,0.0,0.0,2
81.54849370000011,1779880549.5330381,732.421875,200000,0.0,0.0,0.0,2
81.73706620000303,1779880549.7216108,732.421875,200000,0.0,0.0,0.0,2
81.93770860000222,1779880549.9222531,732.421875,200000,0.0,0.0,0.0,2
82.14614359999541,1779880550.1306882,732.421875,200000,0.0,0.0,0.0,2
82.38522640000156,1779880550.369771,732.421875,200000,0.0,0.0,0.0,2
82.5684426999942,1779880550.552987,732.421875,200000,0.0,0.0,0.0,2
82.74368030000187,1779880550.7282252,732.421875,200000,0.0,0.0,0.0,2
82.93003400000453,1779880550.9145787,732.421875,200000,0.0,0.0,0.0,2
83.1255719000037,1779880551.1101184,732.421875,200000,0.0,0.0,0.0,2
83.34203780000098,1779880551.3265822,732.421875,200000,0.0,0.0,0.0,2
83.52690440000151,1779880551.5114493,732.421875,200000,0.0,0.0,0.0,2
83.75720819999697,1779880551.7417529,732.421875,200000,0.0,0.0,0.0,2
83.94012470000598,1779880551.9246695,732.421875,200000,0.0,0.0,0.0,2
84.1802439000021,1779880552.164789,732.421875,200000,0.0,0.0,0.0,2
84.36293509999814,1779880552.3474798,732.421875,200000,0.0,0.0,0.0,2
84.54200380000111,1779880552.5265486,732.421875,200000,0.0,0.0,0.0,2
84.72763589999522,1779880552.712182,732.421875,200000,0.0,0.0,0.0,2
84.9123724999954,1779880552.8969185,732.421875,200000,0.0,0.0,0.0,2
85.13936460000696,1779880553.1239095,732.421875,200000,0.0,0.0,0.0,2
85.3203244000033,1779880553.3048692,732.421875,200000,0.0,0.0,0.0,2
85.56171170000744,1779880553.5462568,732.421875,200000,0.0,0.0,0.0,2
85.74089129999629,1779880553.7254355,732.421875,200000,0.0,0.0,0.0,2
85.92003989999648,1779880553.904585,732.421875,200000,0.0,0.0,0.0,2
86.11124709999422,1779880554.0957923,732.421875,200000,0.0,0.0,0.0,2
86.3026194999984,1779880554.2871642,732.421875,200000,0.0,0.0,0.0,2
86.51685319999524,1779880554.5013986,732.421875,200000,0.0,0.0,0.0,2
86.70797829999356,1779880554.6925228,732.421875,200000,0.0,0.0,0.0,2
86.9101054000057,1779880554.8946495,732.421875,200000,0.0,0.0,0.0,2
87.10152100000414,1779880555.0860662,732.421875,200000,0.0,0.0,0.0,2
87.3143182000058,1779880555.2988632,732.421875,200000,0.0,0.0,0.0,2
87.53968210000312,1779880555.524227,732.421875,200000,0.0,0.0,0.0,2
87.71668219999992,1779880555.7012267,732.421875,200000,0.0,0.0,0.0,2
87.95741440000711,1779880555.9419591,732.421875,200000,0.0,0.0,0.0,2
88.12855569999374,1779880556.1130998,732.421875,200000,0.0,0.0,0.0,2
88.31911739999487,1779880556.303663,732.421875,200000,0.0,0.0,0.0,2
88.49479880000581,1779880556.4793434,732.421875,200000,0.0,0.0,0.0,2
88.68656230000488,1779880556.6711068,732.421875,200000,0.0,0.0,0.0,2
88.91741080000065,1779880556.9019556,732.421875,200000,0.0,0.0,0.0,2
89.09673780000594,1779880557.081283,732.421875,200000,0.0,0.0,0.0,2
89.33400659999461,1779880557.3185515,732.421875,200000,0.0,0.0,0.0,2
89.50880890000553,1779880557.4933534,732.421875,200000,0.0,0.0,0.0,2
89.70416039999691,1779880557.6887052,732.421875,200000,0.0,0.0,0.0,2
89.88650550000602,1779880557.8710494,732.421875,200000,0.0,0.0,0.0,2
90.11191269999836,1779880558.096458,732.421875,200000,0.0,0.0,0.0,2
90.3006030999968,1779880558.2851486,732.421875,200000,0.0,0.0,0.0,2
90.49734699999681,1779880558.4818916,732.421875,200000,0.0,0.0,0.0,2
90.71837479999522,1779880558.7029207,732.421875,200000,0.0,0.0,0.0,2
90.89439080000739,1779880558.8789356,732.421875,200000,0.0,0.0,0.0,2
91.07520970000769,1779880559.0597548,732.421875,200000,0.0,0.0,0.0,2
91.27996980000171,1779880559.2645142,732.421875,200000,0.0,0.0,0.0,2
91.4732221000013,1779880559.457767,732.421875,200000,0.0,0.0,0.0,2
91.69572950000293,1779880559.680274,732.421875,200000,0.0,0.0,0.0,2
91.91150930000003,1779880559.8960543,732.421875,200000,0.0,0.0,0.0,2
92.08856200000446,1779880560.073107,732.421875,200000,0.0,0.0,0.0,2
92.27527860000555,1779880560.2598233,732.421875,200000,0.0,0.0,0.0,2
92.5090596999944,1779880560.4936047,732.421875,200000,0.0,0.0,0.0,2
92.68913159999647,1779880560.673676,732.421875,200000,0.0,0.0,0.0,2
92.87331670000276,1779880560.857861,732.421875,200000,0.0,0.0,0.0,2
93.10307250000187,1779880561.087617,732.421875,200000,0.0,0.0,0.0,2
93.28849380000611,1779880561.2730386,732.421875,200000,0.0,0.0,0.0,2
93.47332679999818,1779880561.4578712,732.421875,200000,0.0,0.0,0.0,2
93.70333550000214,1779880561.6878796,732.421875,200000,0.0,0.0,0.0,2
93.88858620000246,1779880561.873131,732.421875,200000,0.0,0.0,0.0,2
94.0729197000037,1779880562.0574644,732.421875,200000,0.0,0.0,0.0,2
94.2542950000061,1779880562.2388403,732.421875,200000,0.0,0.0,0.0,2
94.48851819999982,1779880562.4730628,732.421875,200000,0.0,0.0,0.0,2
94.669516199996,1779880562.654061,732.421875,200000,0.0,0.0,0.0,2
94.85458010000002,1779880562.8391247,732.421875,200000,0.0,0.0,0.0,2
95.08807149999484,1779880563.0726163,732.421875,200000,0.0,0.0,0.0,2
95.26879830000689,1779880563.2533433,732.421875,200000,0.0,0.0,0.0,2
95.45372740000312,1779880563.438272,732.421875,200000,0.0,0.0,0.0,2
95.6450618999952,1779880563.629607,732.421875,200000,0.0,0.0,0.0,2
95.86920909999753,1779880563.8537536,732.421875,200000,0.0,0.0,0.0,2
96.05555150000146,1779880564.040096,732.421875,200000,0.0,0.0,0.0,2
96.25308189999487,1779880564.2376263,732.421875,200000,0.0,0.0,0.0,2
96.46802109999408,1779880564.452566,732.421875,200000,0.0,0.0,0.0,2
96.65159399999538,1779880564.6361392,732.421875,200000,0.0,0.0,0.0,2
96.88532790000318,1779880564.869873,732.421875,200000,0.0,0.0,0.0,2
97.05876070000522,1779880565.0433056,732.421875,200000,0.0,0.0,0.0,2
97.25041550000606,1779880565.23496,732.421875,200000,0.0,0.0,0.0,2
97.43611870000314,1779880565.4206634,732.421875,200000,0.0,0.0,0.0,2
97.6908653999999,1779880565.67541,732.421875,200000,0.0,0.0,0.0,2
97.83472450000409,1779880565.8192692,732.421875,200000,0.0,0.0,0.0,2
98.04462660000718,1779880566.0291712,732.421875,200000,0.0,0.0,0.0,2
98.26255549999769,1779880566.2471,732.421875,200000,0.0,0.0,0.0,2
98.43872439999541,1779880566.4232686,732.421875,200000,0.0,0.0,0.0,2
98.6871528000047,1779880566.671698,732.421875,200000,0.0,0.0,0.0,2
98.86241859999427,1779880566.8469634,732.421875,200000,0.0,0.0,0.0,2
99.03988260000187,1779880567.0244274,732.421875,200000,0.0,0.0,0.0,2
99.22974939999403,1779880567.2142947,732.421875,200000,0.0,0.0,0.0,2
99.46229199999652,1779880567.4468367,732.421875,200000,0.0,0.0,0.0,2
99.6992137000052,1779880567.6837587,732.421875,200000,0.0,0.0,0.0,2
99.88069489999907,1779880567.8652399,732.421875,200000,0.0,0.0,0.0,2
100.05525859999761,1779880568.0398028,732.421875,200000,0.0,0.0,0.0,2
100.2397318000003,1779880568.2242765,732.421875,200000,0.0,0.0,0.0,2
100.429341199997,1779880568.4138875,732.421875,200000,0.0,0.0,0.0,2
100.66665290000674,1779880568.6511977,732.421875,200000,0.0,0.0,0.0,2
100.81172349999542,1779880568.7962701,732.421875,200000,0.0,0.0,0.0,2
101.03551119999611,1779880569.0200562,732.421875,200000,0.0,0.0,0.0,2
101.25455870000587,1779880569.2391036,732.421875,200000,0.0,0.0,0.0,2
101.41852279999875,1779880569.4030674,732.421875,200000,0.0,0.0,0.0,2
101.68247129999509,1779880569.6670177,732.421875,200000,0.0,0.0,0.0,2
101.8047360000055,1779880569.7892807,732.421875,200000,0.0,0.0,0.0,2
102.03530180000234,1779880570.0198464,732.421875,200000,0.0,0.0,0.0,2
102.2144386,1779880570.1989832,732.421875,200000,0.0,0.0,0.0,2
102.4114702000079,1779880570.3960152,732.421875,200000,0.0,0.0,0.0,2
102.69361269999354,1779880570.678157,732.421875,200000,0.0,0.0,0.0,2
102.82305880000058,1779880570.8076034,732.421875,200000,0.0,0.0,0.0,2
103.00287240000034,1779880570.9874175,732.421875,200000,0.0,0.0,0.0,2
103.20786090000183,1779880571.1924062,732.421875,200000,0.0,0.0,0.0,2
103.40037129999837,1779880571.3849158,732.421875,200000,0.0,0.0,0.0,2
103.67221879999852,1779880571.6567647,732.421875,200000,0.0,0.0,0.0,2
103.82470159999502,1779880571.8092468,732.421875,200000,0.0,0.0,0.0,2
104.01608909999777,1779880572.0006359,732.421875,200000,0.0,0.0,0.0,2
104.19378020000295,1779880572.1783254,732.421875,200000,0.0,0.0,0.0,2
104.44139140000334,1779880572.425938,732.421875,200000,0.0,0.0,0.0,2
104.6721608999942,1779880572.6567059,732.421875,200000,0.0,0.0,0.0,2
104.7946981999994,1779880572.7792435,732.421875,200000,0.0,0.0,0.0,2
105.03377660000115,1779880573.0183218,732.421875,200000,0.0,0.0,0.0,2
105.18935319999582,1779880573.173898,732.421875,200000,0.0,0.0,0.0,2
105.4045397000009,1779880573.389084,732.421875,200000,0.0,0.0,0.0,2
105.69377090000489,1779880573.6783159,732.421875,200000,0.0,0.0,0.0,2
105.81034100000397,1779880573.794886,732.421875,200000,0.0,0.0,0.0,2
105.99792930000694,1779880573.982474,732.421875,200000,0.0,0.0,0.0,2
106.1807387000008,1779880574.1652853,732.421875,200000,0.0,0.0,0.0,2
106.38204700000642,1779880574.366592,732.421875,200000,0.0,0.0,0.0,2
106.65179469999566,1779880574.636342,732.421875,200000,0.0,0.0,0.0,2
106.78558389999671,1779880574.7701285,732.421875,200000,0.0,0.0,0.0,2
106.97557720000623,1779880574.9601226,732.421875,200000,0.0,0.0,0.0,2
107.19912459999614,1779880575.183669,732.421875,200000,0.0,0.0,0.0,2
107.37295350000204,1779880575.3574986,732.421875,200000,0.0,0.0,0.0,2
107.67225560000225,1779880575.6568007,732.421875,200000,0.0,0.0,0.0,2
107.81126010000298,1779880575.7958052,732.421875,200000,0.0,0.0,0.0,2
108.0213259000011,1779880576.0058696,732.421875,200000,0.0,0.0,0.0,2
108.19787240000733,1779880576.1824164,732.421875,200000,0.0,0.0,0.0,2
108.38524079999479,1779880576.3697858,732.421875,200000,0.0,0.0,0.0,2
108.62100290000672,1779880576.6055467,732.421875,200000,0.0,0.0,0.0,2
108.8045729000005,1779880576.789118,732.421875,200000,0.0,0.0,0.0,2
108.97599740000442,1779880576.9605412,732.421875,200000,0.0,0.0,0.0,2
109.1706669999985,1779880577.1552105,732.421875,200000,0.0,0.0,0.0,2
109.39857170000323,1779880577.3831167,732.421875,200000,0.0,0.0,0.0,2
109.60012319999805,1779880577.584667,732.421875,200000,0.0,0.0,0.0,2
109.75878530000045,1779880577.7433288,732.421875,200000,0.0,0.0,0.0,2
110.00026050000452,1779880577.9848044,732.421875,200000,0.0,0.0,0.0,2
110.17544300000009,1779880578.1599865,732.421875,200000,0.0,0.0,0.0,2
110.36390009999741,1779880578.3484447,732.421875,200000,0.0,0.0,0.0,2
110.65923910000129,1779880578.643784,732.421875,200000,0.0,0.0,0.0,2
110.77972750000481,1779880578.7642722,732.421875,200000,0.0,0.0,0.0,2
110.95899739999732,1779880578.943541,732.421875,200000,0.0,0.0,0.0,2
111.14514890000282,1779880579.1296937,732.421875,200000,0.0,0.0,0.0,2
111.37149400000635,1779880579.3560376,732.421875,200000,0.0,0.0,0.0,2
111.61826060000749,1779880579.6028056,732.421875,200000,0.0,0.0,0.0,2
111.75210640000296,1779880579.7366512,732.421875,200000,0.0,0.0,0.0,2
111.97783970000455,1779880579.962385,732.421875,200000,0.0,0.0,0.0,2
112.15210360000492,1779880580.136647,732.421875,200000,0.0,0.0,0.0,2
112.33894180000061,1779880580.323486,732.421875,200000,0.0,0.0,0.0,2
112.5785387000069,1779880580.563084,732.421875,200000,0.0,0.0,0.0,2
112.75088130000222,1779880580.735425,732.421875,200000,0.0,0.0,0.0,2
112.94588899999508,1779880580.9304333,732.421875,200000,0.0,0.0,0.0,2
113.13708260000567,1779880581.1216269,732.421875,200000,0.0,0.0,0.0,2
113.35303549999662,1779880581.3375797,732.421875,200000,0.0,0.0,0.0,2
113.56659869999567,1779880581.5511436,732.421875,200000,0.0,0.0,0.0,2
113.77638080000179,1779880581.760926,732.421875,200000,0.0,0.0,0.0,2
113.9513086000079,1779880581.9358535,732.421875,200000,0.0,0.0,0.0,2
114.19108279999637,1779880582.175627,732.421875,200000,0.0,0.0,0.0,2
114.37863740000466,1779880582.363183,732.421875,200000,0.0,0.0,0.0,2
114.61042250000173,1779880582.5949678,732.421875,200000,0.0,0.0,0.0,2
114.73790710000321,1779880582.7224512,732.421875,200000,0.0,0.0,0.0,2
114.97046719999344,1779880582.9550116,732.421875,200000,0.0,0.0,0.0,2
115.15068730000348,1779880583.135232,732.421875,200000,0.0,0.0,0.0,2
115.33943589999399,1779880583.3239803,732.421875,200000,0.0,0.0,0.0,2
115.56723840000632,1779880583.5517821,732.421875,200000,0.0,0.0,0.0,2
115.75041700000293,1779880583.7349622,732.421875,200000,0.0,0.0,0.0,2
115.93278790000477,1779880583.9173334,732.421875,200000,0.0,0.0,0.0,2
116.16928499999631,1779880584.1538298,732.421875,200000,0.0,0.0,0.0,2
116.35476659999404,1779880584.3393118,732.421875,200000,0.0,0.0,0.0,2
116.59255159999884,1779880584.5770972,732.421875,200000,0.0,0.0,0.0,2
116.76622230000794,1779880584.7507675,732.421875,200000,0.0,0.0,0.0,2
116.95196400000714,1779880584.9365098,732.421875,200000,0.0,0.0,0.0,2
117.12552810000489,1779880585.1100733,732.421875,200000,0.0,0.0,0.0,2
117.3222725999949,1779880585.3068173,732.421875,200000,0.0,0.0,0.0,2
117.5595897000021,1779880585.544135,732.421875,200000,0.0,0.0,0.0,2
117.72820690000663,1779880585.7127512,732.421875,200000,0.0,0.0,0.0,2
117.96346400000039,1779880585.9480078,732.421875,200000,0.0,0.0,0.0,2
118.14648260000104,1779880586.1310263,732.421875,200000,0.0,0.0,0.0,2
118.32799059999525,1779880586.3125353,732.421875,200000,0.0,0.0,0.0,2
118.56752870000491,1779880586.5520744,732.421875,200000,0.0,0.0,0.0,2
118.74571170000127,1779880586.7302566,732.421875,200000,0.0,0.0,0.0,2
118.92215159999614,1779880586.9066954,732.421875,200000,0.0,0.0,0.0,2
119.1050108000054,1779880587.089554,732.421875,200000,0.0,0.0,0.0,2
119.29690250000567,1779880587.281448,732.421875,200000,0.0,0.0,0.0,2
119.5306247999979,1779880587.5151699,732.421875,200000,0.0,0.0,0.0,2
119.71031249999942,1779880587.6948583,732.421875,200000,0.0,0.0,0.0,2
119.94111119999434,1779880587.925655,732.421875,200000,0.0,0.0,0.0,2
120.12138070000219,1779880588.1059244,732.421875,200000,0.0,0.0,0.0,2
120.3026494000078,1779880588.287193,732.421875,200000,0.0,0.0,0.0,2
120.54496860000654,1779880588.5295138,732.421875,200000,0.0,0.0,0.0,2
120.71921460000158,1779880588.703758,732.421875,200000,0.0,0.0,0.0,2
120.90132509999967,1779880588.88587,732.421875,200000,0.0,0.0,0.0,2
121.09651160000067,1779880589.0810568,732.421875,200000,0.0,0.0,0.0,2
121.32345229999919,1779880589.3079972,732.421875,200000,0.0,0.0,0.0,2
121.51026039999851,1779880589.4948041,732.421875,200000,0.0,0.0,0.0,2
121.73875790000602,1779880589.7233014,732.421875,200000,0.0,0.0,0.0,2
121.92480750000686,1779880589.909353,732.421875,200000,0.0,0.0,0.0,2
122.10141610000574,1779880590.0859609,732.421875,200000,0.0,0.0,0.0,2
122.2916785999987,1779880590.2762232,732.421875,200000,0.0,0.0,0.0,2
122.52137329999823,1779880590.5059187,732.421875,200000,0.0,0.0,0.0,2
122.70008569999482,1779880590.684631,732.421875,200000,0.0,0.0,0.0,2
122.93849060000503,1779880590.9230344,732.421875,200000,0.0,0.0,0.0,2
123.12075659999391,1779880591.105302,732.421875,200000,0.0,0.0,0.0,2
123.29906999999366,1779880591.2836149,732.421875,200000,0.0,0.0,0.0,2
123.54256879999593,1779880591.5271137,732.421875,200000,0.0,0.0,0.0,2
123.67433949999395,1779880591.6588838,732.421875,200000,0.0,0.0,0.0,2
123.89598630000546,1779880591.8805308,732.421875,200000,0.0,0.0,0.0,2
124.08104689999891,1779880592.065592,732.421875,200000,0.0,0.0,0.0,2
124.28007409999555,1779880592.2646194,732.421875,200000,0.0,0.0,0.0,2
124.49587430000247,1779880592.4804182,732.421875,200000,0.0,0.0,0.0,2
124.68278160000045,1779880592.6673265,732.421875,200000,0.0,0.0,0.0,2
124.91850770000019,1779880592.9030528,732.421875,200000,0.0,0.0,0.0,2
125.09630200000538,1779880593.080846,732.421875,200000,0.0,0.0,0.0,2
125.27567920000001,1779880593.2602234,732.421875,200000,0.0,0.0,0.0,2
125.47475850000046,1779880593.459303,732.421875,200000,0.0,0.0,0.0,2
125.69855559999996,1779880593.6831005,732.421875,200000,0.0,0.0,0.0,2
125.87946219999867,1779880593.8640075,732.421875,200000,0.0,0.0,0.0,2
126.06374820000201,1779880594.0482936,732.421875,200000,0.0,0.0,0.0,2
126.29645969999547,1779880594.281005,732.421875,200000,0.0,0.0,0.0,2
126.48161190000246,1779880594.4661565,732.421875,200000,0.0,0.0,0.0,2
126.66005049999512,1779880594.6445956,732.421875,200000,0.0,0.0,0.0,2
126.89436380000552,1779880594.878909,732.421875,200000,0.0,0.0,0.0,2
127.07353949999379,1779880595.0580842,732.421875,200000,0.0,0.0,0.0,2
127.3097345999995,1779880595.2942781,732.421875,200000,0.0,0.0,0.0,2
127.49248380000063,1779880595.4770284,732.421875,200000,0.0,0.0,0.0,2
127.67238010000437,1779880595.6569233,732.421875,200000,0.0,0.0,0.0,2
127.85924160000286,1779880595.8437865,732.421875,200000,0.0,0.0,0.0,2
128.05429990000266,1779880596.0388434,732.421875,200000,0.0,0.0,0.0,2
128.27079930000764,1779880596.2553449,732.421875,200000,0.0,0.0,0.0,2
128.4682790999941,1779880596.4528239,732.421875,200000,0.0,0.0,0.0,2
128.64350629999535,1779880596.6280522,732.421875,200000,0.0,0.0,0.0,2
128.87549980000767,1779880596.8600447,732.421875,200000,0.0,0.0,0.0,2
129.05371659999946,1779880597.0382617,732.421875,200000,0.0,0.0,0.0,2
129.24554649999482,1779880597.2300913,732.421875,200000,0.0,0.0,0.0,2
129.47214100000565,1779880597.456686,732.421875,200000,0.0,0.0,0.0,2
129.64883479999844,1779880597.6333785,732.421875,200000,0.0,0.0,0.0,2
129.83427320000192,1779880597.818818,732.421875,200000,0.0,0.0,0.0,2
130.06611220000195,1779880598.050656,732.421875,200000,0.0,0.0,0.0,2
130.2525972000003,1779880598.237142,732.421875,200000,0.0,0.0,0.0,2
130.439999299997,1779880598.4245448,732.421875,200000,0.0,0.0,0.0,2
130.62900280000758,1779880598.6135476,732.421875,200000,0.0,0.0,0.0,2
130.85063400000217,1779880598.835179,732.421875,200000,0.0,0.0,0.0,2
131.0427250000066,1779880599.02727,732.421875,200000,0.0,0.0,0.0,2
131.2696825000021,1779880599.254228,732.421875,200000,0.0,0.0,0.0,2
131.45151359999727,1779880599.4360597,732.421875,200000,0.0,0.0,0.0,2
131.631870600002,1779880599.616416,732.421875,200000,0.0,0.0,0.0,2
131.82076519999828,1779880599.8053098,732.421875,200000,0.0,0.0,0.0,2
132.050026900004,1779880600.0345721,732.421875,200000,0.0,0.0,0.0,2
132.23215929999424,1779880600.216704,732.421875,200000,0.0,0.0,0.0,2
132.46957620000467,1779880600.4541209,732.421875,200000,0.0,0.0,0.0,2
132.64242319999903,1779880600.6269672,732.421875,200000,0.0,0.0,0.0,2
132.83070609999413,1779880600.8152518,732.421875,200000,0.0,0.0,0.0,2
133.06436459999532,1779880601.0489085,732.421875,200000,0.0,0.0,0.0,2
133.24192329999642,1779880601.2264674,732.421875,200000,0.0,0.0,0.0,2
133.4278587000008,1779880601.4124038,732.421875,200000,0.0,0.0,0.0,2
133.61912170000141,1779880601.6036668,732.421875,200000,0.0,0.0,0.0,2
133.84951090000686,1779880601.8340561,732.421875,200000,0.0,0.0,0.0,2
134.0216073000047,1779880602.0061514,732.421875,200000,0.0,0.0,0.0,2
134.2134331999987,1779880602.1979787,732.421875,200000,0.0,0.0,0.0,2
134.4468235999957,1779880602.4313684,732.421875,200000,0.0,0.0,0.0,2
134.62336529999448,1779880602.60791,732.421875,200000,0.0,0.0,0.0,2
134.8114862000075,1779880602.7960308,732.421875,200000,0.0,0.0,0.0,2
135.0030095999973,1779880602.9875548,732.421875,200000,0.0,0.0,0.0,2
135.2181505000044,1779880603.2026942,732.421875,200000,0.0,0.0,0.0,2
135.41621009999653,1779880603.4007552,732.421875,200000,0.0,0.0,0.0,2
135.64162270000088,1779880603.6261678,732.421875,200000,0.0,0.0,0.0,2
135.82283800000732,1779880603.807383,732.421875,200000,0.0,0.0,0.0,2
136.00399480000488,1779880603.988538,732.421875,200000,0.0,0.0,0.0,2
136.19504970000708,1779880604.1795933,732.421875,200000,0.0,0.0,0.0,2
136.42744780000066,1779880604.4119933,732.421875,200000,0.0,0.0,0.0,2
136.59808880000492,1779880604.5826323,732.421875,200000,0.0,0.0,0.0,2
136.83633819999523,1779880604.8208818,732.421875,200000,0.0,0.0,0.0,2
137.0185041000077,1779880605.003049,732.421875,200000,0.0,0.0,0.0,2
137.26399039999524,1779880605.2485342,732.421875,200000,0.0,0.0,0.0,2
137.44307999999728,1779880605.4276252,732.421875,200000,0.0,0.0,0.0,2
137.61669700000493,1779880605.6012406,732.421875,200000,0.0,0.0,0.0,2
137.79775519999384,1779880605.782299,732.421875,200000,0.0,0.0,0.0,2
138.04106879999745,1779880606.0256174,732.421875,200000,0.0,0.0,0.0,2
138.2194707000017,1779880606.2040162,732.421875,200000,0.0,0.0,0.0,2
138.40109149999626,1779880606.3856363,732.421875,200000,0.0,0.0,0.0,2
138.5838642000017,1779880606.5684094,732.421875,200000,0.0,0.0,0.0,2
138.81971090000297,1779880606.8042557,732.421875,200000,0.0,0.0,0.0,2
138.9951873999962,1779880606.9797308,732.421875,200000,0.0,0.0,0.0,2
139.23301440000068,1779880607.2175584,732.421875,200000,0.0,0.0,0.0,2
139.4167591000005,1779880607.4013028,732.421875,200000,0.0,0.0,0.0,2
139.59367630000634,1779880607.578221,732.421875,200000,0.0,0.0,0.0,2
139.78237090000766,1779880607.7669144,732.421875,200000,0.0,0.0,0.0,2
140.0153455999971,1779880607.9998894,732.421875,200000,0.0,0.0,0.0,2
140.19865190000564,1779880608.1831963,732.421875,200000,0.0,0.0,0.0,2
140.3843274999963,1779880608.3688724,732.421875,200000,0.0,0.0,0.0,2
140.57460900000297,1779880608.5591528,732.421875,200000,0.0,0.0,0.0,2
140.79660919999878,1779880608.7811544,732.421875,200000,0.0,0.0,0.0,2
140.9846566000051,1779880608.9692013,732.421875,200000,0.0,0.0,0.0,2
141.21731710000313,1779880609.2018626,732.421875,200000,0.0,0.0,0.0,2
141.39488019999408,1779880609.3794253,732.421875,200000,0.0,0.0,0.0,2
141.5692229999986,1779880609.5537667,732.421875,200000,0.0,0.0,0.0,2
141.80915889999596,1779880609.7937026,732.421875,200000,0.0,0.0,0.0,2
141.99319199999445,1779880609.977736,732.421875,200000,0.0,0.0,0.0,2
142.17682560000685,1779880610.161369,732.421875,200000,0.0,0.0,0.0,2
142.35952670000552,1779880610.3440704,732.421875,200000,0.0,0.0,0.0,2
142.59087349999754,1779880610.5754185,732.421875,200000,0.0,0.0,0.0,2
142.774716800006,1779880610.7592618,732.421875,200000,0.0,0.0,0.0,2
142.9655977000075,1779880610.9501433,732.421875,200000,0.0,0.0,0.0,2
143.1569152000011,1779880611.1414587,732.421875,200000,0.0,0.0,0.0,2
143.37199189999956,1779880611.3565366,732.421875,200000,0.0,0.0,0.0,2
143.60821920000308,1779880611.592763,732.421875,200000,0.0,0.0,0.0,2
143.7873527000047,1779880611.7718964,732.421875,200000,0.0,0.0,0.0,2
143.96828339999774,1779880611.9528284,732.421875,200000,0.0,0.0,0.0,2
144.21337139999378,1779880612.1979167,732.421875,200000,0.0,0.0,0.0,2
144.38709629999357,1779880612.37164,732.421875,200000,0.0,0.0,0.0,2
144.56822129999637,1779880612.5527651,732.421875,200000,0.0,0.0,0.0,2
144.75404549999803,1779880612.7385898,732.421875,200000,0.0,0.0,0.0,2
144.99116200000572,1779880612.9757073,732.421875,200000,0.0,0.0,0.0,2
145.16597360000014,1779880613.1505172,732.421875,200000,0.0,0.0,0.0,2
145.3544702000072,1779880613.3390157,732.421875,200000,0.0,0.0,0.0,2
145.54366920000757,1779880613.5282125,732.421875,200000,0.0,0.0,0.0,2
145.76814190000005,1779880613.7526872,732.421875,200000,0.0,0.0,0.0,2
145.9571649999998,1779880613.9417102,732.421875,200000,0.0,0.0,0.0,2
146.18644370000402,1779880614.1709876,732.421875,200000,0.0,0.0,0.0,2
146.3394369000016,1779880614.3239813,732.421875,200000,0.0,0.0,0.0,2
146.55191470000136,1779880614.5364587,732.421875,200000,0.0,0.0,0.0,2
146.78378490000614,1779880614.7683303,732.421875,200000,0.0,0.0,0.0,2
146.96371130000625,1779880614.948255,732.421875,200000,0.0,0.0,0.0,2
147.14776229999552,1779880615.1323075,732.421875,200000,0.0,0.0,0.0,2
147.3847642000037,1779880615.3693078,732.421875,200000,0.0,0.0,0.0,2
147.56232050000108,1779880615.5468643,732.421875,200000,0.0,0.0,0.0,2
147.7439419000002,1779880615.7284858,732.421875,200000,0.0,0.0,0.0,2
147.92823710000084,1779880615.9127822,732.421875,200000,0.0,0.0,0.0,2
148.16386080000666,1779880616.1484058,732.421875,200000,0.0,0.0,0.0,2
148.3450101000053,1779880616.3295555,732.421875,200000,0.0,0.0,0.0,2
148.58217730000615,1779880616.5667212,732.421875,200000,0.0,0.0,0.0,2
148.7599332999962,1779880616.7444782,732.421875,200000,0.0,0.0,0.0,2
148.94491999999445,1779880616.9294655,732.421875,200000,0.0,0.0,0.0,2
149.12493689999974,1779880617.1094813,732.421875,200000,0.0,0.0,0.0,2
149.36552580000716,1779880617.3500705,732.421875,200000,0.0,0.0,0.0,2
149.545371900007,1779880617.5299168,732.421875,200000,0.0,0.0,0.0,2
149.7273203000077,1779880617.7118642,732.421875,200000,0.0,0.0,0.0,2
149.91842390000238,1779880617.902969,732.421875,200000,0.0,0.0,0.0,2
150.1409452999942,1779880618.1254907,732.421875,200000,0.0,0.0,0.0,2
150.31806109999889,1779880618.302605,732.421875,200000,0.0,0.0,0.0,2
150.5613696000073,1779880618.5459142,732.421875,200000,0.0,0.0,0.0,2
150.73919860000024,1779880618.723743,732.421875,200000,0.0,0.0,0.0,2
150.92749309999635,1779880618.9120383,732.421875,200000,0.0,0.0,0.0,2
151.10898800000723,1779880619.0935326,732.421875,200000,0.0,0.0,0.0,2
151.33607130000019,1779880619.320615,732.421875,200000,0.0,0.0,0.0,2
151.5209415999998,1779880619.5054862,732.421875,200000,0.0,0.0,0.0,2
151.7124690000055,1779880619.6970124,732.421875,200000,0.0,0.0,0.0,2
151.94312450000143,1779880619.92767,732.421875,200000,0.0,0.0,0.0,2
152.12195109999448,1779880620.1064963,732.421875,200000,0.0,0.0,0.0,2
152.30652700000792,1779880620.2910724,732.421875,200000,0.0,0.0,0.0,2
152.5347574000043,1779880620.5193012,732.421875,200000,0.0,0.0,0.0,2
152.71728349999466,1779880620.7018287,732.421875,200000,0.0,0.0,0.0,2
152.90833000000566,1779880620.8928757,732.421875,200000,0.0,0.0,0.0,2
153.1392124999984,1779880621.123757,732.421875,200000,0.0,0.0,0.0,2
153.31925169999886,1779880621.3037963,732.421875,200000,0.0,0.0,0.0,2
153.4967461000051,1779880621.4812894,732.421875,200000,0.0,0.0,0.0,2
153.73712990000786,1779880621.721675,732.421875,200000,0.0,0.0,0.0,2
153.91795329999877,1779880621.902498,732.421875,200000,0.0,0.0,0.0,2
154.10218400000304,1779880622.0867288,732.421875,200000,0.0,0.0,0.0,2
154.2942061000067,1779880622.2787507,732.421875,200000,0.0,0.0,0.0,2
154.51602270000149,1779880622.5005667,732.421875,200000,0.0,0.0,0.0,2
154.70122600000468,1779880622.6857712,732.421875,200000,0.0,0.0,0.0,2
154.93391310000152,1779880622.9184575,732.421875,200000,0.0,0.0,0.0,2
155.11766770000395,1779880623.1022127,732.421875,200000,0.0,0.0,0.0,2
155.3563534999994,1779880623.3408985,732.421875,200000,0.0,0.0,0.0,2
155.53123900000355,1779880623.515783,732.421875,200000,0.0,0.0,0.0,2
155.71418619999895,1779880623.6987314,732.421875,200000,0.0,0.0,0.0,2
155.89526439999463,1779880623.8798096,732.421875,200000,0.0,0.0,0.0,2
156.13938819999748,1779880624.1239338,732.421875,200000,0.0,0.0,0.0,2
156.31261160000577,1779880624.297156,732.421875,200000,0.0,0.0,0.0,2
156.49345399999584,1779880624.4779983,732.421875,200000,0.0,0.0,0.0,2
156.68183200000203,1779880624.6663778,732.421875,200000,0.0,0.0,0.0,2
156.908368599994,1779880624.8929124,732.421875,200000,0.0,0.0,0.0,2
157.09016910000355,1779880625.074713,732.421875,200000,0.0,0.0,0.0,2
157.33813040000678,1779880625.3226752,732.421875,200000,0.0,0.0,0.0,2
157.51303929999995,1779880625.4975846,732.421875,200000,0.0,0.0,0.0,2
157.6865117999987,1779880625.6710577,732.421875,200000,0.0,0.0,0.0,2
157.87801529999706,1779880625.8625607,732.421875,200000,0.0,0.0,0.0,2
158.10639220000303,1779880626.0909367,732.421875,200000,0.0,0.0,0.0,2
158.29279930000484,1779880626.2773447,732.421875,200000,0.0,0.0,0.0,2
158.47551560000284,1779880626.4600606,732.421875,200000,0.0,0.0,0.0,2
158.66818170000624,1779880626.6527264,732.421875,200000,0.0,0.0,0.0,2
158.8912726999988,1779880626.875818,732.421875,200000,0.0,0.0,0.0,2
159.07335890000104,1779880627.0579033,732.421875,200000,0.0,0.0,0.0,2
159.31076219999522,1779880627.2953079,732.421875,200000,0.0,0.0,0.0,2
159.4840935999964,1779880627.4686372,732.421875,200000,0.0,0.0,0.0,2
159.72950929999934,1779880627.7140546,732.421875,200000,0.0,0.0,0.0,2
159.90562150000187,1779880627.890165,732.421875,200000,0.0,0.0,0.0,2
160.0882025000028,1779880628.0727477,732.421875,200000,0.0,0.0,0.0,2
160.26591040000494,1779880628.2504542,732.421875,200000,0.0,0.0,0.0,2
160.4536788999976,1779880628.4382238,732.421875,200000,0.0,0.0,0.0,2
160.68534910000744,1779880628.6698937,732.421875,200000,0.0,0.0,0.0,2
160.8723398000002,1779880628.8568838,732.421875,200000,0.0,0.0,0.0,2
161.05563279999478,1779880629.0401762,732.421875,200000,0.0,0.0,0.0,2
161.24801979999756,1779880629.2325633,732.421875,200000,0.0,0.0,0.0,2
161.4668321000063,1779880629.4513772,732.421875,200000,0.0,0.0,0.0,2
161.7054891000007,1779880629.6900334,732.421875,200000,0.0,0.0,0.0,2
161.88424790000136,1779880629.8687918,732.421875,200000,0.0,0.0,0.0,2
162.06463740000618,1779880630.0491822,732.421875,200000,0.0,0.0,0.0,2
162.25338710000506,1779880630.2379317,732.421875,200000,0.0,0.0,0.0,2
162.44268760000705,1779880630.4272325,732.421875,200000,0.0,0.0,0.0,2
162.6595382999949,1779880630.6440818,732.421875,200000,0.0,0.0,0.0,2
162.8508443000028,1779880630.8353894,732.421875,200000,0.0,0.0,0.0,2
163.08213100000285,1779880631.066676,732.421875,200000,0.0,0.0,0.0,2
163.2631240000046,1779880631.247669,732.421875,200000,0.0,0.0,0.0,2
163.44673490000423,1779880631.4312782,732.421875,200000,0.0,0.0,0.0,2
163.67848459999368,1779880631.663029,732.421875,200000,0.0,0.0,0.0,2
163.8603296999936,1779880631.8448753,732.421875,200000,0.0,0.0,0.0,2
164.0403643000027,1779880632.0249093,732.421875,200000,0.0,0.0,0.0,2
164.23948410000594,1779880632.2240283,732.421875,200000,0.0,0.0,0.0,2
164.46112439999706,1779880632.4456694,732.421875,200000,0.0,0.0,0.0,2
164.64500170000247,1779880632.6295462,732.421875,200000,0.0,0.0,0.0,2
164.82933239999693,1779880632.813877,732.421875,200000,0.0,0.0,0.0,2
165.05993879999733,1779880633.0444832,732.421875,200000,0.0,0.0,0.0,2
165.24193030000606,1779880633.2264745,732.421875,200000,0.0,0.0,0.0,2
165.43391589999374,1779880633.4184597,732.421875,200000,0.0,0.0,0.0,2
165.65918519999832,1779880633.6437297,732.421875,200000,0.0,0.0,0.0,2
165.8365635999944,1779880633.8211076,732.421875,200000,0.0,0.0,0.0,2
166.02354199999536,1779880634.0080874,732.421875,200000,0.0,0.0,0.0,2
166.25896340000327,1779880634.2435102,732.421875,200000,0.0,0.0,0.0,2
166.43827739999688,1779880634.4228222,732.421875,200000,0.0,0.0,0.0,2
166.68356059999496,1779880634.6681051,732.421875,200000,0.0,0.0,0.0,2
166.8182039999956,1779880634.802749,732.421875,200000,0.0,0.0,0.0,2
167.03677409999364,1779880635.0213194,732.421875,200000,0.0,0.0,0.0,2
167.22859240000253,1779880635.2131367,732.421875,200000,0.0,0.0,0.0,2
167.45829429999867,1779880635.4428394,732.421875,200000,0.0,0.0,0.0,2
167.63571909999882,1779880635.620263,732.421875,200000,0.0,0.0,0.0,2
167.81763960000535,1779880635.8021836,732.421875,200000,0.0,0.0,0.0,2
168.06399759999476,1779880636.0485444,732.421875,200000,0.0,0.0,0.0,2
168.23422450000362,1779880636.21877,732.421875,200000,0.0,0.0,0.0,2
168.41730339999776,1779880636.4018486,732.421875,200000,0.0,0.0,0.0,2
168.66279349999968,1779880636.6473384,732.421875,200000,0.0,0.0,0.0,2
168.80473980000534,1779880636.789285,732.421875,200000,0.0,0.0,0.0,2
169.01855150000483,1779880637.003096,732.421875,200000,0.0,0.0,0.0,2
169.25264819999575,1779880637.2371929,732.421875,200000,0.0,0.0,0.0,2
169.43195739999646,1779880637.4165018,732.421875,200000,0.0,0.0,0.0,2
169.61395929999708,1779880637.5985048,732.421875,200000,0.0,0.0,0.0,2
169.79821409999568,1779880637.7827585,732.421875,200000,0.0,0.0,0.0,2
170.00189220000175,1779880637.9864368,732.421875,200000,0.0,0.0,0.0,2
170.21242510000593,1779880638.19697,732.421875,200000,0.0,0.0,0.0,2
170.40026789999683,1779880638.3848133,732.421875,200000,0.0,0.0,0.0,2
170.62913499999559,1779880638.61368,732.421875,200000,0.0,0.0,0.0,2
170.81152920000022,1779880638.7960727,732.421875,200000,0.0,0.0,0.0,2
170.99584190000314,1779880638.9803867,732.421875,200000,0.0,0.0,0.0,2
171.23177790000045,1779880639.2163227,732.421875,200000,0.0,0.0,0.0,2
171.4113279000012,1779880639.395874,732.421875,200000,0.0,0.0,0.0,2
171.64729870000156,1779880639.6318424,732.421875,200000,0.0,0.0,0.0,2
171.78588460000174,1779880639.7704294,732.421875,200000,0.0,0.0,0.0,2
172.00873539999884,1779880639.9932814,732.421875,200000,0.0,0.0,0.0,2
172.18843039999774,1779880640.1729755,732.421875,200000,0.0,0.0,0.0,2
172.4264339999936,1779880640.4109774,732.421875,200000,0.0,0.0,0.0,2
172.66898129999754,1779880640.6535263,732.421875,200000,0.0,0.0,0.0,2
172.79104179999558,1779880640.7755876,732.421875,200000,0.0,0.0,0.0,2
173.0280206000025,1779880641.0125656,732.421875,200000,0.0,0.0,0.0,2
173.2050920000038,1779880641.1896372,732.421875,200000,0.0,0.0,0.0,2
173.38818229999742,1779880641.3727279,732.421875,200000,0.0,0.0,0.0,2
173.57025430000795,1779880641.5547986,732.421875,200000,0.0,0.0,0.0,2
173.8070837999985,1779880641.7916296,732.421875,200000,0.0,0.0,0.0,2
173.98811419999402,1779880641.9726598,732.421875,200000,0.0,0.0,0.0,2
174.1752004000009,1779880642.159745,732.421875,200000,0.0,0.0,0.0,2
174.36767930000497,1779880642.352224,732.421875,200000,0.0,0.0,0.0,2
174.64317510000546,1779880642.6277194,732.421875,200000,0.0,0.0,0.0,2
174.82255159999477,1779880642.8071012,732.421875,200000,0.0,0.0,0.0,2
175.00485430000117,1779880642.9893985,732.421875,200000,0.0,0.0,0.0,2
175.18209529999876,1779880643.1666393,732.421875,200000,0.0,0.0,0.0,2
175.3668178999942,1779880643.3513618,732.421875,200000,0.0,0.0,0.0,2
175.66073030000553,1779880643.6452742,732.421875,200000,0.0,0.0,0.0,2
175.78019590000622,1779880643.7647405,732.421875,200000,0.0,0.0,0.0,2
175.9603086999996,1779880643.944852,732.421875,200000,0.0,0.0,0.0,2
176.1606543999951,1779880644.1451986,732.421875,200000,0.0,0.0,0.0,2
176.3843077000056,1779880644.3688521,732.421875,200000,0.0,0.0,0.0,2
176.6203441999969,1779880644.6048884,732.421875,200000,0.0,0.0,0.0,2
176.75897680000344,1779880644.7435205,732.421875,200000,0.0,0.0,0.0,2
176.94852799999353,1779880644.9330714,732.421875,200000,0.0,0.0,0.0,2
177.1596497999999,1779880645.1441932,732.421875,200000,0.0,0.0,0.0,2
177.40490090000094,1779880645.3894467,732.421875,200000,0.0,0.0,0.0,2
177.60235329999705,1779880645.5869095,732.421875,200000,0.0,0.0,0.0,2
177.7618558999966,1779880645.7463996,732.421875,200000,0.0,0.0,0.0,2
177.9490705000062,1779880645.9336152,732.421875,200000,0.0,0.0,0.0,2
178.180540500005,1779880646.1650858,732.421875,200000,0.0,0.0,0.0,2
178.36304050000035,1779880646.3475864,732.421875,200000,0.0,0.0,0.0,2
178.59760839999944,1779880646.582152,732.421875,200000,0.0,0.0,0.0,2
178.77980590000516,1779880646.7643516,732.421875,200000,0.0,0.0,0.0,2
178.96022090000042,1779880646.9447658,732.421875,200000,0.0,0.0,0.0,2
179.14832409999508,1779880647.1328688,732.421875,200000,0.0,0.0,0.0,2
179.38433749999967,1779880647.368884,732.421875,200000,0.0,0.0,0.0,2
179.61915840000438,1779880647.6037037,732.421875,200000,0.0,0.0,0.0,2
179.74300149999908,1779880647.727545,732.421875,200000,0.0,0.0,0.0,2
179.93391320000228,1779880647.9184587,732.421875,200000,0.0,0.0,0.0,2
180.16541119999602,1779880648.1499572,732.421875,200000,0.0,0.0,0.0,2
180.33735010000237,1779880648.3218942,732.421875,200000,0.0,0.0,0.0,2
180.57903459999943,1779880648.5635788,732.421875,200000,0.0,0.0,0.0,2
180.7281318000023,1779880648.7126758,732.421875,200000,0.0,0.0,0.0,2
180.93695730000036,1779880648.9215012,732.421875,200000,0.0,0.0,0.0,2
181.17572749999817,1779880649.1602724,732.421875,200000,0.0,0.0,0.0,2
181.35791049999534,1779880649.3424554,732.421875,200000,0.0,0.0,0.0,2
181.59595309999713,1779880649.5804968,732.421875,200000,0.0,0.0,0.0,2
181.77415219999966,1779880649.7586973,732.421875,200000,0.0,0.0,0.0,2
181.9593351000076,1779880649.9438808,732.421875,200000,0.0,0.0,0.0,2
182.13338319999457,1779880650.1179285,732.421875,200000,0.0,0.0,0.0,2
182.31637440000486,1779880650.3009179,732.421875,200000,0.0,0.0,0.0,2
182.56352490000427,1779880650.548071,732.421875,200000,0.0,0.0,0.0,2
182.7398283000075,1779880650.724373,732.421875,200000,0.0,0.0,0.0,2
182.91752240000642,1779880650.9020665,732.421875,200000,0.0,0.0,0.0,2
183.12446710000222,1779880651.1090117,732.421875,200000,0.0,0.0,0.0,2
183.3411988000007,1779880651.3257444,732.421875,200000,0.0,0.0,0.0,2
183.57259900000645,1779880651.5571444,732.421875,200000,0.0,0.0,0.0,2
183.75623690000793,1779880651.740782,732.421875,200000,0.0,0.0,0.0,2
183.93377030000556,1779880651.918314,732.421875,200000,0.0,0.0,0.0,2
184.1125486999954,1779880652.0970926,732.421875,200000,0.0,0.0,0.0,2
184.35445100000652,1779880652.338996,732.421875,200000,0.0,0.0,0.0,2
184.53855919999478,1779880652.5231044,732.421875,200000,0.0,0.0,0.0,2
184.71897129999707,1779880652.7035155,732.421875,200000,0.0,0.0,0.0,2
184.90641999999934,1779880652.890965,732.421875,200000,0.0,0.0,0.0,2
185.13236150000012,1779880653.1169064,732.421875,200000,0.0,0.0,0.0,2
185.3114454000024,1779880653.2959917,732.421875,200000,0.0,0.0,0.0,2
185.5474719000049,1779880653.5320163,732.421875,200000,0.0,0.0,0.0,2
185.73035250000248,1779880653.7148972,732.421875,200000,0.0,0.0,0.0,2
185.91378790000454,1779880653.8983326,732.421875,200000,0.0,0.0,0.0,2
186.15448120000656,1779880654.1390266,732.421875,200000,0.0,0.0,0.0,2
186.33071480000217,1779880654.315259,732.421875,200000,0.0,0.0,0.0,2
186.56761549999646,1779880654.5521593,732.421875,200000,0.0,0.0,0.0,2
186.74776959999872,1779880654.7323136,732.421875,200000,0.0,0.0,0.0,2
186.92990600000485,1779880654.91445,732.421875,200000,0.0,0.0,0.0,2
187.10914739999862,1779880655.0936913,732.421875,200000,0.0,0.0,0.0,2
187.29702810000163,1779880655.2815733,732.421875,200000,0.0,0.0,0.0,2
187.5256650999945,1779880655.510209,732.421875,200000,0.0,0.0,0.0,2
187.7085861999949,1779880655.6931314,732.421875,200000,0.0,0.0,0.0,2
187.94346460000088,1779880655.928008,732.421875,200000,0.0,0.0,0.0,2
188.12693460000446,1779880656.111478,732.421875,200000,0.0,0.0,0.0,2
188.3025845999946,1779880656.2871287,732.421875,200000,0.0,0.0,0.0,2
188.54241360000742,1779880656.526958,732.421875,200000,0.0,0.0,0.0,2
188.67882250000548,1779880656.6633675,732.421875,200000,0.0,0.0,0.0,2
188.90552290000778,1779880656.8900666,732.421875,200000,0.0,0.0,0.0,2
189.08532050000213,1779880657.0698662,732.421875,200000,0.0,0.0,0.0,2
189.32720699999481,1779880657.3117518,732.421875,200000,0.0,0.0,0.0,2
189.56172749999678,1779880657.5462732,732.421875,200000,0.0,0.0,0.0,2
189.68608470000618,1779880657.6706285,732.421875,200000,0.0,0.0,0.0,2
189.92619070000364,1779880657.9107363,732.421875,200000,0.0,0.0,0.0,2
190.09956830000738,1779880658.0841122,732.421875,200000,0.0,0.0,0.0,2
190.2849442000006,1779880658.269489,732.421875,200000,0.0,0.0,0.0,2
190.52267730000312,1779880658.5072222,732.421875,200000,0.0,0.0,0.0,2
190.67007409999496,1779880658.6546187,732.421875,200000,0.0,0.0,0.0,2
190.88269220000075,1779880658.8672364,732.421875,200000,0.0,0.0,0.0,2
191.12389740000071,1779880659.1084423,732.421875,200000,0.0,0.0,0.0,2
191.2998845999973,1779880659.2844298,732.421875,200000,0.0,0.0,0.0,2
191.49715500000457,1779880659.4816995,732.421875,200000,0.0,0.0,0.0,2
191.7236191999982,1779880659.7081642,732.421875,200000,0.0,0.0,0.0,2
191.9002310000069,1779880659.8847747,732.421875,200000,0.0,0.0,0.0,2
192.0804652000079,1779880660.06501,732.421875,200000,0.0,0.0,0.0,2
192.2638511999976,1779880660.248396,732.421875,200000,0.0,0.0,0.0,2
192.4993167000066,1779880660.4838617,732.421875,200000,0.0,0.0,0.0,2
192.6787467999966,1779880660.6632915,732.421875,200000,0.0,0.0,0.0,2
192.86673530000553,1779880660.8512805,732.421875,200000,0.0,0.0,0.0,2
193.05676700000186,1779880661.041312,732.421875,200000,0.0,0.0,0.0,2
193.27662430000782,1779880661.261169,732.421875,200000,0.0,0.0,0.0,2
193.47145650000311,1779880661.456,732.421875,200000,0.0,0.0,0.0,2
193.69622470000468,1779880661.6807685,732.421875,200000,0.0,0.0,0.0,2
193.8781280999974,1779880661.8626735,732.421875,200000,0.0,0.0,0.0,2
194.06418889999622,1779880662.0487337,732.421875,200000,0.0,0.0,0.0,2
194.25171159999445,1779880662.2362566,732.421875,200000,0.0,0.0,0.0,2
194.48353409999982,1779880662.468079,732.421875,200000,0.0,0.0,0.0,2
194.65491130000737,1779880662.6394563,732.421875,200000,0.0,0.0,0.0,2
194.89526649999607,1779880662.879811,732.421875,200000,0.0,0.0,0.0,2
195.07815319999645,1779880663.0626981,732.421875,200000,0.0,0.0,0.0,2
195.25976610000362,1779880663.2443109,732.421875,200000,0.0,0.0,0.0,2
195.4959935999941,1779880663.4805384,732.421875,200000,0.0,0.0,0.0,2
195.6792759999953,1779880663.6638212,732.421875,200000,0.0,0.0,0.0,2
195.85496430000057,1779880663.8395095,732.421875,200000,0.0,0.0,0.0,2
196.04652129999886,1779880664.0310667,732.421875,200000,0.0,0.0,0.0,2
196.2724218999938,1779880664.2569664,732.421875,200000,0.0,0.0,0.0,2
196.51363260000653,1779880664.498178,732.421875,200000,0.0,0.0,0.0,2
196.69329450000077,1779880664.6778393,732.421875,200000,0.0,0.0,0.0,2
196.87271870000404,1779880664.8572628,732.421875,200000,0.0,0.0,0.0,2
197.05656830000225,1779880665.0411139,732.421875,200000,0.0,0.0,0.0,2
197.2410239000019,1779880665.2255685,732.421875,200000,0.0,0.0,0.0,2
197.47000180000032,1779880665.4545453,732.421875,200000,0.0,0.0,0.0,2
197.65610779999406,1779880665.6406543,732.421875,200000,0.0,0.0,0.0,2
197.83581410000625,1779880665.820359,732.421875,200000,0.0,0.0,0.0,2
198.07326970000577,1779880666.0578153,732.421875,200000,0.0,0.0,0.0,2
198.2505705999938,1779880666.2351153,732.421875,200000,0.0,0.0,0.0,2
198.49311959999613,1779880666.4776645,732.421875,200000,0.0,0.0,0.0,2
198.67000680000638,1779880666.6545517,732.421875,200000,0.0,0.0,0.0,2
198.84802049999416,1779880666.832565,732.421875,200000,0.0,0.0,0.0,2
199.02956450000056,1779880667.0141087,732.421875,200000,0.0,0.0,0.0,2
199.21573080000235,1779880667.2002745,732.421875,200000,0.0,0.0,0.0,2
199.44869089999702,1779880667.433236,732.421875,200000,0.0,0.0,0.0,2
199.62687249999726,1779880667.6114166,732.421875,200000,0.0,0.0,0.0,2
199.8213650999969,1779880667.8059087,732.421875,200000,0.0,0.0,0.0,2
200.05110219999915,1779880668.0356474,732.421875,200000,0.0,0.0,0.0,2
200.23182620000443,1779880668.2163715,732.421875,200000,0.0,0.0,0.0,2
200.46976390000782,1779880668.4543085,732.421875,200000,0.0,0.0,0.0,2
200.65040830000362,1779880668.6349533,732.421875,200000,0.0,0.0,0.0,2
200.83355749999464,1779880668.818103,732.421875,200000,0.0,0.0,0.0,2
201.01753520000784,1779880669.0020802,732.421875,200000,0.0,0.0,0.0,2
201.2067773000017,1779880669.1913226,732.421875,200000,0.0,0.0,0.0,2
201.4267292000004,1779880669.4112735,732.421875,200000,0.0,0.0,0.0,2
201.6088030999963,1779880669.5933468,732.421875,200000,0.0,0.0,0.0,2
201.81383030000143,1779880669.798374,732.421875,200000,0.0,0.0,0.0,2
202.02873030000774,1779880670.0132756,732.421875,200000,0.0,0.0,0.0,2
202.20512070000404,1779880670.1896648,732.421875,200000,0.0,0.0,0.0,2
202.40496870000788,1779880670.389514,732.421875,200000,0.0,0.0,0.0,2
202.62660790000518,1779880670.6111526,732.421875,200000,0.0,0.0,0.0,2
202.81004090000351,1779880670.7945852,732.421875,200000,0.0,0.0,0.0,2
202.99268749999464,1779880670.9772325,732.421875,200000,0.0,0.0,0.0,2
203.228657700005,1779880671.213202,732.421875,200000,0.0,0.0,0.0,2
203.409138899995,1779880671.3936844,732.421875,200000,0.0,0.0,0.0,2
203.59752049999952,1779880671.5820644,732.421875,200000,0.0,0.0,0.0,2
203.7899444000068,1779880671.7744892,732.421875,200000,0.0,0.0,0.0,2
204.0066519999964,1779880671.9911973,732.421875,200000,0.0,0.0,0.0,2
204.19058379999478,1779880672.1751297,732.421875,200000,0.0,0.0,0.0,2
204.39588720000756,1779880672.3804345,732.421875,200000,0.0,0.0,0.0,2
204.5994570000039,1779880672.5840006,732.421875,200000,0.0,0.0,0.0,2
204.79656790000445,1779880672.781114,732.421875,200000,0.0,0.0,0.0,2
205.02368019999994,1779880673.0082252,732.421875,200000,0.0,0.0,0.0,2
205.2025261999952,1779880673.1870706,732.421875,200000,0.0,0.0,0.0,2
205.44470390000788,1779880673.4292486,732.421875,200000,0.0,0.0,0.0,2
205.62358879999374,1779880673.6081338,732.421875,200000,0.0,0.0,0.0,2
205.80587070000183,1779880673.7904162,732.421875,200000,0.0,0.0,0.0,2
205.98418280000624,1779880673.9687276,732.421875,200000,0.0,0.0,0.0,2
206.1820710000029,1779880674.1666157,732.421875,200000,0.0,0.0,0.0,2
206.39744950000022,1779880674.381993,732.421875,200000,0.0,0.0,0.0,2
206.585153299995,1779880674.5696986,732.421875,200000,0.0,0.0,0.0,2
206.82383680000203,1779880674.808381,732.421875,200000,0.0,0.0,0.0,2
206.99764909999794,1779880674.9821928,732.421875,200000,0.0,0.0,0.0,2
207.1798984000052,1779880675.1644428,732.421875,200000,0.0,0.0,0.0,2
207.4184113999945,1779880675.402956,732.421875,200000,0.0,0.0,0.0,2
207.6019346999965,1779880675.5864801,732.421875,200000,0.0,0.0,0.0,2
207.78447929999675,1779880675.769025,732.421875,200000,0.0,0.0,0.0,2
207.96783029999642,1779880675.952376,732.421875,200000,0.0,0.0,0.0,2
208.1716660999955,1779880676.1562111,732.421875,200000,0.0,0.0,0.0,2
208.38171840000723,1779880676.366264,732.421875,200000,0.0,0.0,0.0,2
208.6186927999952,1779880676.6032383,732.421875,200000,0.0,0.0,0.0,2
208.80046949999814,1779880676.7850149,732.421875,200000,0.0,0.0,0.0,2
208.97767130000284,1779880676.9622164,732.421875,200000,0.0,0.0,0.0,2
209.16060709999874,1779880677.145152,732.421875,200000,0.0,0.0,0.0,2
209.39673589999438,1779880677.3812811,732.421875,200000,0.0,0.0,0.0,2
209.57777910000004,1779880677.5623243,732.421875,200000,0.0,0.0,0.0,2
209.76780729999882,1779880677.7523522,732.421875,200000,0.0,0.0,0.0,2
209.99385430000257,1779880677.9783976,732.421875,200000,0.0,0.0,0.0,2
210.17643799999496,1779880678.1609828,732.421875,200000,0.0,0.0,0.0,2
210.41763830000127,1779880678.4021835,732.421875,200000,0.0,0.0,0.0,2
210.59515850000025,1779880678.5797033,732.421875,200000,0.0,0.0,0.0,2
210.7797397999966,1779880678.7642848,732.421875,200000,0.0,0.0,0.0,2
210.95527059999586,1779880678.9398148,732.421875,200000,0.0,0.0,0.0,2
211.19463100000576,1779880679.1791747,732.421875,200000,0.0,0.0,0.0,2
211.37130709999474,1779880679.3558505,732.421875,200000,0.0,0.0,0.0,2
211.55865710000216,1779880679.5432022,732.421875,200000,0.0,0.0,0.0,2
211.74237190000713,1779880679.7269156,732.421875,200000,0.0,0.0,0.0,2
211.97479160000512,1779880679.9593365,732.421875,200000,0.0,0.0,0.0,2
212.15342679999594,1779880680.1379712,732.421875,200000,0.0,0.0,0.0,2
212.35069760000624,1779880680.3352423,732.421875,200000,0.0,0.0,0.0,2
212.57405629999994,1779880680.5586014,732.421875,200000,0.0,0.0,0.0,2
212.75438919999579,1779880680.738934,732.421875,200000,0.0,0.0,0.0,2
212.93630620000476,1779880680.9208496,732.421875,200000,0.0,0.0,0.0,2
213.17397119999805,1779880681.1585164,732.421875,200000,0.0,0.0,0.0,2
213.3510832000029,1779880681.335629,732.421875,200000,0.0,0.0,0.0,2
213.5438706999994,1779880681.5284157,732.421875,200000,0.0,0.0,0.0,2
213.73276630000328,1779880681.717311,732.421875,200000,0.0,0.0,0.0,2
213.9511252999946,1779880681.9356709,732.421875,200000,0.0,0.0,0.0,2
214.1313697000005,1779880682.1159132,732.421875,200000,0.0,0.0,0.0,2
214.37573410000186,1779880682.3602796,732.421875,200000,0.0,0.0,0.0,2
214.54935739999928,1779880682.5339015,732.421875,200000,0.0,0.0,0.0,2
214.73622609999438,1779880682.720771,732.421875,200000,0.0,0.0,0.0,2
214.92710020000231,1779880682.9116445,732.421875,200000,0.0,0.0,0.0,2
215.1450455000013,1779880683.1295898,732.421875,200000,0.0,0.0,0.0,2
215.33082050000667,1779880683.3153644,732.421875,200000,0.0,0.0,0.0,2
215.56767829999444,1779880683.5522223,732.421875,200000,0.0,0.0,0.0,2
215.7467045999947,1779880683.7312484,732.421875,200000,0.0,0.0,0.0,2
215.98740189999808,1779880683.971947,732.421875,200000,0.0,0.0,0.0,2
216.16526789999625,1779880684.1498117,732.421875,200000,0.0,0.0,0.0,2
216.35065540000505,1779880684.3352005,732.421875,200000,0.0,0.0,0.0,2
216.5335175000073,1779880684.5180626,732.421875,200000,0.0,0.0,0.0,2
216.71425390000513,1779880684.6987982,732.421875,200000,0.0,0.0,0.0,2
216.95007890000124,1779880684.9346235,732.421875,200000,0.0,0.0,0.0,2
217.12266370000725,1779880685.1072078,732.421875,200000,0.0,0.0,0.0,2
217.36856050000642,1779880685.3531053,732.421875,200000,0.0,0.0,0.0,2
217.55079049999767,1779880685.5353358,732.421875,200000,0.0,0.0,0.0,2
217.72605169999588,1779880685.7105968,732.421875,200000,0.0,0.0,0.0,2
217.90833170000406,1779880685.8928761,732.421875,200000,0.0,0.0,0.0,2
218.116185100007,1779880686.1007297,732.421875,200000,0.0,0.0,0.0,2
218.32259680000425,1779880686.3071413,732.421875,200000,0.0,0.0,0.0,2
218.56850969999505,1779880686.5530548,732.421875,200000,0.0,0.0,0.0,2
218.74303179999697,1779880686.7275927,732.421875,200000,0.0,0.0,0.0,2
218.92374100000598,1779880686.908285,732.421875,200000,0.0,0.0,0.0,2
219.1063037999993,1779880687.0908484,732.421875,200000,0.0,0.0,0.0,2
219.34004399999685,1779880687.3245873,732.421875,200000,0.0,0.0,0.0,2
219.52629019999586,1779880687.510835,732.421875,200000,0.0,0.0,0.0,2
219.70882919999713,1779880687.6933746,732.421875,200000,0.0,0.0,0.0,2
219.9442987999937,1779880687.9288435,732.421875,200000,0.0,0.0,0.0,2
220.1258433000039,1779880688.110389,732.421875,200000,0.0,0.0,0.0,2
220.31247819999408,1779880688.297024,732.421875,200000,0.0,0.0,0.0,2
220.4884197000065,1779880688.472965,732.421875,200000,0.0,0.0,0.0,2
220.7177348999976,1779880688.7022786,732.421875,200000,0.0,0.0,0.0,2
220.9038778999966,1779880688.888423,732.421875,200000,0.0,0.0,0.0,2
221.09419000000344,1779880689.0787342,732.421875,200000,0.0,0.0,0.0,2
221.32124580000527,1779880689.3057904,732.421875,200000,0.0,0.0,0.0,2
221.50668530000257,1779880689.4912302,732.421875,200000,0.0,0.0,0.0,2
221.7368431000068,1779880689.7213867,732.421875,200000,0.0,0.0,0.0,2
221.92036059999373,1779880689.9049058,732.421875,200000,0.0,0.0,0.0,2
222.10136699999566,1779880690.0859122,732.421875,200000,0.0,0.0,0.0,2
222.2884941999946,1779880690.2730389,732.421875,200000,0.0,0.0,0.0,2
222.51904600000125,1779880690.5035896,732.421875,200000,0.0,0.0,0.0,2
222.69582560000708,1779880690.6803694,732.421875,200000,0.0,0.0,0.0,2
222.879786599995,1779880690.8643303,732.421875,200000,0.0,0.0,0.0,2
223.0835342000064,1779880691.068079,732.421875,200000,0.0,0.0,0.0,2
223.29809140000725,1779880691.2826364,732.421875,200000,0.0,0.0,0.0,2
223.48062459999346,1779880691.4651701,732.421875,200000,0.0,0.0,0.0,2
223.67247099999804,1779880691.657015,732.421875,200000,0.0,0.0,0.0,2
223.9025163000042,1779880691.8870614,732.421875,200000,0.0,0.0,0.0,2
224.07401430000027,1779880692.0585582,732.421875,200000,0.0,0.0,0.0,2
224.3128599000047,1779880692.2974033,732.421875,200000,0.0,0.0,0.0,2
224.49534370000765,1779880692.4798884,732.421875,200000,0.0,0.0,0.0,2
224.68206819999614,1779880692.666613,732.421875,200000,0.0,0.0,0.0,2
224.86720229999628,1779880692.8517475,732.421875,200000,0.0,0.0,0.0,2
225.09595139999874,1779880693.0804956,732.421875,200000,0.0,0.0,0.0,2
225.2722841000068,1779880693.2568283,732.421875,200000,0.0,0.0,0.0,2
225.45664259999467,1779880693.4411862,732.421875,200000,0.0,0.0,0.0,2
225.66435350000393,1779880693.6488996,732.421875,200000,0.0,0.0,0.0,2
225.87613109999802,1779880693.8606749,732.421875,200000,0.0,0.0,0.0,2
226.05828559999645,1779880694.0428293,732.421875,200000,0.0,0.0,0.0,2
226.2650305999996,1779880694.2495744,732.421875,200000,0.0,0.0,0.0,2
226.48442370000703,1779880694.4689686,732.421875,200000,0.0,0.0,0.0,2
226.7148390000075,1779880694.6993835,732.421875,200000,0.0,0.0,0.0,2
226.88910960000067,1779880694.8736532,732.421875,200000,0.0,0.0,0.0,2
227.07265489999554,1779880695.0571985,732.421875,200000,0.0,0.0,0.0,2
227.25804240000434,1779880695.2425873,732.421875,200000,0.0,0.0,0.0,2
227.4936316999956,1779880695.4781768,732.421875,200000,0.0,0.0,0.0,2
227.67165499999828,1779880695.6562002,732.421875,200000,0.0,0.0,0.0,2
227.85564850000083,1779880695.8401933,732.421875,200000,0.0,0.0,0.0,2
228.04777920000197,1779880696.0323238,732.421875,200000,0.0,0.0,0.0,2
228.2706923000078,1779880696.2552373,732.421875,200000,0.0,0.0,0.0,2
228.45092289999593,1779880696.4354663,732.421875,200000,0.0,0.0,0.0,2
228.69163400000252,1779880696.6761787,732.421875,200000,0.0,0.0,0.0,2
228.87122280000767,1779880696.8557687,732.421875,200000,0.0,0.0,0.0,2
229.05224030000682,1779880697.0367837,732.421875,200000,0.0,0.0,0.0,2
229.24313980000443,1779880697.227685,732.421875,200000,0.0,0.0,0.0,2
229.47241040000517,1779880697.4569554,732.421875,200000,0.0,0.0,0.0,2
229.64764870000363,1779880697.632193,732.421875,200000,0.0,0.0,0.0,2
229.8864758999989,1779880697.8710196,732.421875,200000,0.0,0.0,0.0,2
230.0694411000004,1779880698.0539849,732.421875,200000,0.0,0.0,0.0,2
230.2507340000011,1779880698.2352784,732.421875,200000,0.0,0.0,0.0,2
230.4377111000067,1779880698.422257,732.421875,200000,0.0,0.0,0.0,2
230.66359500000544,1779880698.6481385,732.421875,200000,0.0,0.0,0.0,2
230.8488037000061,1779880698.8333492,732.421875,200000,0.0,0.0,0.0,2
231.04217850000714,1779880699.0267236,732.421875,200000,0.0,0.0,0.0,2
231.26963799999794,1779880699.2541828,732.421875,200000,0.0,0.0,0.0,2
231.44741459999932,1779880699.4319594,732.421875,200000,0.0,0.0,0.0,2
231.62950809999893,1779880699.6140513,732.421875,200000,0.0,0.0,0.0,2
231.8639464000007,1779880699.84849,732.421875,200000,0.0,0.0,0.0,2
232.04973880000762,1779880700.0342839,732.421875,200000,0.0,0.0,0.0,2
232.2305281000008,1779880700.2150729,732.421875,200000,0.0,0.0,0.0,2
232.42570599999453,1779880700.410251,732.421875,200000,0.0,0.0,0.0,2
232.64928719999443,1779880700.6338322,732.421875,200000,0.0,0.0,0.0,2
232.82956800000102,1779880700.814112,732.421875,200000,0.0,0.0,0.0,2
233.06057590000273,1779880701.0451195,732.421875,200000,0.0,0.0,0.0,2
233.24581579999358,1779880701.2303605,732.421875,200000,0.0,0.0,0.0,2
233.4234021000011,1779880701.407947,732.421875,200000,0.0,0.0,0.0,2
233.62093740000273,1779880701.6054823,732.421875,200000,0.0,0.0,0.0,2
233.81199800000468,1779880701.7965426,732.421875,200000,0.0,0.0,0.0,2
234.0286930000002,1779880702.0132375,732.421875,200000,0.0,0.0,0.0,2
234.2636749999947,1779880702.2482188,732.421875,200000,0.0,0.0,0.0,2
234.44408479999402,1779880702.4286299,732.421875,200000,0.0,0.0,0.0,2
234.62102940000477,1779880702.6055737,732.421875,200000,0.0,0.0,0.0,2
234.8633234000008,1779880702.8478684,732.421875,200000,0.0,0.0,0.0,2
235.0429354999942,1779880703.0274806,732.421875,200000,0.0,0.0,0.0,2
235.22134170000209,1779880703.205886,732.421875,200000,0.0,0.0,0.0,2
235.40631279999798,1779880703.3908582,732.421875,200000,0.0,0.0,0.0,2
235.6105768999987,1779880703.595122,732.421875,200000,0.0,0.0,0.0,2
235.81690200000594,1779880703.8014505,732.421875,200000,0.0,0.0,0.0,2
236.06470279999485,1779880704.0492477,732.421875,200000,0.0,0.0,0.0,2
236.23634129999846,1779880704.2208853,732.421875,200000,0.0,0.0,0.0,2
236.42359629999555,1779880704.4081426,732.421875,200000,0.0,0.0,0.0,2
236.60511679999763,1779880704.5896611,732.421875,200000,0.0,0.0,0.0,2
236.80400489999738,1779880704.7885485,732.421875,200000,0.0,0.0,0.0,2
237.01843159999407,1779880705.0029771,732.421875,200000,0.0,0.0,0.0,2
237.25998519999848,1779880705.24453,732.421875,200000,0.0,0.0,0.0,2
237.43412590000662,1779880705.4186745,732.421875,200000,0.0,0.0,0.0,2
237.61480630000005,1779880705.5993497,732.421875,200000,0.0,0.0,0.0,2
237.80214030000207,1779880705.786685,732.421875,200000,0.0,0.0,0.0,2
237.99795069999527,1779880705.9824944,732.421875,200000,0.0,0.0,0.0,2
238.19150859999354,1779880706.1760535,732.421875,200000,0.0,0.0,0.0,2
238.45641230000183,1779880706.4409566,732.421875,200000,0.0,0.0,0.0,2
238.58830580000358,1779880706.5728507,732.421875,200000,0.0,0.0,0.0,2
238.8200732999976,1779880706.8046186,732.421875,200000,0.0,0.0,0.0,2
238.9936938000028,1779880706.9782376,732.421875,200000,0.0,0.0,0.0,2
239.19170520000625,1779880707.1762486,732.421875,200000,0.0,0.0,0.0,2
239.41389219999837,1779880707.3984368,732.421875,200000,0.0,0.0,0.0,2
239.5951250000071,1779880707.5796692,732.421875,200000,0.0,0.0,0.0,2
239.78349620000517,1779880707.7680416,732.421875,200000,0.0,0.0,0.0,2
240.01385129999835,1779880707.998396,732.421875,200000,0.0,0.0,0.0,2
240.19065499999851,1779880708.1751988,732.421875,200000,0.0,0.0,0.0,2
240.3775578000059,1779880708.362103,732.421875,200000,0.0,0.0,0.0,2
240.61765440000454,1779880708.6021998,732.421875,200000,0.0,0.0,0.0,2
240.79848470000434,1779880708.7830303,732.421875,200000,0.0,0.0,0.0,2
240.97802959999535,1779880708.962573,732.421875,200000,0.0,0.0,0.0,2
241.16959479999787,1779880709.15414,732.421875,200000,0.0,0.0,0.0,2
241.3918593999988,1779880709.376405,732.421875,200000,0.0,0.0,0.0,2
241.57357910000428,1779880709.5581236,732.421875,200000,0.0,0.0,0.0,2
241.81375699999626,1779880709.7983027,732.421875,200000,0.0,0.0,0.0,2
241.99236489999748,1779880709.97691,732.421875,200000,0.0,0.0,0.0,2
242.2301104000071,1779880710.2146552,732.421875,200000,0.0,0.0,0.0,2
242.41200939999544,1779880710.3965545,732.421875,200000,0.0,0.0,0.0,2
242.64705339999637,1779880710.6315987,732.421875,200000,0.0,0.0,0.0,2
242.76800399999775,1779880710.7525494,732.421875,200000,0.0,0.0,0.0,2
243.01184730000386,1779880710.9963923,732.421875,200000,0.0,0.0,0.0,2
243.18537229999492,1779880711.1699164,732.421875,200000,0.0,0.0,0.0,2
243.37019990000408,1779880711.3547447,732.421875,200000,0.0,0.0,0.0,2
243.55785739999556,1779880711.5424018,732.421875,200000,0.0,0.0,0.0,2
243.7900265000062,1779880711.7745721,732.421875,200000,0.0,0.0,0.0,2
243.97005630000785,1779880711.9546025,732.421875,200000,0.0,0.0,0.0,2
244.2069516000047,1779880712.1914957,732.421875,200000,0.0,0.0,0.0,2
244.38744130000123,1779880712.3719864,732.421875,200000,0.0,0.0,0.0,2
244.62609499999962,1779880712.61064,732.421875,200000,0.0,0.0,0.0,2
244.75006049999502,1779880712.7346053,732.421875,200000,0.0,0.0,0.0,2
244.9850882000028,1779880712.9696338,732.421875,200000,0.0,0.0,0.0,2
245.16820359999838,1779880713.152749,732.421875,200000,0.0,0.0,0.0,2
245.35315409999748,1779880713.3376994,732.421875,200000,0.0,0.0,0.0,2
245.58468770000036,1779880713.5692332,732.421875,200000,0.0,0.0,0.0,2
245.76626920000126,1779880713.7508142,732.421875,200000,0.0,0.0,0.0,2
245.94738030000008,1779880713.931925,732.421875,200000,0.0,0.0,0.0,2
246.1878324999998,1779880714.172378,732.421875,200000,0.0,0.0,0.0,2
246.36039970000274,1779880714.3449438,732.421875,200000,0.0,0.0,0.0,2
246.60208120000607,1779880714.5866268,732.421875,200000,0.0,0.0,0.0,2
246.73795949999476,1779880714.7225034,732.421875,200000,0.0,0.0,0.0,2
246.96178579999832,1779880714.9463305,732.421875,200000,0.0,0.0,0.0,2
247.1414281000034,1779880715.1259723,732.421875,200000,0.0,0.0,0.0,2
247.38401500000327,1779880715.36856,732.421875,200000,0.0,0.0,0.0,2
247.6194506000029,1779880715.6039958,732.421875,200000,0.0,0.0,0.0,2
247.74454179999884,1779880715.7290869,732.421875,200000,0.0,0.0,0.0,2
247.98126670000784,1779880715.9658117,732.421875,200000,0.0,0.0,0.0,2
248.15772519999882,1779880716.142269,732.421875,200000,0.0,0.0,0.0,2
248.34001329999592,1779880716.324558,732.421875,200000,0.0,0.0,0.0,2
248.5209620999958,1779880716.5055056,732.421875,200000,0.0,0.0,0.0,2
248.72726030000194,1779880716.711805,732.421875,200000,0.0,0.0,0.0,2
248.94162110000616,1779880716.9261656,732.421875,200000,0.0,0.0,0.0,2
249.1777429000067,1779880717.1622863,732.421875,200000,0.0,0.0,0.0,2
249.36128880000615,1779880717.3458345,732.421875,200000,0.0,0.0,0.0,2
249.59652710000228,1779880717.5810707,732.421875,200000,0.0,0.0,0.0,2
249.72060020000208,1779880717.7051444,732.421875,200000,0.0,0.0,0.0,2
249.96098780000466,1779880717.945533,732.421875,200000,0.0,0.0,0.0,2
250.1378732000012,1779880718.122418,732.421875,200000,0.0,0.0,0.0,2
250.3216989000066,1779880718.3062444,732.421875,200000,0.0,0.0,0.0,2
250.5619394999958,1779880718.5464845,732.421875,200000,0.0,0.0,0.0,2
250.73505839999416,1779880718.7196019,732.421875,200000,0.0,0.0,0.0,2
250.91981639999722,1779880718.9043612,732.421875,200000,0.0,0.0,0.0,2
251.1577690999984,1779880719.1423132,732.421875,200000,0.0,0.0,0.0,2
251.33728180000617,1779880719.3218262,732.421875,200000,0.0,0.0,0.0,2
251.5751087999961,1779880719.559653,732.421875,200000,0.0,0.0,0.0,2
251.7093162999954,1779880719.69386,732.421875,200000,0.0,0.0,0.0,2
251.93527899999754,1779880719.919824,732.421875,200000,0.0,0.0,0.0,2
252.11827809999522,1779880720.1028244,732.421875,200000,0.0,0.0,0.0,2
252.35795710000093,1779880720.3425019,732.421875,200000,0.0,0.0,0.0,2
252.55120430000534,1779880720.5357492,732.421875,200000,0.0,0.0,0.0,2
252.77908170000592,1779880720.7636266,732.421875,200000,0.0,0.0,0.0,2
252.95100850000745,1779880720.935552,732.421875,200000,0.0,0.0,0.0,2
253.1354599000042,1779880721.1200056,732.421875,200000,0.0,0.0,0.0,2
253.3145549000037,1779880721.2991,732.421875,200000,0.0,0.0,0.0,2
253.5498862999957,1779880721.53443,732.421875,200000,0.0,0.0,0.0,2
253.73152729999856,1779880721.7160714,732.421875,200000,0.0,0.0,0.0,2
253.90980419999687,1779880721.8943493,732.421875,200000,0.0,0.0,0.0,2
254.09503880000557,1779880722.0795836,732.421875,200000,0.0,0.0,0.0,2
254.28661439999996,1779880722.271159,732.421875,200000,0.0,0.0,0.0,2
254.57541489999858,1779880722.5599608,732.421875,200000,0.0,0.0,0.0,2
254.69902349999757,1779880722.6835692,732.421875,200000,0.0,0.0,0.0,2
254.92972349999764,1779880722.9142668,732.421875,200000,0.0,0.0,0.0,2
255.110511100007,1779880723.0950549,732.421875,200000,0.0,0.0,0.0,2
255.29653730000427,1779880723.2810822,732.421875,200000,0.0,0.0,0.0,2
255.53263450000668,1779880723.5171788,732.421875,200000,0.0,0.0,0.0,2
255.71088840000448,1779880723.6954331,732.421875,200000,0.0,0.0,0.0,2
255.88846190000186,1779880723.8730066,732.421875,200000,0.0,0.0,0.0,2
256.08354770000733,1779880724.068091,732.421875,200000,0.0,0.0,0.0,2
256.2744409000006,1779880724.2589853,732.421875,200000,0.0,0.0,0.0,2
256.51766310000676,1779880724.502208,732.421875,200000,0.0,0.0,0.0,2
256.7290259000001,1779880724.7135696,732.421875,200000,0.0,0.0,0.0,2
256.9082834000001,1779880724.892828,732.421875,200000,0.0,0.0,0.0,2
257.09200679999776,1779880725.0765526,732.421875,200000,0.0,0.0,0.0,2
257.2774730999954,1779880725.2620182,732.421875,200000,0.0,0.0,0.0,2
257.51489410000795,1779880725.499439,732.421875,200000,0.0,0.0,0.0,2
257.68556640000315,1779880725.670111,732.421875,200000,0.0,0.0,0.0,2
257.86904920000234,1779880725.8535929,732.421875,200000,0.0,0.0,0.0,2
258.07390699999814,1779880726.058452,732.421875,200000,0.0,0.0,0.0,2
258.2862213000044,1779880726.270766,732.421875,200000,0.0,0.0,0.0,2
258.5279181000078,1779880726.5124638,732.421875,200000,0.0,0.0,0.0,2
258.7088988000032,1779880726.6934443,732.421875,200000,0.0,0.0,0.0,2
258.88694729999406,1779880726.8714929,732.421875,200000,0.0,0.0,0.0,2
259.06655930000124,1779880727.0511048,732.421875,200000,0.0,0.0,0.0,2
259.2667189000058,1779880727.2512624,732.421875,200000,0.0,0.0,0.0,2
259.4889273000008,1779880727.4734707,732.421875,200000,0.0,0.0,0.0,2
259.6683047999977,1779880727.6528502,732.421875,200000,0.0,0.0,0.0,2
259.8567768000066,1779880727.8413215,732.421875,200000,0.0,0.0,0.0,2
260.0870004000026,1779880728.0715456,732.421875,200000,0.0,0.0,0.0,2
260.26149520000035,1779880728.2460384,732.421875,200000,0.0,0.0,0.0,2
260.500873099998,1779880728.4854183,732.421875,200000,0.0,0.0,0.0,2
260.6841381999984,1779880728.668682,732.421875,200000,0.0,0.0,0.0,2
260.8677383000031,1779880728.8522835,732.421875,200000,0.0,0.0,0.0,2
261.0524332000059,1779880729.0369778,732.421875,200000,0.0,0.0,0.0,2
261.28163310000673,1779880729.2661777,732.421875,200000,0.0,0.0,0.0,2
261.52309909999894,1779880729.507644,732.421875,200000,0.0,0.0,0.0,2
261.6491509000043,1779880729.6336956,732.421875,200000,0.0,0.0,0.0,2
261.8830278999958,1779880729.8675737,732.421875,200000,0.0,0.0,0.0,2
262.0617904999963,1779880730.0463357,732.421875,200000,0.0,0.0,0.0,2
262.2490579000005,1779880730.2336028,732.421875,200000,0.0,0.0,0.0,2
262.48011220000626,1779880730.4646568,732.421875,200000,0.0,0.0,0.0,2
262.66085460000613,1779880730.6454003,732.421875,200000,0.0,0.0,0.0,2
262.84044309999445,1779880730.8249867,732.421875,200000,0.0,0.0,0.0,2
263.0790396999946,1779880731.0635834,732.421875,200000,0.0,0.0,0.0,2
263.25898310000775,1779880731.2435277,732.421875,200000,0.0,0.0,0.0,2
263.5021979000012,1779880731.4867432,732.421875,200000,0.0,0.0,0.0,2
263.6339805000025,1779880731.6185257,732.421875,200000,0.0,0.0,0.0,2
263.86204310000176,1779880731.8465884,732.421875,200000,0.0,0.0,0.0,2
264.04100240000116,1779880732.0255477,732.421875,200000,0.0,0.0,0.0,2
264.2236835000076,1779880732.2082276,732.421875,200000,0.0,0.0,0.0,2
264.46337420000054,1779880732.447919,732.421875,200000,0.0,0.0,0.0,2
264.64068349999434,1779880732.6252294,732.421875,200000,0.0,0.0,0.0,2
264.87869270000374,1779880732.8632386,732.421875,200000,0.0,0.0,0.0,2
265.0588459999999,1779880733.043391,732.421875,200000,0.0,0.0,0.0,2
265.2345578999957,1779880733.2191029,732.421875,200000,0.0,0.0,0.0,2
265.4758385000023,1779880733.460383,732.421875,200000,0.0,0.0,0.0,2
265.6565622000053,1779880733.6411078,732.421875,200000,0.0,0.0,0.0,2
265.83620849999716,1779880733.8207545,732.421875,200000,0.0,0.0,0.0,2
266.02511040000536,1779880734.0096548,732.421875,200000,0.0,0.0,0.0,2
266.21853090000513,1779880734.2030761,732.421875,200000,0.0,0.0,0.0,2
266.4415441000019,1779880734.4260898,732.421875,200000,0.0,0.0,0.0,2
266.6736976999964,1779880734.6582413,732.421875,200000,0.0,0.0,0.0,2
266.8075627000071,1779880734.7921076,732.421875,200000,0.0,0.0,0.0,2
267.03966650000075,1779880735.0242126,732.421875,200000,0.0,0.0,0.0,2
267.21597720000136,1779880735.2005227,732.421875,200000,0.0,0.0,0.0,2
267.45439110000734,1779880735.438936,732.421875,200000,0.0,0.0,0.0,2
267.63231280000764,1779880735.616858,732.421875,200000,0.0,0.0,0.0,2
267.82072170000174,1779880735.8052664,732.421875,200000,0.0,0.0,0.0,2
268.002218499998,1779880735.9867632,732.421875,200000,0.0,0.0,0.0,2
268.23419719999947,1779880736.2187424,732.421875,200000,0.0,0.0,0.0,2
268.4308788000053,1779880736.4154227,732.421875,200000,0.0,0.0,0.0,2
268.60589590000745,1779880736.5904408,732.421875,200000,0.0,0.0,0.0,2
268.83167830000457,1779880736.8162234,732.421875,200000,0.0,0.0,0.0,2
269.0132120000053,1779880736.997757,732.421875,200000,0.0,0.0,0.0,2
269.1954343999969,1779880737.1799796,732.421875,200000,0.0,0.0,0.0,2
269.43424070000765,1779880737.4187841,732.421875,200000,0.0,0.0,0.0,2
269.6158607999969,1779880737.600407,732.421875,200000,0.0,0.0,0.0,2
269.8002737000061,1779880737.7848184,732.421875,200000,0.0,0.0,0.0,2
270.0349986999936,1779880738.0195441,732.421875,200000,0.0,0.0,0.0,2
270.2105966999952,1779880738.1951416,732.421875,200000,0.0,0.0,0.0,2
270.44909900000494,1779880738.4336436,732.421875,200000,0.0,0.0,0.0,2
270.63302439999825,1779880738.6175694,732.421875,200000,0.0,0.0,0.0,2
270.80683560000034,1779880738.7913802,732.421875,200000,0.0,0.0,0.0,2
270.99270659999456,1779880738.9772513,732.421875,200000,0.0,0.0,0.0,2
271.18532380000397,1779880739.1698687,732.421875,200000,0.0,0.0,0.0,2
271.46769720000157,1779880739.4522421,732.421875,200000,0.0,0.0,0.0,2
271.5967743000074,1779880739.5813196,732.421875,200000,0.0,0.0,0.0,2
271.83027720000246,1779880739.8148236,732.421875,200000,0.0,0.0,0.0,2
272.00783509999746,1779880739.992381,732.421875,200000,0.0,0.0,0.0,2
272.18912169999385,1779880740.1736653,732.421875,200000,0.0,0.0,0.0,2
272.42889110000397,1779880740.4134357,732.421875,200000,0.0,0.0,0.0,2
272.61053869999887,1779880740.5950837,732.421875,200000,0.0,0.0,0.0,2
272.7904443000007,1779880740.7749894,732.421875,200000,0.0,0.0,0.0,2
272.9796786999941,1779880740.9642227,732.421875,200000,0.0,0.0,0.0,2
273.2096390999941,1779880741.194185,732.421875,200000,0.0,0.0,0.0,2
273.44736849999754,1779880741.4319131,732.421875,200000,0.0,0.0,0.0,2
273.6263367000065,1779880741.6108813,732.421875,200000,0.0,0.0,0.0,2
273.808163099995,1779880741.7927082,732.421875,200000,0.0,0.0,0.0,2
273.99289740000677,1779880741.9774423,732.421875,200000,0.0,0.0,0.0,2
274.174732200001,1779880742.1592767,732.421875,200000,0.0,0.0,0.0,2
274.40368069999386,1779880742.388225,732.421875,200000,0.0,0.0,0.0,2
274.58447180000076,1779880742.569017,732.421875,200000,0.0,0.0,0.0,2
274.7796662000037,1779880742.7642102,732.421875,200000,0.0,0.0,0.0,2
274.9716824000061,1779880742.956227,732.421875,200000,0.0,0.0,0.0,2
275.18095639999956,1779880743.1655002,732.421875,200000,0.0,0.0,0.0,2
275.38695830000506,1779880743.3715034,732.421875,200000,0.0,0.0,0.0,2
275.59965699999884,1779880743.5842006,732.421875,200000,0.0,0.0,0.0,2
275.78386090000276,1779880743.768406,732.421875,200000,0.0,0.0,0.0,2
275.9675857999973,1779880743.9521306,732.421875,200000,0.0,0.0,0.0,2
276.20329249999486,1779880744.1878383,732.421875,200000,0.0,0.0,0.0,2
276.38100609999674,1779880744.365551,732.421875,200000,0.0,0.0,0.0,2
276.56779479999386,1779880744.5523398,732.421875,200000,0.0,0.0,0.0,2
276.80512140000064,1779880744.7896667,732.421875,200000,0.0,0.0,0.0,2
276.97911770000064,1779880744.963663,732.421875,200000,0.0,0.0,0.0,2
277.1602966000064,1779880745.14484,732.421875,200000,0.0,0.0,0.0,2
277.39764650000143,1779880745.3821917,732.421875,200000,0.0,0.0,0.0,2
277.5774817000056,1779880745.5620255,732.421875,200000,0.0,0.0,0.0,2
277.8210295000026,1779880745.805575,732.421875,200000,0.0,0.0,0.0,2
277.9974082999979,1779880745.981952,732.421875,200000,0.0,0.0,0.0,2
278.17792230000487,1779880746.162468,732.421875,200000,0.0,0.0,0.0,2
278.3675499999954,1779880746.3520956,732.421875,200000,0.0,0.0,0.0,2
278.5572058999969,1779880746.5417511,732.421875,200000,0.0,0.0,0.0,2
278.747669999997,1779880746.7322145,732.421875,200000,0.0,0.0,0.0,2
278.96169250000094,1779880746.946238,732.421875,200000,0.0,0.0,0.0,2
279.1970913999976,1779880747.181636,732.421875,200000,0.0,0.0,0.0,2
279.37658609999926,1779880747.3611314,732.421875,200000,0.0,0.0,0.0,2
279.55736000000616,1779880747.541904,732.421875,200000,0.0,0.0,0.0,2
279.7968492000073,1779880747.7813942,732.421875,200000,0.0,0.0,0.0,2
279.9770295000053,1779880747.9615748,732.421875,200000,0.0,0.0,0.0,2
280.15848189999815,1779880748.1430254,732.421875,200000,0.0,0.0,0.0,2
280.35211680000066,1779880748.3366623,732.421875,200000,0.0,0.0,0.0,2
280.54207250000036,1779880748.5266166,732.421875,200000,0.0,0.0,0.0,2
280.75347939999483,1779880748.7380242,732.421875,200000,0.0,0.0,0.0,2
280.9955684000015,1779880748.9801133,732.421875,200000,0.0,0.0,0.0,2
281.1759782000008,1779880749.160524,732.421875,200000,0.0,0.0,0.0,2
281.3531695999991,1779880749.3377147,732.421875,200000,0.0,0.0,0.0,2
281.53031740000006,1779880749.514861,732.421875,200000,0.0,0.0,0.0,2
281.7729888000031,1779880749.7575324,732.421875,200000,0.0,0.0,0.0,2
281.95352310000453,1779880749.9380672,732.421875,200000,0.0,0.0,0.0,2
282.13425760000246,1779880750.1188014,732.421875,200000,0.0,0.0,0.0,2
282.3361842000013,1779880750.3207295,732.421875,200000,0.0,0.0,0.0,2
282.555191499996,1779880750.5397363,732.421875,200000,0.0,0.0,0.0,2
282.7353271000029,1779880750.7198722,732.421875,200000,0.0,0.0,0.0,2
282.92670989999897,1779880750.9112551,732.421875,200000,0.0,0.0,0.0,2
283.1533708000061,1779880751.1379154,732.421875,200000,0.0,0.0,0.0,2
283.33412359999784,1779880751.3186686,732.421875,200000,0.0,0.0,0.0,2
283.57342939999944,1779880751.5579739,732.421875,200000,0.0,0.0,0.0,2
283.75410970000667,1779880751.7386553,732.421875,200000,0.0,0.0,0.0,2
283.93430930000613,1779880751.918855,732.421875,200000,0.0,0.0,0.0,2
284.1742949000036,1779880752.1588395,732.421875,200000,0.0,0.0,0.0,2
284.34916820000217,1779880752.3337119,732.421875,200000,0.0,0.0,0.0,2
284.5334417999984,1779880752.5179865,732.421875,200000,0.0,0.0,0.0,2
284.7205418999947,1779880752.7050867,732.421875,200000,0.0,0.0,0.0,2
284.91772719999426,1779880752.9022722,732.421875,200000,0.0,0.0,0.0,2
285.13508290000027,1779880753.119628,732.421875,200000,0.0,0.0,0.0,2
285.37263769999845,1779880753.357183,732.421875,200000,0.0,0.0,0.0,2
285.55323049999424,1779880753.5377755,732.421875,200000,0.0,0.0,0.0,2
285.7308961999952,1779880753.715441,732.421875,200000,0.0,0.0,0.0,2
285.9153832000011,1779880753.8999286,732.421875,200000,0.0,0.0,0.0,2
286.1497636999993,1779880754.1343086,732.421875,200000,0.0,0.0,0.0,2
286.32987509999657,1779880754.3144202,732.421875,200000,0.0,0.0,0.0,2
286.51682289999735,1779880754.5013685,732.421875,200000,0.0,0.0,0.0,2
286.7012054000079,1779880754.6857502,732.421875,200000,0.0,0.0,0.0,2
286.93134769999597,1779880754.9158936,732.421875,200000,0.0,0.0,0.0,2
287.10453569999663,1779880755.0890796,732.421875,200000,0.0,0.0,0.0,2
287.3075002999976,1779880755.2920449,732.421875,200000,0.0,0.0,0.0,2
287.49902719999955,1779880755.483573,732.421875,200000,0.0,0.0,0.0,2
287.7159804999974,1779880755.700526,732.421875,200000,0.0,0.0,0.0,2
287.95127570000477,1779880755.9358208,732.421875,200000,0.0,0.0,0.0,2
288.12528019999445,1779880756.109824,732.421875,200000,0.0,0.0,0.0,2
288.3047336000018,1779880756.2892776,732.421875,200000,0.0,0.0,0.0,2
288.5466271000041,1779880756.5311708,732.421875,200000,0.0,0.0,0.0,2
288.7273462000012,1779880756.7118917,732.421875,200000,0.0,0.0,0.0,2
288.9085414000001,1779880756.8930862,732.421875,200000,0.0,0.0,0.0,2
289.0921548000042,1779880757.0767002,732.421875,200000,0.0,0.0,0.0,2
289.27993170000263,1779880757.264477,732.421875,200000,0.0,0.0,0.0,2
289.5007884000079,1779880757.4853323,732.421875,200000,0.0,0.0,0.0,2
289.6874398999935,1779880757.6719854,732.421875,200000,0.0,0.0,0.0,2
289.9257418000052,1779880757.9102874,732.421875,200000,0.0,0.0,0.0,2
290.1046850999992,1779880758.0892289,732.421875,200000,0.0,0.0,0.0,2
290.29104900000675,1779880758.275594,732.421875,200000,0.0,0.0,0.0,2
290.4710602999985,1779880758.455605,732.421875,200000,0.0,0.0,0.0,2
290.70316069999535,1779880758.6877053,732.421875,200000,0.0,0.0,0.0,2
290.8870179000078,1779880758.8715627,732.421875,200000,0.0,0.0,0.0,2
291.07444539999415,1779880759.0589888,732.421875,200000,0.0,0.0,0.0,2
291.3002703999955,1779880759.2848148,732.421875,200000,0.0,0.0,0.0,2
291.4799042999948,1779880759.4644492,732.421875,200000,0.0,0.0,0.0,2
291.72404919999826,1779880759.7085943,732.421875,200000,0.0,0.0,0.0,2
291.8715114999941,1779880759.8560553,732.421875,200000,0.0,0.0,0.0,2
292.0774820000079,1779880760.0620258,732.421875,200000,0.0,0.0,0.0,2
292.3200991000049,1779880760.304643,732.421875,200000,0.0,0.0,0.0,2
292.50063179999415,1779880760.4851766,732.421875,200000,0.0,0.0,0.0,2
292.67774830000417,1779880760.6622932,732.421875,200000,0.0,0.0,0.0,2
292.86794939999527,1779880760.852495,732.421875,200000,0.0,0.0,0.0,2
293.1035581000033,1779880761.0881035,732.421875,200000,0.0,0.0,0.0,2
293.2785139000043,1779880761.2630587,732.421875,200000,0.0,0.0,0.0,2
293.4654010999948,1779880761.4499469,732.421875,200000,0.0,0.0,0.0,2
293.6554007999948,1779880761.6399457,732.421875,200000,0.0,0.0,0.0,2
293.88048200000776,1779880761.8650267,732.421875,200000,0.0,0.0,0.0,2
294.06056450000324,1779880762.04511,732.421875,200000,0.0,0.0,0.0,2
294.2963665999996,1779880762.280912,732.421875,200000,0.0,0.0,0.0,2
294.4833840000065,1779880762.4679294,732.421875,200000,0.0,0.0,0.0,2
294.6604195999971,1779880762.6449635,732.421875,200000,0.0,0.0,0.0,2
294.86169819999486,1779880762.8462417,732.421875,200000,0.0,0.0,0.0,2
295.0749116000079,1779880763.059456,732.421875,200000,0.0,0.0,0.0,2
295.2556368000078,1779880763.2401807,732.421875,200000,0.0,0.0,0.0,2
295.4521168000065,1779880763.436662,732.421875,200000,0.0,0.0,0.0,2
295.6757398000045,1779880763.6602833,732.421875,200000,0.0,0.0,0.0,2
295.8572021,1779880763.8417473,732.421875,200000,0.0,0.0,0.0,2
296.0442316999979,1779880764.0287764,732.421875,200000,0.0,0.0,0.0,2
296.2710644000035,1779880764.2556086,732.421875,200000,0.0,0.0,0.0,2
296.4587406000064,1779880764.4432857,732.421875,200000,0.0,0.0,0.0,2
296.6479881999985,1779880764.6325333,732.421875,200000,0.0,0.0,0.0,2
296.8761346999963,1779880764.86068,732.421875,200000,0.0,0.0,0.0,2
297.05053389999375,1779880765.035078,732.421875,200000,0.0,0.0,0.0,2
297.24152320000576,1779880765.2260683,732.421875,200000,0.0,0.0,0.0,2
297.47848469999735,1779880765.4630299,732.421875,200000,0.0,0.0,0.0,2
297.65461420000065,1779880765.6391592,732.421875,200000,0.0,0.0,0.0,2
297.8418576999975,1779880765.8264017,732.421875,200000,0.0,0.0,0.0,2
298.0335244000016,1779880766.0180695,732.421875,200000,0.0,0.0,0.0,2
298.24749809999776,1779880766.2320414,732.421875,200000,0.0,0.0,0.0,2
298.4373845999944,1779880766.4219306,732.421875,200000,0.0,0.0,0.0,2
298.67665860000125,1779880766.6612046,732.421875,200000,0.0,0.0,0.0,2
298.85141000000294,1779880766.8359551,732.421875,200000,0.0,0.0,0.0,2
299.03409109999484,1779880767.0186357,732.421875,200000,0.0,0.0,0.0,2
299.2264583000069,1779880767.2110023,732.421875,200000,0.0,0.0,0.0,2
299.4470134000003,1779880767.4315588,732.421875,200000,0.0,0.0,0.0,2
299.63539799999853,1779880767.619943,732.421875,200000,0.0,0.0,0.0,2
299.86569400000735,1779880767.8502376,732.421875,200000,0.0,0.0,0.0,2
300.05179700000735,1779880768.036342,732.421875,200000,0.0,0.0,0.0,2
300.2396688000008,1779880768.2242138,732.421875,200000,0.0,0.0,0.0,2
300.471203299996,1779880768.455749,732.421875,200000,0.0,0.0,0.0,2
300.6510108000075,1779880768.635556,732.421875,200000,0.0,0.0,0.0,2
300.83195140000316,1779880768.8164961,732.421875,200000,0.0,0.0,0.0,2
301.02610509999795,1779880769.0106506,732.421875,200000,0.0,0.0,0.0,2
301.2159137999988,1779880769.200458,732.421875,200000,0.0,0.0,0.0,2
301.4341376999946,1779880769.418682,732.421875,200000,0.0,0.0,0.0,2
301.6156431999989,1779880769.600188,732.421875,200000,0.0,0.0,0.0,2
301.8473737000022,1779880769.8319192,732.421875,200000,0.0,0.0,0.0,2
302.0276103000069,1779880770.012156,732.421875,200000,0.0,0.0,0.0,2
302.2631859999965,1779880770.2477312,732.421875,200000,0.0,0.0,0.0,2
302.4450768999959,1779880770.4296222,732.421875,200000,0.0,0.0,0.0,2
302.6232117000036,1779880770.6077566,732.421875,200000,0.0,0.0,0.0,2
302.8053498999943,1779880770.7898948,732.421875,200000,0.0,0.0,0.0,2
303.01154010000755,1779880770.9960854,732.421875,200000,0.0,0.0,0.0,2
303.2238065999991,1779880771.208352,732.421875,200000,0.0,0.0,0.0,2
303.46576609999465,1779880771.4503114,732.421875,200000,0.0,0.0,0.0,2
303.64073640000424,1779880771.6252813,732.421875,200000,0.0,0.0,0.0,2
303.8241066000046,1779880771.8086514,732.421875,200000,0.0,0.0,0.0,2
304.0035845999955,1779880771.9881294,732.421875,200000,0.0,0.0,0.0,2
304.24368790000153,1779880772.2282326,732.421875,200000,0.0,0.0,0.0,2
304.42334629999823,1779880772.407892,732.421875,200000,0.0,0.0,0.0,2
304.6075959000009,1779880772.592141,732.421875,200000,0.0,0.0,0.0,2
304.7934164000035,1779880772.7779598,732.421875,200000,0.0,0.0,0.0,2
305.0227933999995,1779880773.007339,732.421875,200000,0.0,0.0,0.0,2
305.2016828000051,1779880773.1862266,732.421875,200000,0.0,0.0,0.0,2
305.4389259000018,1779880773.4234705,732.421875,200000,0.0,0.0,0.0,2
305.61981629999354,1779880773.6043618,732.421875,200000,0.0,0.0,0.0,2
305.7965034999943,1779880773.7810473,732.421875,200000,0.0,0.0,0.0,2
305.9876271999965,1779880773.9721727,732.421875,200000,0.0,0.0,0.0,2
306.22002890000294,1779880774.2045736,732.421875,200000,0.0,0.0,0.0,2
306.39761569999973,1779880774.3821607,732.421875,200000,0.0,0.0,0.0,2
306.59070669999346,1779880774.5752523,732.421875,200000,0.0,0.0,0.0,2
306.78207859999384,1779880774.7666228,732.421875,200000,0.0,0.0,0.0,2
306.9975228999974,1779880774.9820666,732.421875,200000,0.0,0.0,0.0,2
307.23852280000574,1779880775.223067,732.421875,200000,0.0,0.0,0.0,2
307.38847809999424,1779880775.373023,732.421875,200000,0.0,0.0,0.0,2
307.5767741000018,1779880775.5613189,732.421875,200000,0.0,0.0,0.0,2
307.83777690000716,1779880775.8223205,732.421875,200000,0.0,0.0,0.0,2
308.0140953999944,1779880775.9986389,732.421875,200000,0.0,0.0,0.0,2
308.19294269999955,1779880776.1774864,732.421875,200000,0.0,0.0,0.0,2
308.37353989999974,1779880776.3580835,732.421875,200000,0.0,0.0,0.0,2
308.5739786000049,1779880776.5585268,732.421875,200000,0.0,0.0,0.0,2
308.7908873999986,1779880776.775431,732.421875,200000,0.0,0.0,0.0,2
308.97335400000156,1779880776.9578977,732.421875,200000,0.0,0.0,0.0,2
309.21092510000744,1779880777.195469,732.421875,200000,0.0,0.0,0.0,2
309.391564000005,1779880777.3761082,732.421875,200000,0.0,0.0,0.0,2
309.5740187000047,1779880777.5585628,732.421875,200000,0.0,0.0,0.0,2
309.80994750000536,1779880777.7944913,732.421875,200000,0.0,0.0,0.0,2
309.9916966000019,1779880777.976241,732.421875,200000,0.0,0.0,0.0,2
310.1705314999999,1779880778.1550748,732.421875,200000,0.0,0.0,0.0,2
310.3612749000022,1779880778.3458185,732.421875,200000,0.0,0.0,0.0,2
310.59008550000726,1779880778.574629,732.421875,200000,0.0,0.0,0.0,2
310.7749796999997,1779880778.7595253,732.421875,200000,0.0,0.0,0.0,2
310.96693749999395,1779880778.9514828,732.421875,200000,0.0,0.0,0.0,2
311.1879687000037,1779880779.1725128,732.421875,200000,0.0,0.0,0.0,2
311.3695660999947,1779880779.3541098,732.421875,200000,0.0,0.0,0.0,2
311.60873019999417,1779880779.5932736,732.421875,200000,0.0,0.0,0.0,2
311.78686690000177,1779880779.771411,732.421875,200000,0.0,0.0,0.0,2
311.96991759999946,1779880779.9544623,732.421875,200000,0.0,0.0,0.0,2
312.1534398000076,1779880780.1379833,732.421875,200000,0.0,0.0,0.0,2
312.3907340000005,1779880780.375278,732.421875,200000,0.0,0.0,0.0,2
312.576015300001,1779880780.5605607,732.421875,200000,0.0,0.0,0.0,2
312.7552435999969,1779880780.7397873,732.421875,200000,0.0,0.0,0.0,2
312.98983210000733,1779880780.9743757,732.421875,200000,0.0,0.0,0.0,2
313.1710866000067,1779880781.1556306,732.421875,200000,0.0,0.0,0.0,2
313.34828330000164,1779880781.3328269,732.421875,200000,0.0,0.0,0.0,2
313.5881917999941,1779880781.572736,732.421875,200000,0.0,0.0,0.0,2
313.7688882999937,1779880781.7534337,732.421875,200000,0.0,0.0,0.0,2
313.9489237999951,1779880781.933468,732.421875,200000,0.0,0.0,0.0,2
314.1875338999962,1779880782.172078,732.421875,200000,0.0,0.0,0.0,2
314.3708784000046,1779880782.3554235,732.421875,200000,0.0,0.0,0.0,2
314.54942989999836,1779880782.5339732,732.421875,200000,0.0,0.0,0.0,2
314.73351710000134,1779880782.7180624,732.421875,200000,0.0,0.0,0.0,2
314.9663877999992,1779880782.9509325,732.421875,200000,0.0,0.0,0.0,2
315.14788930000213,1779880783.1324332,732.421875,200000,0.0,0.0,0.0,2
315.3377841000038,1779880783.3223286,732.421875,200000,0.0,0.0,0.0,2
315.56519979999575,1779880783.549744,732.421875,200000,0.0,0.0,0.0,2
315.7452462999936,1779880783.72979,732.421875,200000,0.0,0.0,0.0,2
315.9282707999955,1779880783.9128156,732.421875,200000,0.0,0.0,0.0,2
316.1710893999989,1779880784.1556346,732.421875,200000,0.0,0.0,0.0,2
316.34251139999833,1779880784.3270557,732.421875,200000,0.0,0.0,0.0,2
316.5335567000002,1779880784.518102,732.421875,200000,0.0,0.0,0.0,2
316.76624810000067,1779880784.7507925,732.421875,200000,0.0,0.0,0.0,2
316.94182130000263,1779880784.926365,732.421875,200000,0.0,0.0,0.0,2
317.1348653000023,1779880785.1194093,732.421875,200000,0.0,0.0,0.0,2
317.36530639999546,1779880785.3498518,732.421875,200000,0.0,0.0,0.0,2
317.54332320000685,1779880785.527867,732.421875,200000,0.0,0.0,0.0,2
317.72626870000386,1779880785.710813,732.421875,200000,0.0,0.0,0.0,2
317.91953349999676,1779880785.9040785,732.421875,200000,0.0,0.0,0.0,2
318.14083299999766,1779880786.1253767,732.421875,200000,0.0,0.0,0.0,2
318.32118090000586,1779880786.3057249,732.421875,200000,0.0,0.0,0.0,2
318.561317700005,1779880786.5458617,732.421875,200000,0.0,0.0,0.0,2
318.73950900000636,1779880786.7240524,732.421875,200000,0.0,0.0,0.0,2
318.9197891000076,1779880786.9043329,732.421875,200000,0.0,0.0,0.0,2
319.1639534999995,1779880787.1484978,732.421875,200000,0.0,0.0,0.0,2
319.34052320000774,1779880787.325068,732.421875,200000,0.0,0.0,0.0,2
319.52751650000573,1779880787.5120618,732.421875,200000,0.0,0.0,0.0,2
319.71221440000227,1779880787.6967583,732.421875,200000,0.0,0.0,0.0,2
319.9038780999981,1779880787.8884232,732.421875,200000,0.0,0.0,0.0,2
320.12493849999737,1779880788.109483,732.421875,200000,0.0,0.0,0.0,2
320.3023863999988,1779880788.2869303,732.421875,200000,0.0,0.0,0.0,2
320.5395489000075,1779880788.5240939,732.421875,200000,0.0,0.0,0.0,2
320.7186747999949,1779880788.7032185,732.421875,200000,0.0,0.0,0.0,2
320.9661982999969,1779880788.9507427,732.421875,200000,0.0,0.0,0.0,2
321.142405599996,1779880789.1269507,732.421875,200000,0.0,0.0,0.0,2
321.3226166999957,1779880789.3071618,732.421875,200000,0.0,0.0,0.0,2
321.6165198999952,1779880789.6010675,732.421875,200000,0.0,0.0,0.0,2
321.69396940000297,1779880789.678513,732.421875,200000,0.0,0.0,0.0,2
321.9171883999952,1779880789.9017682,732.421875,200000,0.0,0.0,0.0,2
322.10544559999835,1779880790.0899904,732.421875,200000,0.0,0.0,0.0,2
322.30059210000036,1779880790.2851372,732.421875,200000,0.0,0.0,0.0,2
322.5163496000023,1779880790.500895,732.421875,200000,0.0,0.0,0.0,2
322.7023702000006,1779880790.6869156,732.421875,200000,0.0,0.0,0.0,2
322.8901463000075,1779880790.8746922,732.421875,200000,0.0,0.0,0.0,2
323.1183323000005,1779880791.1028771,732.421875,200000,0.0,0.0,0.0,2
323.29756089999864,1779880791.282107,732.421875,200000,0.0,0.0,0.0,2
323.5429812000075,1779880791.527526,732.421875,200000,0.0,0.0,0.0,2
323.7125270999968,1779880791.697071,732.421875,200000,0.0,0.0,0.0,2
323.9018569000036,1779880791.8864021,732.421875,200000,0.0,0.0,0.0,2
324.08577279999736,1779880792.0703175,732.421875,200000,0.0,0.0,0.0,2
324.3104992000008,1779880792.2950425,732.421875,200000,0.0,0.0,0.0,2
324.4948124999937,1779880792.4793575,732.421875,200000,0.0,0.0,0.0,2
324.687986799996,1779880792.6725323,732.421875,200000,0.0,0.0,0.0,2
324.91689999999653,1779880792.9014459,732.421875,200000,0.0,0.0,0.0,2
325.0939555000077,1779880793.0785003,732.421875,200000,0.0,0.0,0.0,2
325.33343509999395,1779880793.31798,732.421875,200000,0.0,0.0,0.0,2
325.532786900003,1779880793.5173316,732.421875,200000,0.0,0.0,0.0,2
325.69213399999717,1779880793.676679,732.421875,200000,0.0,0.0,0.0,2
325.8805319999956,1779880793.8650758,732.421875,200000,0.0,0.0,0.0,2
326.0732815999945,1779880794.0578272,732.421875,200000,0.0,0.0,0.0,2
326.29210770000645,1779880794.2766535,732.421875,200000,0.0,0.0,0.0,2
326.47648409999965,1779880794.4610279,732.421875,200000,0.0,0.0,0.0,2
326.7069155000063,1779880794.69146,732.421875,200000,0.0,0.0,0.0,2
326.8920031000016,1779880794.876548,732.421875,200000,0.0,0.0,0.0,2
327.07660240000405,1779880795.0611475,732.421875,200000,0.0,0.0,0.0,2
327.26564789999975,1779880795.2501929,732.421875,200000,0.0,0.0,0.0,2
327.5552958000044,1779880795.5398412,732.421875,200000,0.0,0.0,0.0,2
327.67437110000174,1779880795.6589167,732.421875,200000,0.0,0.0,0.0,2
327.91341160000593,1779880795.8979566,732.421875,200000,0.0,0.0,0.0,2
328.0897150999954,1779880796.0742602,732.421875,200000,0.0,0.0,0.0,2
328.27798490000714,1779880796.2625306,732.421875,200000,0.0,0.0,0.0,2
328.5179218999983,1779880796.502467,732.421875,200000,0.0,0.0,0.0,2
328.6883048000018,1779880796.6728494,732.421875,200000,0.0,0.0,0.0,2
328.86785640000016,1779880796.8524003,732.421875,200000,0.0,0.0,0.0,2
329.0481695000053,1779880797.0327146,732.421875,200000,0.0,0.0,0.0,2
329.255264499996,1779880797.2398095,732.421875,200000,0.0,0.0,0.0,2
329.47165920000407,1779880797.4562047,732.421875,200000,0.0,0.0,0.0,2
329.65544289999525,1779880797.6399882,732.421875,200000,0.0,0.0,0.0,2
329.8856584000023,1779880797.870204,732.421875,200000,0.0,0.0,0.0,2
330.0655054999952,1779880798.0500503,732.421875,200000,0.0,0.0,0.0,2
330.2504537000059,1779880798.2349985,732.421875,200000,0.0,0.0,0.0,2
330.5526123000018,1779880798.5371573,732.421875,200000,0.0,0.0,0.0,2
330.6644496999943,1779880798.6489933,732.421875,200000,0.0,0.0,0.0,2
330.85404190000554,1779880798.838588,732.421875,200000,0.0,0.0,0.0,2
331.04217820000486,1779880799.0267236,732.421875,200000,0.0,0.0,0.0,2
331.26727850000316,1779880799.2518237,732.421875,200000,0.0,0.0,0.0,2
331.50237339999876,1779880799.486917,732.421875,200000,0.0,0.0,0.0,2
331.6870799000026,1779880799.6716247,732.421875,200000,0.0,0.0,0.0,2
331.8610275999963,1779880799.845571,732.421875,200000,0.0,0.0,0.0,2
332.05784290000156,1779880800.0423903,732.421875,200000,0.0,0.0,0.0,2
332.28347740000754,1779880800.2680216,732.421875,200000,0.0,0.0,0.0,2
332.521158699994,1779880800.5057027,732.421875,200000,0.0,0.0,0.0,2
332.64500899999985,1779880800.6295526,732.421875,200000,0.0,0.0,0.0,2
332.88405059999786,1779880800.8685963,732.421875,200000,0.0,0.0,0.0,2
333.06220489999396,1779880801.0467489,732.421875,200000,0.0,0.0,0.0,2
333.2421749000059,1779880801.2267199,732.421875,200000,0.0,0.0,0.0,2
333.48640900000464,1779880801.470955,732.421875,200000,0.0,0.0,0.0,2
333.6248446999962,1779880801.60939,732.421875,200000,0.0,0.0,0.0,2
333.8396059000079,1779880801.8241506,732.421875,200000,0.0,0.0,0.0,2
334.07950150000397,1779880802.064045,732.421875,200000,0.0,0.0,0.0,2
334.2621109000029,1779880802.2466562,732.421875,200000,0.0,0.0,0.0,2
334.50132470000244,1779880802.4858696,732.421875,200000,0.0,0.0,0.0,2
334.62535980000393,1779880802.609905,732.421875,200000,0.0,0.0,0.0,2
334.81721839999955,1779880802.8017635,732.421875,200000,0.0,0.0,0.0,2
335.03712170000654,1779880803.0216663,732.421875,200000,0.0,0.0,0.0,2
335.218223200005,1779880803.2027667,732.421875,200000,0.0,0.0,0.0,2
335.4699488000042,1779880803.4544933,732.421875,200000,0.0,0.0,0.0,2
335.6395618999959,1779880803.6241074,732.421875,200000,0.0,0.0,0.0,2
335.8212476000044,1779880803.805792,732.421875,200000,0.0,0.0,0.0,2
336.0596435000043,1779880804.0441895,732.421875,200000,0.0,0.0,0.0,2
336.2337637000019,1779880804.218307,732.421875,200000,0.0,0.0,0.0,2
336.47632370000065,1779880804.4608686,732.421875,200000,0.0,0.0,0.0,2
336.61679020000156,1779880804.6013353,732.421875,200000,0.0,0.0,0.0,2
336.83928050000395,1779880804.8238256,732.421875,200000,0.0,0.0,0.0,2
337.01240829999733,1779880804.9969518,732.421875,200000,0.0,0.0,0.0,2
337.20397149999917,1779880805.1885147,732.421875,200000,0.0,0.0,0.0,2
337.4416318000003,1779880805.4261765,732.421875,200000,0.0,0.0,0.0,2
337.6129118999961,1779880805.597456,732.421875,200000,0.0,0.0,0.0,2
337.80908360000467,1779880805.7936292,732.421875,200000,0.0,0.0,0.0,2
338.0330934999947,1779880806.0176387,732.421875,200000,0.0,0.0,0.0,2
338.21464829999604,1779880806.199193,732.421875,200000,0.0,0.0,0.0,2
338.45522440000786,1779880806.4397695,732.421875,200000,0.0,0.0,0.0,2
338.6302721999964,1779880806.6148162,732.421875,200000,0.0,0.0,0.0,2
338.8161831000034,1779880806.800728,732.421875,200000,0.0,0.0,0.0,2
339.0061577000015,1779880806.9907026,732.421875,200000,0.0,0.0,0.0,2
339.23300190000737,1779880807.2175467,732.421875,200000,0.0,0.0,0.0,2
339.47420870000497,1779880807.4587538,732.421875,200000,0.0,0.0,0.0,2
339.59773439999844,1779880807.5822797,732.421875,200000,0.0,0.0,0.0,2
339.7898368000024,1779880807.7743819,732.421875,200000,0.0,0.0,0.0,2
340.0128718000051,1779880807.9974167,732.421875,200000,0.0,0.0,0.0,2
340.1955636000057,1779880808.180109,732.421875,200000,0.0,0.0,0.0,2
340.4286862000008,1779880808.41323,732.421875,200000,0.0,0.0,0.0,2
340.6082858000009,1779880808.5928302,732.421875,200000,0.0,0.0,0.0,2
340.79327130000456,1779880808.777816,732.421875,200000,0.0,0.0,0.0,2
340.98472649999894,1779880808.9692717,732.421875,200000,0.0,0.0,0.0,2
341.20844800000486,1779880809.1929927,732.421875,200000,0.0,0.0,0.0,2
341.44870740000624,1779880809.4332511,732.421875,200000,0.0,0.0,0.0,2
341.6273521999974,1779880809.6118956,732.421875,200000,0.0,0.0,0.0,2
341.8057628999959,1779880809.7903109,732.421875,200000,0.0,0.0,0.0,2
341.99336000000767,1779880809.9779055,732.421875,200000,0.0,0.0,0.0,2
342.1805225999997,1779880810.1650684,732.421875,200000,0.0,0.0,0.0,2
342.4177883999946,1779880810.4023323,732.421875,200000,0.0,0.0,0.0,2
342.5876655000029,1779880810.57221,732.421875,200000,0.0,0.0,0.0,2
342.8276224000001,1779880810.8121676,732.421875,200000,0.0,0.0,0.0,2
343.0099807999941,1779880810.9945257,732.421875,200000,0.0,0.0,0.0,2
343.18689209999866,1779880811.171436,732.421875,200000,0.0,0.0,0.0,2
343.42569340000045,1779880811.4102385,732.421875,200000,0.0,0.0,0.0,2
343.57964060000086,1779880811.5641856,732.421875,200000,0.0,0.0,0.0,2
343.78916280000703,1779880811.773708,732.421875,200000,0.0,0.0,0.0,2
344.02511190000223,1779880812.0096567,732.421875,200000,0.0,0.0,0.0,2
344.2058449000033,1779880812.1903899,732.421875,200000,0.0,0.0,0.0,2
344.4454906000028,1779880812.4300354,732.421875,200000,0.0,0.0,0.0,2
344.5694688999938,1779880812.5540137,732.421875,200000,0.0,0.0,0.0,2
344.8079441000009,1779880812.79249,732.421875,200000,0.0,0.0,0.0,2
344.9835354999959,1779880812.96808,732.421875,200000,0.0,0.0,0.0,2
345.1735312999954,1779880813.158077,732.421875,200000,0.0,0.0,0.0,2
345.4040299000044,1779880813.3885748,732.421875,200000,0.0,0.0,0.0,2
345.5801489000005,1779880813.5646925,732.421875,200000,0.0,0.0,0.0,2
345.76326049999625,1779880813.747804,732.421875,200000,0.0,0.0,0.0,2
345.9530083999998,1779880813.937554,732.421875,200000,0.0,0.0,0.0,2
346.18597880000016,1779880814.170524,732.421875,200000,0.0,0.0,0.0,2
346.4253385000047,1779880814.4098837,732.421875,200000,0.0,0.0,0.0,2
346.5581586000044,1779880814.5427036,732.421875,200000,0.0,0.0,0.0,2
346.78615480000735,1779880814.7707002,732.421875,200000,0.0,0.0,0.0,2
346.96262910000223,1779880814.9471743,732.421875,200000,0.0,0.0,0.0,2
347.14842430000135,1779880815.13297,732.421875,200000,0.0,0.0,0.0,2
347.3876210000017,1779880815.372166,732.421875,200000,0.0,0.0,0.0,2
347.56331209999917,1779880815.547857,732.421875,200000,0.0,0.0,0.0,2
347.75235429999884,1779880815.7368984,732.421875,200000,0.0,0.0,0.0,2
347.9799500999943,1779880815.9644952,732.421875,200000,0.0,0.0,0.0,2
348.1593195000023,1779880816.1438646,732.421875,200000,0.0,0.0,0.0,2
348.4010432000068,1779880816.3855886,732.421875,200000,0.0,0.0,0.0,2
348.58120050000434,1779880816.5657456,732.421875,200000,0.0,0.0,0.0,2
348.7600056999945,1779880816.7445507,732.421875,200000,0.0,0.0,0.0,2
348.9443953000009,1779880816.9289389,732.421875,200000,0.0,0.0,0.0,2
349.1383100999956,1779880817.1228547,732.421875,200000,0.0,0.0,0.0,2
349.3644071000017,1779880817.3489523,732.421875,200000,0.0,0.0,0.0,2
349.53836669999873,1779880817.52291,732.421875,200000,0.0,0.0,0.0,2
349.77478130000236,1779880817.759325,732.421875,200000,0.0,0.0,0.0,2
349.95595299999695,1779880817.9404979,732.421875,200000,0.0,0.0,0.0,2
350.19422420000774,1779880818.1787698,732.421875,200000,0.0,0.0,0.0,2
350.37959939999564,1779880818.3641446,732.421875,200000,0.0,0.0,0.0,2
350.5551650999987,1779880818.53971,732.421875,200000,0.0,0.0,0.0,2
350.73655139999755,1779880818.7210965,732.421875,200000,0.0,0.0,0.0,2
350.9752754999936,1779880818.959821,732.421875,200000,0.0,0.0,0.0,2
351.1547761999973,1779880819.1393213,732.421875,200000,0.0,0.0,0.0,2
351.3935228000046,1779880819.3780668,732.421875,200000,0.0,0.0,0.0,2
351.52733810000063,1779880819.5118842,732.421875,200000,0.0,0.0,0.0,2
351.753693000006,1779880819.738237,732.421875,200000,0.0,0.0,0.0,2
351.9401436000044,1779880819.9246876,732.421875,200000,0.0,0.0,0.0,2
352.1254947999987,1779880820.1100385,732.421875,200000,0.0,0.0,0.0,2
352.35605630000646,1779880820.3406003,732.421875,200000,0.0,0.0,0.0,2
352.53961069999787,1779880820.5241551,732.421875,200000,0.0,0.0,0.0,2
352.7745942000038,1779880820.7591386,732.421875,200000,0.0,0.0,0.0,2
352.954352700006,1779880820.938897,732.421875,200000,0.0,0.0,0.0,2
353.1327051999979,1779880821.117249,732.421875,200000,0.0,0.0,0.0,2
353.37225869999384,1779880821.3568027,732.421875,200000,0.0,0.0,0.0,2
353.5128529000067,1779880821.497397,732.421875,200000,0.0,0.0,0.0,2
353.73374209999747,1779880821.718287,732.421875,200000,0.0,0.0,0.0,2
353.91728870000225,1779880821.9018335,732.421875,200000,0.0,0.0,0.0,2
354.15112959999533,1779880822.1356738,732.421875,200000,0.0,0.0,0.0,2
354.39027469999564,1779880822.3748183,732.421875,200000,0.0,0.0,0.0,2
354.51225749999867,1779880822.4968019,732.421875,200000,0.0,0.0,0.0,2
354.7515718000068,1779880822.7361157,732.421875,200000,0.0,0.0,0.0,2
354.9293777999992,1779880822.9139218,732.421875,200000,0.0,0.0,0.0,2
355.1118252000015,1779880823.0963688,732.421875,200000,0.0,0.0,0.0,2
355.3487477000017,1779880823.3332915,732.421875,200000,0.0,0.0,0.0,2
355.52992610000365,1779880823.5144749,732.421875,200000,0.0,0.0,0.0,2
355.71093620000465,1779880823.6954806,732.421875,200000,0.0,0.0,0.0,2
355.8988313000009,1779880823.8833752,732.421875,200000,0.0,0.0,0.0,2
356.13014710000425,1779880824.1146927,732.421875,200000,0.0,0.0,0.0,2
356.31398000000627,1779880824.2985253,732.421875,200000,0.0,0.0,0.0,2
356.5023862999951,1779880824.4869301,732.421875,200000,0.0,0.0,0.0,2
356.7287995999941,1779880824.713343,732.421875,200000,0.0,0.0,0.0,2
356.91123700000753,1779880824.895783,732.421875,200000,0.0,0.0,0.0,2
357.14644569999655,1779880825.1309896,732.421875,200000,0.0,0.0,0.0,2
357.3282687000028,1779880825.312814,732.421875,200000,0.0,0.0,0.0,2
357.51326459999837,1779880825.49781,732.421875,200000,0.0,0.0,0.0,2
357.6948562000034,1779880825.6793997,732.421875,200000,0.0,0.0,0.0,2
357.92940730000555,1779880825.9139516,732.421875,200000,0.0,0.0,0.0,2
358.104740099996,1779880826.089284,732.421875,200000,0.0,0.0,0.0,2
358.2983443999983,1779880826.2828894,732.421875,200000,0.0,0.0,0.0,2
358.49013200000627,1779880826.4746757,732.421875,200000,0.0,0.0,0.0,2
358.70357300000614,1779880826.6881166,732.421875,200000,0.0,0.0,0.0,2
358.8936182000034,1779880826.8781633,732.421875,200000,0.0,0.0,0.0,2
359.079982700001,1779880827.0645285,732.421875,200000,0.0,0.0,0.0,2
359.3061294000072,1779880827.2906752,732.421875,200000,0.0,0.0,0.0,2
359.4858047000016,1779880827.4703505,732.421875,200000,0.0,0.0,0.0,2
359.72893009999825,1779880827.7134762,732.421875,200000,0.0,0.0,0.0,2
359.9095066000009,1779880827.894052,732.421875,200000,0.0,0.0,0.0,2
360.0880998000066,1779880828.0726452,732.421875,200000,0.0,0.0,0.0,2
360.3265673999995,1779880828.3111126,732.421875,200000,0.0,0.0,0.0,2
360.50606980000157,1779880828.4906158,732.421875,200000,0.0,0.0,0.0,2
360.6814871999959,1779880828.666031,732.421875,200000,0.0,0.0,0.0,2
360.8725093999965,1779880828.8570538,732.421875,200000,0.0,0.0,0.0,2
361.10324820000096,1779880829.087793,732.421875,200000,0.0,0.0,0.0,2
361.2847264000011,1779880829.2692714,732.421875,200000,0.0,0.0,0.0,2
361.4763806999981,1779880829.4609256,732.421875,200000,0.0,0.0,0.0,2
361.70004690000496,1779880829.6845906,732.421875,200000,0.0,0.0,0.0,2
361.8852734999964,1779880829.8698192,732.421875,200000,0.0,0.0,0.0,2
362.0653014999989,1779880830.0498452,732.421875,200000,0.0,0.0,0.0,2
362.29777259999537,1779880830.2823164,732.421875,200000,0.0,0.0,0.0,2
362.4831545000052,1779880830.4677377,732.421875,200000,0.0,0.0,0.0,2
362.6694806000014,1779880830.6540265,732.421875,200000,0.0,0.0,0.0,2
362.85928040000726,1779880830.8438244,732.421875,200000,0.0,0.0,0.0,2
363.0811404999986,1779880831.0656843,732.421875,200000,0.0,0.0,0.0,2
363.26786740000534,1779880831.2524123,732.421875,200000,0.0,0.0,0.0,2
363.49774590000743,1779880831.4822896,732.421875,200000,0.0,0.0,0.0,2
363.6787502000079,1779880831.6632943,732.421875,200000,0.0,0.0,0.0,2
363.85944470000686,1779880831.84399,732.421875,200000,0.0,0.0,0.0,2
364.0500173000037,1779880832.0345616,732.421875,200000,0.0,0.0,0.0,2
364.27755119999347,1779880832.2620952,732.421875,200000,0.0,0.0,0.0,2
364.4598927000043,1779880832.4444382,732.421875,200000,0.0,0.0,0.0,2
364.65516179999395,1779880832.6397076,732.421875,200000,0.0,0.0,0.0,2
364.84469280000485,1779880832.829237,732.421875,200000,0.0,0.0,0.0,2
365.05921130000206,1779880833.043755,732.421875,200000,0.0,0.0,0.0,2
365.2965475999954,1779880833.2810938,732.421875,200000,0.0,0.0,0.0,2
365.4495339999994,1779880833.4340792,732.421875,200000,0.0,0.0,0.0,2
365.65417900000466,1779880833.638723,732.421875,200000,0.0,0.0,0.0,2
365.8957250999956,1779880833.8802686,732.421875,200000,0.0,0.0,0.0,2
366.0768621000025,1779880834.0614057,732.421875,200000,0.0,0.0,0.0,2
366.25323679999565,1779880834.2377806,732.421875,200000,0.0,0.0,0.0,2
366.4335185999953,1779880834.4180627,732.421875,200000,0.0,0.0,0.0,2
366.6736772000004,1779880834.6582205,732.421875,200000,0.0,0.0,0.0,2
366.85758440000063,1779880834.8421283,732.421875,200000,0.0,0.0,0.0,2
367.04181199999584,1779880835.0263555,732.421875,200000,0.0,0.0,0.0,2
367.24134900000354,1779880835.2258923,732.421875,200000,0.0,0.0,0.0,2
367.4591728999949,1779880835.4437187,732.421875,200000,0.0,0.0,0.0,2
367.6938267000078,1779880835.6783707,732.421875,200000,0.0,0.0,0.0,2
367.8703167000058,1779880835.8548608,732.421875,200000,0.0,0.0,0.0,2
368.0602938999946,1779880834.7845619,732.421875,200000,0.0,0.0,0.0,2
368.2334058999986,1779880834.9576726,732.421875,200000,0.0,0.0,0.0,2
368.4333910999994,1779880835.1576173,732.421875,200000,0.0,0.0,0.0,2
368.6196743000037,1779880835.3438997,732.421875,200000,0.0,0.0,0.0,2
368.83124769999995,1779880835.5554335,732.421875,200000,0.0,0.0,0.0,2
369.0714647999994,1779880835.7956507,732.421875,200000,0.0,0.0,0.0,2
369.2513977000053,1779880835.9755838,732.421875,200000,0.0,0.0,0.0,2
369.433114200001,1779880836.1573,732.421875,200000,0.0,0.0,0.0,2
369.615550100003,1779880836.3397377,732.421875,200000,0.0,0.0,0.0,2
369.8504305999959,1779880836.574616,732.421875,200000,0.0,0.0,0.0,2
370.03200500000094,1779880836.7561927,732.421875,200000,0.0,0.0,0.0,2
370.21933870000066,1779880836.9435248,732.421875,200000,0.0,0.0,0.0,2
370.45176450000145,1779880837.1759503,732.421875,200000,0.0,0.0,0.0,2
370.6288879000058,1779880837.3530738,732.421875,200000,0.0,0.0,0.0,2
370.8673648999975,1779880837.591551,732.421875,200000,0.0,0.0,0.0,2
371.05152649999945,1779880837.7757146,732.421875,200000,0.0,0.0,0.0,2
371.2277979000064,1779880837.951984,732.421875,200000,0.0,0.0,0.0,2
371.40975730000355,1779880838.133943,732.421875,200000,0.0,0.0,0.0,2
371.6100252000033,1779880838.334211,732.421875,200000,0.0,0.0,0.0,2
371.82631620000757,1779880838.5505018,732.421875,200000,0.0,0.0,0.0,2
372.0116851000057,1779880838.7358708,732.421875,200000,0.0,0.0,0.0,2
372.2471278000012,1779880838.971314,732.421875,200000,0.0,0.0,0.0,2
372.42701549999765,1779880839.1512022,732.421875,200000,0.0,0.0,0.0,2
372.61052159999963,1779880839.3347077,732.421875,200000,0.0,0.0,0.0,2
372.8016312999971,1779880839.5258174,732.421875,200000,0.0,0.0,0.0,2
373.0257539000013,1779880839.7499402,732.421875,200000,0.0,0.0,0.0,2
373.2048944999988,1779880839.9290805,732.421875,200000,0.0,0.0,0.0,2
373.3982721000066,1779880840.1224585,732.421875,200000,0.0,0.0,0.0,2
373.62211900000693,1779880840.3463047,732.421875,200000,0.0,0.0,0.0,2
373.80171070000506,1779880840.525897,732.421875,200000,0.0,0.0,0.0,2
373.9873834000027,1779880840.711571,732.421875,200000,0.0,0.0,0.0,2
374.2227619000041,1779880840.9469495,732.421875,200000,0.0,0.0,0.0,2
374.399843399995,1779880841.1240299,732.421875,200000,0.0,0.0,0.0,2
374.58932240000286,1779880841.313508,732.421875,200000,0.0,0.0,0.0,2
374.82260769999993,1779880841.5467954,732.421875,200000,0.0,0.0,0.0,2
374.99998659999983,1779880841.7241726,732.421875,200000,0.0,0.0,0.0,2
375.19357459999446,1779880841.9177628,732.421875,200000,0.0,0.0,0.0,2
375.4224719000049,1779880842.1466596,732.421875,200000,0.0,0.0,0.0,2
375.60296489999746,1779880842.3271506,732.421875,200000,0.0,0.0,0.0,2
375.7829950000014,1779880842.5071826,732.421875,200000,0.0,0.0,0.0,2
376.01702870000736,1779880842.7412143,732.421875,200000,0.0,0.0,0.0,2
376.2010816999973,1779880842.9252696,732.421875,200000,0.0,0.0,0.0,2
376.38355719999527,1779880843.1077435,732.421875,200000,0.0,0.0,0.0,2
376.6195597000042,1779880843.3437457,732.421875,200000,0.0,0.0,0.0,2
376.7970461000077,1779880843.5212317,732.421875,200000,0.0,0.0,0.0,2
376.9784998999967,1779880843.7026875,732.421875,200000,0.0,0.0,0.0,2
377.17705790000036,1779880843.9012437,732.421875,200000,0.0,0.0,0.0,2
377.3967208999966,1779880844.1209066,732.421875,200000,0.0,0.0,0.0,2
377.5787328000006,1779880844.302919,732.421875,200000,0.0,0.0,0.0,2
377.78194590000203,1779880844.5061316,732.421875,200000,0.0,0.0,0.0,2
377.9980340000038,1779880844.7222197,732.421875,200000,0.0,0.0,0.0,2
378.1829230000003,1779880844.9071085,732.421875,200000,0.0,0.0,0.0,2
378.41634549999435,1779880845.1405327,732.421875,200000,0.0,0.0,0.0,2
378.594465400005,1779880845.3186517,732.421875,200000,0.0,0.0,0.0,2
378.77826910000294,1779880845.5024548,732.421875,200000,0.0,0.0,0.0,2
378.9704044999962,1779880845.6945918,732.421875,200000,0.0,0.0,0.0,2
379.16328360000625,1779880845.8874724,732.421875,200000,0.0,0.0,0.0,2
379.3769978000055,1779880846.1011853,732.421875,200000,0.0,0.0,0.0,2
379.61840750000556,1779880846.3425949,732.421875,200000,0.0,0.0,0.0,2
379.7946282000048,1779880846.5188143,732.421875,200000,0.0,0.0,0.0,2
379.9741745000065,1779880846.6983607,732.421875,200000,0.0,0.0,0.0,2
380.2142798999994,1779880846.9384656,732.421875,200000,0.0,0.0,0.0,2
380.392680799996,1779880847.116866,732.421875,200000,0.0,0.0,0.0,2
380.57588560000295,1779880847.3000712,732.421875,200000,0.0,0.0,0.0,2
380.7558257000055,1779880847.4800117,732.421875,200000,0.0,0.0,0.0,2
380.9590012999979,1779880847.6831875,732.421875,200000,0.0,0.0,0.0,2
381.171854900007,1779880847.8960404,732.421875,200000,0.0,0.0,0.0,2
381.3602455999935,1779880848.0844328,732.421875,200000,0.0,0.0,0.0,2
381.5479750999948,1779880848.272162,732.421875,200000,0.0,0.0,0.0,2
381.7723843999993,1779880848.496572,732.421875,200000,0.0,0.0,0.0,2
381.95479489999707,1779880848.6789813,732.421875,200000,0.0,0.0,0.0,2
382.19720860000234,1779880848.9213955,732.421875,200000,0.0,0.0,0.0,2
382.37121549999574,1779880849.095402,732.421875,200000,0.0,0.0,0.0,2
382.55061609999393,1779880849.2748017,732.421875,200000,0.0,0.0,0.0,2
382.7379166000028,1779880849.4621046,732.421875,200000,0.0,0.0,0.0,2
382.97189380000054,1779880849.6960807,732.421875,200000,0.0,0.0,0.0,2
383.14981909999915,1779880849.874005,732.421875,200000,0.0,0.0,0.0,2
383.3429460000043,1779880850.0671327,732.421875,200000,0.0,0.0,0.0,2
383.53398979999474,1779880850.2581778,732.421875,200000,0.0,0.0,0.0,2
383.7515112999972,1779880850.475699,732.421875,200000,0.0,0.0,0.0,2
383.9304848000029,1779880850.6546702,732.421875,200000,0.0,0.0,0.0,2
384.1372701000073,1779880850.861456,732.421875,200000,0.0,0.0,0.0,2
384.3525762000063,1779880851.0767636,732.421875,200000,0.0,0.0,0.0,2
384.5920630000037,1779880851.3162491,732.421875,200000,0.0,0.0,0.0,2
384.772641699994,1779880851.4968274,732.421875,200000,0.0,0.0,0.0,2
384.9470234000037,1779880851.6712089,732.421875,200000,0.0,0.0,0.0,2
385.1322019000072,1779880851.8563874,732.421875,200000,0.0,0.0,0.0,2
385.33130710000114,1779880852.0554929,732.421875,200000,0.0,0.0,0.0,2
385.54664339999727,1779880852.2708304,732.421875,200000,0.0,0.0,0.0,2
385.73251390000223,1779880852.456701,732.421875,200000,0.0,0.0,0.0,2
385.91894820000743,1779880852.6431336,732.421875,200000,0.0,0.0,0.0,2
386.14935289999994,1779880852.8735409,732.421875,200000,0.0,0.0,0.0,2
386.3268504000007,1779880853.051038,732.421875,200000,0.0,0.0,0.0,2
386.5641437000013,1779880853.2883308,732.421875,200000,0.0,0.0,0.0,2
386.74973090000276,1779880853.4739182,732.421875,200000,0.0,0.0,0.0,2
386.9285438000079,1779880853.6527293,732.421875,200000,0.0,0.0,0.0,2
387.1126049000013,1779880853.8367918,732.421875,200000,0.0,0.0,0.0,2
387.3474900000001,1779880854.0716763,732.421875,200000,0.0,0.0,0.0,2
387.5264929999976,1779880854.2506797,732.421875,200000,0.0,0.0,0.0,2
387.7167836000008,1779880854.440971,732.421875,200000,0.0,0.0,0.0,2
387.9472409000009,1779880854.6714282,732.421875,200000,0.0,0.0,0.0,2
388.12471540000115,1779880854.8489017,732.421875,200000,0.0,0.0,0.0,2
388.3096446999989,1779880855.0338318,732.421875,200000,0.0,0.0,0.0,2
388.545360300006,1779880855.269549,732.421875,200000,0.0,0.0,0.0,2
388.71947919999366,1779880855.4436655,732.421875,200000,0.0,0.0,0.0,2
388.9100155000051,1779880855.634203,732.421875,200000,0.0,0.0,0.0,2
389.13911079999525,1779880855.863297,732.421875,200000,0.0,0.0,0.0,2
389.3226327000011,1779880856.0468202,732.421875,200000,0.0,0.0,0.0,2
389.50092140000197,1779880856.2251077,732.421875,200000,0.0,0.0,0.0,2
389.74037820000376,1779880856.4645655,732.421875,200000,0.0,0.0,0.0,2
389.91833359999873,1779880856.6425192,732.421875,200000,0.0,0.0,0.0,2
390.1612962000072,1779880856.8854833,732.421875,200000,0.0,0.0,0.0,2
390.3399256999983,1779880857.0641117,732.421875,200000,0.0,0.0,0.0,2
390.5243126999994,1779880857.2485,732.421875,200000,0.0,0.0,0.0,2
390.6961348000041,1779880857.4203205,732.421875,200000,0.0,0.0,0.0,2
390.8955949999945,1779880857.619782,732.421875,200000,0.0,0.0,0.0,2
391.11557029999676,1779880857.8397563,732.421875,200000,0.0,0.0,0.0,2
391.2963068999961,1779880858.020493,732.421875,200000,0.0,0.0,0.0,2
391.5368281999981,1779880858.2610145,732.421875,200000,0.0,0.0,0.0,2
391.71519279999484,1779880858.4393802,732.421875,200000,0.0,0.0,0.0,2
391.89964259999397,1779880858.6238284,732.421875,200000,0.0,0.0,0.0,2
392.0917788000079,1779880858.815967,732.421875,200000,0.0,0.0,0.0,2
392.3180055999983,1779880859.042193,732.421875,200000,0.0,0.0,0.0,2
392.49589999999444,1779880859.2200863,732.421875,200000,0.0,0.0,0.0,2
392.7377247999975,1779880859.4619126,732.421875,200000,0.0,0.0,0.0,2
392.88488349999534,1779880859.60907,732.421875,200000,0.0,0.0,0.0,2
393.1007088000042,1779880859.8248966,732.421875,200000,0.0,0.0,0.0,2
393.3345014999941,1779880860.0586872,732.421875,200000,0.0,0.0,0.0,2
393.51323130000674,1779880860.2374167,732.421875,200000,0.0,0.0,0.0,2
393.69193529999757,1779880860.416121,732.421875,200000,0.0,0.0,0.0,2
393.93417829999817,1779880860.6583662,732.421875,200000,0.0,0.0,0.0,2
394.11637590000464,1779880860.8405635,732.421875,200000,0.0,0.0,0.0,2
394.29371840000385,1779880861.017905,732.421875,200000,0.0,0.0,0.0,2
394.47497860000294,1779880861.1991644,732.421875,200000,0.0,0.0,0.0,2
394.6801511999947,1779880861.4043374,732.421875,200000,0.0,0.0,0.0,2
394.89305319999403,1779880861.6172404,732.421875,200000,0.0,0.0,0.0,2
395.1356858000072,1779880861.8598733,732.421875,200000,0.0,0.0,0.0,2
395.3092467999959,1779880862.0334332,732.421875,200000,0.0,0.0,0.0,2
395.49462690000655,1779880862.218813,732.421875,200000,0.0,0.0,0.0,2
395.67584609999903,1779880862.400032,732.421875,200000,0.0,0.0,0.0,2
395.8639506000036,1779880862.5881374,732.421875,200000,0.0,0.0,0.0,2
396.0888636000018,1779880862.8130493,732.421875,200000,0.0,0.0,0.0,2
396.27338329999475,1779880862.9975693,732.421875,200000,0.0,0.0,0.0,2
396.46140070000547,1779880863.1855867,732.421875,200000,0.0,0.0,0.0,2
396.6881374999939,1779880863.4123235,732.421875,200000,0.0,0.0,0.0,2
396.86929089999467,1779880863.5934765,732.421875,200000,0.0,0.0,0.0,2
397.1073413999984,1779880863.8315277,732.421875,200000,0.0,0.0,0.0,2
397.287908600003,1779880864.0120943,732.421875,200000,0.0,0.0,0.0,2
397.46837299999606,1779880864.1925588,732.421875,200000,0.0,0.0,0.0,2
397.6592653999978,1779880864.3834517,732.421875,200000,0.0,0.0,0.0,2
397.8494078999938,1779880864.573594,732.421875,200000,0.0,0.0,0.0,2
398.0663484999968,1779880864.7905343,732.421875,200000,0.0,0.0,0.0,2
398.26165699999547,1779880864.9858432,732.421875,200000,0.0,0.0,0.0,2
398.4499244000035,1779880865.1741102,732.421875,200000,0.0,0.0,0.0,2
398.66522239999904,1779880865.3894093,732.421875,200000,0.0,0.0,0.0,2
398.9059976999997,1779880865.6301835,732.421875,200000,0.0,0.0,0.0,2
399.08535850000044,1779880865.809544,732.421875,200000,0.0,0.0,0.0,2
399.2664777000027,1779880865.9906638,732.421875,200000,0.0,0.0,0.0,2
399.5055609999981,1779880866.2297487,732.421875,200000,0.0,0.0,0.0,2
399.6852727000078,1779880866.4094586,732.421875,200000,0.0,0.0,0.0,2
399.8644009999989,1779880866.588587,732.421875,200000,0.0,0.0,0.0,2
400.04968189999636,1779880866.7738678,732.421875,200000,0.0,0.0,0.0,2
400.2472271000006,1779880866.9714131,732.421875,200000,0.0,0.0,0.0,2
400.4666593000002,1779880867.1908453,732.421875,200000,0.0,0.0,0.0,2
400.642259500004,1779880867.3664453,732.421875,200000,0.0,0.0,0.0,2
400.88302690000273,1779880867.6072133,732.421875,200000,0.0,0.0,0.0,2
401.06229420000454,1779880867.7864819,732.421875,200000,0.0,0.0,0.0,2
401.2462763999938,1779880867.9704623,732.421875,200000,0.0,0.0,0.0,2
401.48962000000756,1779880868.2138064,732.421875,200000,0.0,0.0,0.0,2
401.66409039999417,1779880868.3882766,732.421875,200000,0.0,0.0,0.0,2
401.84246559999883,1779880868.5666513,732.421875,200000,0.0,0.0,0.0,2
402.0812101000047,1779880868.8053963,732.421875,200000,0.0,0.0,0.0,2
402.26049699999567,1779880868.984683,732.421875,200000,0.0,0.0,0.0,2
402.50174390000757,1779880869.22593,732.421875,200000,0.0,0.0,0.0,2
402.6239579999965,1779880869.3481443,732.421875,200000,0.0,0.0,0.0,2
402.85946229999536,1779880869.5836496,732.421875,200000,0.0,0.0,0.0,2
403.0403465999989,1779880869.7645328,732.421875,200000,0.0,0.0,0.0,2
403.22336709999945,1779880869.9475534,732.421875,200000,0.0,0.0,0.0,2
403.51819040000555,1779880870.2423773,732.421875,200000,0.0,0.0,0.0,2
403.63921140000457,1779880870.3633971,732.421875,200000,0.0,0.0,0.0,2
403.8242042000056,1779880870.5483944,732.421875,200000,0.0,0.0,0.0,2
404.0146725999948,1779880870.7388594,732.421875,200000,0.0,0.0,0.0,2
404.23808540000755,1779880870.9622712,732.421875,200000,0.0,0.0,0.0,2
404.4768381000031,1779880871.2010243,732.421875,200000,0.0,0.0,0.0,2
404.6584559000039,1779880871.382642,732.421875,200000,0.0,0.0,0.0,2
404.83737290000136,1779880871.5615587,732.421875,200000,0.0,0.0,0.0,2
405.077432200007,1779880871.801618,732.421875,200000,0.0,0.0,0.0,2
405.25855300000694,1779880871.982739,732.421875,200000,0.0,0.0,0.0,2
406.3856182000018,1779880873.1098046,732.421875,200000,0.0,0.0,0.0,2
406.3890339000063,1779880873.1132202,732.421875,200000,0.0,0.0,0.0,2
406.4714859999949,1779880873.1956718,732.421875,200000,0.0,0.0,0.0,2
406.4738643000019,1779880873.19805,732.421875,200000,0.0,0.0,0.0,2
406.47746700000425,1779880873.2016532,732.421875,200000,0.0,0.0,0.0,2
406.4808808999951,1779880873.2050676,732.421875,200000,0.0,0.0,0.0,2
406.6150258999987,1779880873.3392115,732.421875,200000,0.0,0.0,0.0,2
406.8172717999987,1779880873.5414574,732.421875,200000,0.0,0.0,0.0,2
407.00099270000646,1779880873.725179,732.421875,200000,0.0,0.0,0.0,2
407.20584179999423,1779880873.9300275,732.421875,200000,0.0,0.0,0.0,2
407.4778359000047,1779880874.2020218,732.421875,200000,0.0,0.0,0.0,2
407.65479840000626,1779880874.3789842,732.421875,200000,0.0,0.0,0.0,2
407.8355411999946,1779880874.5597265,732.421875,200000,0.0,0.0,0.0,2
408.0172973000008,1779880874.7414832,732.421875,200000,0.0,0.0,0.0,2
408.25559610000346,1779880874.9797828,732.421875,200000,0.0,0.0,0.0,2
408.4931125000003,1779880875.2172983,732.421875,200000,0.0,0.0,0.0,2
408.61568719999923,1779880875.3398743,732.421875,200000,0.0,0.0,0.0,2
408.7985023000074,1779880875.5226889,732.421875,200000,0.0,0.0,0.0,2
409.0334473999974,1779880875.7576332,732.421875,200000,0.0,0.0,0.0,2
409.211910900005,1779880875.9360962,732.421875,200000,0.0,0.0,0.0,2
409.4539850000001,1779880876.1781723,732.421875,200000,0.0,0.0,0.0,2
409.5859474000026,1779880876.3101335,732.421875,200000,0.0,0.0,0.0,2
409.81299049999507,1779880876.5371766,732.421875,200000,0.0,0.0,0.0,2
409.9902246999991,1779880876.7144105,732.421875,200000,0.0,0.0,0.0,2
410.2309150999936,1779880876.9551008,732.421875,200000,0.0,0.0,0.0,2
410.470478999996,1779880877.1946647,732.421875,200000,0.0,0.0,0.0,2
410.59527780000644,1779880877.3194637,732.421875,200000,0.0,0.0,0.0,2
410.803694000002,1779880877.5278804,732.421875,200000,0.0,0.0,0.0,2
411.0132018000004,1779880877.7373881,732.421875,200000,0.0,0.0,0.0,2
411.1954713000014,1779880877.9196572,732.421875,200000,0.0,0.0,0.0,2
411.43299699999625,1779880878.1571834,732.421875,200000,0.0,0.0,0.0,2
411.6120695999998,1779880878.336256,732.421875,200000,0.0,0.0,0.0,2
412.09453659999417,1779880878.8187246,732.421875,200000,0.0,0.0,0.0,2
412.10052770000766,1779880878.824715,732.421875,200000,0.0,0.0,0.0,2
412.17946509999456,1779880878.903651,732.421875,200000,0.0,0.0,0.0,2
412.41813489999913,1779880879.1423216,732.421875,200000,0.0,0.0,0.0,2
412.5722261000046,1779880879.296412,732.421875,200000,0.0,0.0,0.0,2
412.7717124000046,1779880879.4958985,732.421875,200000,0.0,0.0,0.0,2
412.9927811999951,1779880879.7169678,732.421875,200000,0.0,0.0,0.0,2
413.629940800005,1779880880.354126,732.421875,200000,0.0,0.0,0.0,2
413.6321760999999,1779880880.3563614,732.421875,200000,0.0,0.0,0.0,2
413.6340327000071,1779880880.358218,732.421875,200000,0.0,0.0,0.0,2
413.76665770000545,1779880880.490844,732.421875,200000,0.0,0.0,0.0,2
414.0053396000003,1779880880.7295253,732.421875,200000,0.0,0.0,0.0,2
414.1953276999993,1779880880.919515,732.421875,200000,0.0,0.0,0.0,2
414.4327461000066,1779880881.1569326,732.421875,200000,0.0,0.0,0.0,2
414.55565530000604,1779880881.2798405,732.421875,200000,0.0,0.0,0.0,2
414.7896359000006,1779880881.5138223,732.421875,200000,0.0,0.0,0.0,2
414.9694528999971,1779880881.6936388,732.421875,200000,0.0,0.0,0.0,2
415.16770689999976,1779880881.8918948,732.421875,200000,0.0,0.0,0.0,2
415.4012464999978,1779880882.1254344,732.421875,200000,0.0,0.0,0.0,2
415.5683302999969,1779880882.2925167,732.421875,200000,0.0,0.0,0.0,2
416.20407059999707,1779880882.9282565,732.421875,200000,0.0,0.0,0.0,2
416.2062786000024,1779880882.930464,732.421875,200000,0.0,0.0,0.0,2
416.2080643999943,1779880882.9322498,732.421875,200000,0.0,0.0,0.0,2
416.384424200005,1779880883.1086109,732.421875,200000,0.0,0.0,0.0,2
416.5691133999935,1779880883.2932994,732.421875,200000,0.0,0.0,0.0,2
416.763031399998,1779880883.487217,732.421875,200000,0.0,0.0,0.0,2
416.95864820000133,1779880883.6828358,732.421875,200000,0.0,0.0,0.0,2
417.1439156999986,1779880883.8681033,732.421875,200000,0.0,0.0,0.0,2
417.42974239999603,1779880884.1539276,732.421875,200000,0.0,0.0,0.0,2
417.5468500999996,1779880884.2710369,732.421875,200000,0.0,0.0,0.0,2
417.7480622000003,1779880884.4722483,732.421875,200000,0.0,0.0,0.0,2
417.93815220000397,1779880884.6623387,732.421875,200000,0.0,0.0,0.0,2
418.1462424000056,1779880884.8704314,732.421875,200000,0.0,0.0,0.0,2
418.3884326999978,1779880885.112619,732.421875,200000,0.0,0.0,0.0,2
418.5632287000044,1779880885.2874148,732.421875,200000,0.0,0.0,0.0,2
418.74460669999826,1779880885.4687924,732.421875,200000,0.0,0.0,0.0,2
418.9380791000003,1779880885.6622648,732.421875,200000,0.0,0.0,0.0,2
419.161586000002,1779880885.8857725,732.421875,200000,0.0,0.0,0.0,2
419.36610980000114,1779880886.0902958,732.421875,200000,0.0,0.0,0.0,2
419.54056069999933,1779880886.2647474,732.421875,200000,0.0,0.0,0.0,2
419.7336323000054,1779880886.4578197,732.421875,200000,0.0,0.0,0.0,2
419.94510280000395,1779880886.6692896,732.421875,200000,0.0,0.0,0.0,2
420.18580019999354,1779880886.909988,732.421875,200000,0.0,0.0,0.0,2
420.3686071999982,1779880887.092793,732.421875,200000,0.0,0.0,0.0,2
420.54506400000537,1779880887.2692497,732.421875,200000,0.0,0.0,0.0,2
420.7243521000055,1779880887.4485385,732.421875,200000,0.0,0.0,0.0,2
420.9582648000069,1779880887.6824505,732.421875,200000,0.0,0.0,0.0,2
421.1382789000054,1779880887.8624663,732.421875,200000,0.0,0.0,0.0,2
421.38439979999384,1779880888.1085873,732.421875,200000,0.0,0.0,0.0,2
421.9183842000057,1779880888.64257,732.421875,200000,0.0,0.0,0.0,2
421.9213293000066,1779880888.645515,732.421875,200000,0.0,0.0,0.0,2
421.9422729000071,1779880888.666459,732.421875,200000,0.0,0.0,0.0,2
422.12894490000326,1779880888.853131,732.421875,200000,0.0,0.0,0.0,2
422.3483269999997,1779880889.0725148,732.421875,200000,0.0,0.0,0.0,2
422.52252549999685,1779880889.2467132,732.421875,200000,0.0,0.0,0.0,2
422.75152200000593,1779880889.4757082,732.421875,200000,0.0,0.0,0.0,2
422.9327073000022,1779880889.656894,732.421875,200000,0.0,0.0,0.0,2
423.48950100000366,1779880890.2136884,732.421875,200000,0.0,0.0,0.0,2
423.49407460000657,1779880890.2182603,732.421875,200000,0.0,0.0,0.0,2
423.5299881999963,1779880890.2541752,732.421875,200000,0.0,0.0,0.0,2
423.7222080000065,1779880890.446395,732.421875,200000,0.0,0.0,0.0,2
423.90835250000237,1779880890.6325383,732.421875,200000,0.0,0.0,0.0,2
424.101167300003,1779880890.8253536,732.421875,200000,0.0,0.0,0.0,2
424.32912199999555,1779880891.05331,732.421875,200000,0.0,0.0,0.0,2
424.5180179000017,1779880891.2422056,732.421875,200000,0.0,0.0,0.0,2
425.0426652000024,1779880891.766852,732.421875,200000,0.0,0.0,0.0,2
425.047874099997,1779880891.7720647,732.421875,200000,0.0,0.0,0.0,2
425.1024182999972,1779880891.8266041,732.421875,200000,0.0,0.0,0.0,2
425.33131920000596,1779880892.0555062,732.421875,200000,0.0,0.0,0.0,2
425.5155487000011,1779880892.2397356,732.421875,200000,0.0,0.0,0.0,2
426.05606570000236,1779880892.7802527,732.421875,200000,0.0,0.0,0.0,2
426.06166099999973,1779880892.7858477,732.421875,200000,0.0,0.0,0.0,2
426.1125683999999,1779880892.8367543,732.421875,200000,0.0,0.0,0.0,2
426.32170240000414,1779880893.0458882,732.421875,200000,0.0,0.0,0.0,2
426.4918703000003,1779880893.2160566,732.421875,200000,0.0,0.0,0.0,2
426.7086091999954,1779880893.4327967,732.421875,200000,0.0,0.0,0.0,2
426.9002804000047,1779880893.6244664,732.421875,200000,0.0,0.0,0.0,2
427.09283799999685,1779880893.817024,732.421875,200000,0.0,0.0,0.0,2
427.3103373000049,1779880894.0345244,732.421875,200000,0.0,0.0,0.0,2
427.54702300000645,1779880894.2712088,732.421875,200000,0.0,0.0,0.0,2
427.73438429999806,1779880894.4585707,732.421875,200000,0.0,0.0,0.0,2
427.90752090000024,1779880894.6317065,732.421875,200000,0.0,0.0,0.0,2
428.0863776000042,1779880894.810564,732.421875,200000,0.0,0.0,0.0,2
428.32676470000297,1779880895.0509517,732.421875,200000,0.0,0.0,0.0,2
428.50786650000373,1779880895.2320535,732.421875,200000,0.0,0.0,0.0,2
428.69658449999406,1779880895.4207726,732.421875,200000,0.0,0.0,0.0,2
428.87888869999733,1779880895.6030757,732.421875,200000,0.0,0.0,0.0,2
429.1072923000029,1779880895.8314788,732.421875,200000,0.0,0.0,0.0,2
429.3434234000015,1779880896.0676093,732.421875,200000,0.0,0.0,0.0,2
429.4693721999938,1779880896.19356,732.421875,200000,0.0,0.0,0.0,2
429.7101265999954,1779880896.4343138,732.421875,200000,0.0,0.0,0.0,2
429.89068840000255,1779880896.6148765,732.421875,200000,0.0,0.0,0.0,2
430.0718277999986,1779880896.7960134,732.421875,200000,0.0,0.0,0.0,2
430.71834809999564,1779880897.4425347,732.421875,200000,0.0,0.0,0.0,2
430.72454239999934,1779880897.448729,732.421875,200000,0.0,0.0,0.0,2
430.72982310000225,1779880897.45401,732.421875,200000,0.0,0.0,0.0,2
430.8645373000036,1779880897.5887232,732.421875,200000,0.0,0.0,0.0,2
431.08320470000035,1779880897.8073905,732.421875,200000,0.0,0.0,0.0,2
431.27660090000427,1779880898.0007873,732.421875,200000,0.0,0.0,0.0,2
431.5097112000076,1779880898.2338984,732.421875,200000,0.0,0.0,0.0,2
431.68564470000274,1779880898.4098308,732.421875,200000,0.0,0.0,0.0,2
431.8655343999999,1779880898.5897202,732.421875,200000,0.0,0.0,0.0,2
432.0528351999965,1779880898.7770212,732.421875,200000,0.0,0.0,0.0,2
432.2822429999942,1779880899.0064287,732.421875,200000,0.0,0.0,0.0,2
432.4684530999948,1779880899.1926394,732.421875,200000,0.0,0.0,0.0,2
432.659521900001,1779880899.3837085,732.421875,200000,0.0,0.0,0.0,2
432.88217820000136,1779880899.606365,732.421875,200000,0.0,0.0,0.0,2
433.0630744999944,1779880899.78726,732.421875,200000,0.0,0.0,0.0,2
433.30432629999996,1779880900.028512,732.421875,200000,0.0,0.0,0.0,2
433.4836385999952,1779880900.2078245,732.421875,200000,0.0,0.0,0.0,2
433.66663659999904,1779880900.3908224,732.421875,200000,0.0,0.0,0.0,2
433.8480370000034,1779880900.572223,732.421875,200000,0.0,0.0,0.0,2
434.0789337000024,1779880900.8031197,732.421875,200000,0.0,0.0,0.0,2
434.2622265999962,1779880900.9864123,732.421875,200000,0.0,0.0,0.0,2
434.4509313000017,1779880901.1751173,732.421875,200000,0.0,0.0,0.0,2
434.8974221999961,1779880901.6216083,732.421875,200000,0.0,0.0,0.0,2
434.90100460000394,1779880901.6251907,732.421875,200000,0.0,0.0,0.0,2
435.0514816000068,1779880901.7756672,732.421875,200000,0.0,0.0,0.0,2
435.27571099999477,1779880901.9998982,732.421875,200000,0.0,0.0,0.0,2
435.45994529999734,1779880902.184133,732.421875,200000,0.0,0.0,0.0,2
435.6998708000028,1779880902.4240582,732.421875,200000,0.0,0.0,0.0,2
435.88053239999863,1779880902.6047204,732.421875,200000,0.0,0.0,0.0,2
436.05953100000625,1779880902.7837183,732.421875,200000,0.0,0.0,0.0,2
436.29592910000065,1779880903.0201147,732.421875,200000,0.0,0.0,0.0,2
436.4773567999946,1779880903.2015426,732.421875,200000,0.0,0.0,0.0,2
436.6562445000018,1779880903.3804302,732.421875,200000,0.0,0.0,0.0,2
436.8404931999976,1779880903.5646815,732.421875,200000,0.0,0.0,0.0,2
437.04121500000474,1779880903.7654026,732.421875,200000,0.0,0.0,0.0,2
437.49032529999386,1779880904.2145138,732.421875,200000,0.0,0.0,0.0,2
437.49755529999675,1779880904.2217405,732.421875,200000,0.0,0.0,0.0,2
437.62728329999663,1779880904.3514712,732.421875,200000,0.0,0.0,0.0,2
437.8341905999987,1779880904.5583768,732.421875,200000,0.0,0.0,0.0,2
438.0293018999946,1779880904.7534876,732.421875,200000,0.0,0.0,0.0,2
438.27334240000346,1779880904.9975297,732.421875,200000,0.0,0.0,0.0,2
438.4523879000044,1779880905.1765738,732.421875,200000,0.0,0.0,0.0,2
438.6310853000032,1779880905.355271,732.421875,200000,0.0,0.0,0.0,2
438.86990330000117,1779880905.5940897,732.421875,200000,0.0,0.0,0.0,2
439.0487742999976,1779880905.77296,732.421875,200000,0.0,0.0,0.0,2
439.23348189999524,1779880905.9576678,732.421875,200000,0.0,0.0,0.0,2
439.4187896000076,1779880906.142977,732.421875,200000,0.0,0.0,0.0,2
439.64877040000283,1779880906.3729563,732.421875,200000,0.0,0.0,0.0,2
439.8312651000015,1779880906.5554507,732.421875,200000,0.0,0.0,0.0,2
440.06873250000353,1779880906.7929184,732.421875,200000,0.0,0.0,0.0,2
440.2547310999944,1779880906.9789183,732.421875,200000,0.0,0.0,0.0,2
440.4335606999957,1779880907.1577463,732.421875,200000,0.0,0.0,0.0,2
440.6118956999999,1779880907.3360822,732.421875,200000,0.0,0.0,0.0,2
441.1374139999971,1779880907.8615994,732.421875,200000,0.0,0.0,0.0,2
441.14087689999724,1779880907.865063,732.421875,200000,0.0,0.0,0.0,2
441.2177875000052,1779880907.941973,732.421875,200000,0.0,0.0,0.0,2
441.408022100004,1779880908.1322083,732.421875,200000,0.0,0.0,0.0,2
441.629437399999,1779880908.3536236,732.421875,200000,0.0,0.0,0.0,2
441.86835950000386,1779880908.5925453,732.421875,200000,0.0,0.0,0.0,2
442.04614310000034,1779880908.770329,732.421875,200000,0.0,0.0,0.0,2
442.2245189999958,1779880908.948705,732.421875,200000,0.0,0.0,0.0,2
442.6867191000056,1779880909.4109051,732.421875,200000,0.0,0.0,0.0,2
442.6896779999952,1779880909.4138644,732.421875,200000,0.0,0.0,0.0,2
442.80065849999664,1779880909.524845,732.421875,200000,0.0,0.0,0.0,2
443.01439710000705,1779880909.7385845,732.421875,200000,0.0,0.0,0.0,2
443.2446901000076,1779880909.9688773,732.421875,200000,0.0,0.0,0.0,2
443.4266464999964,1779880910.1508348,732.421875,200000,0.0,0.0,0.0,2
443.606105800005,1779880910.3302934,732.421875,200000,0.0,0.0,0.0,2
444.2418200999964,1779880910.9660056,732.421875,200000,0.0,0.0,0.0,2
444.24432420000085,1779880910.9685102,732.421875,200000,0.0,0.0,0.0,2
444.24725359999866,1779880910.9714396,732.421875,200000,0.0,0.0,0.0,2
444.3916828999936,1779880911.1158705,732.421875,200000,0.0,0.0,0.0,2
444.5994806999952,1779880911.3236694,732.421875,200000,0.0,0.0,0.0,2
444.80408709999756,1779880911.5282729,732.421875,200000,0.0,0.0,0.0,2
445.04431399999885,1779880911.768501,732.421875,200000,0.0,0.0,0.0,2
445.2211526000028,1779880911.94534,732.421875,200000,0.0,0.0,0.0,2
445.80251829999906,1779880912.526704,732.421875,200000,0.0,0.0,0.0,2
445.8091920000006,1779880912.5333793,732.421875,200000,0.0,0.0,0.0,2
445.81461309999577,1779880912.5387995,732.421875,200000,0.0,0.0,0.0,2
445.99085339999874,1779880912.7150395,732.421875,200000,0.0,0.0,0.0,2
446.1872857999988,1779880912.9114714,732.421875,200000,0.0,0.0,0.0,2
446.3790294000064,1779880913.1032522,732.421875,200000,0.0,0.0,0.0,2
446.6044903000002,1779880913.328429,732.421875,200000,0.0,0.0,0.0,2
446.77972079999745,1779880913.5036583,732.421875,200000,0.0,0.0,0.0,2
447.02137260000745,1779880913.745312,732.421875,200000,0.0,0.0,0.0,2
447.2016105000075,1779880913.9255478,732.421875,200000,0.0,0.0,0.0,2
447.3819377000036,1779880914.105877,732.421875,200000,0.0,0.0,0.0,2
447.62302230000205,1779880914.3469617,732.421875,200000,0.0,0.0,0.0,2
447.80200270000205,1779880914.5259426,732.421875,200000,0.0,0.0,0.0,2
447.98392660000536,1779880914.707866,732.421875,200000,0.0,0.0,0.0,2
448.1733086000022,1779880914.8972476,732.421875,200000,0.0,0.0,0.0,2
448.39960119999887,1779880915.1235404,732.421875,200000,0.0,0.0,0.0,2
448.5800404000038,1779880915.3039799,732.421875,200000,0.0,0.0,0.0,2
448.8172685000027,1779880915.5412061,732.421875,200000,0.0,0.0,0.0,2
449.4084678000072,1779880916.1324072,732.421875,200000,0.0,0.0,0.0,2
449.41315799999575,1779880916.1370978,732.421875,200000,0.0,0.0,0.0,2
449.4186352999968,1779880916.1425745,732.421875,200000,0.0,0.0,0.0,2
449.58146610000404,1779880916.3054037,732.421875,200000,0.0,0.0,0.0,2
449.7775469000044,1779880916.5014849,732.421875,200000,0.0,0.0,0.0,2
449.97332010000537,1779880916.6972597,732.421875,200000,0.0,0.0,0.0,2
450.1972201000026,1779880916.9211595,732.421875,200000,0.0,0.0,0.0,2
450.37836820000666,1779880917.1023083,732.421875,200000,0.0,0.0,0.0,2
450.5626310999942,1779880917.2865713,732.421875,200000,0.0,0.0,0.0,2
450.7967121999973,1779880917.5206494,732.421875,200000,0.0,0.0,0.0,2
450.9757915999944,1779880917.699731,732.421875,200000,0.0,0.0,0.0,2
451.5188127000001,1779880918.242752,732.421875,200000,0.0,0.0,0.0,2
451.5245156000019,1779880918.2484548,732.421875,200000,0.0,0.0,0.0,2
451.56399369999417,1779880918.2879333,732.421875,200000,0.0,0.0,0.0,2
451.75096560000384,1779880918.4749053,732.421875,200000,0.0,0.0,0.0,2
451.99583970000094,1779880918.7197788,732.421875,200000,0.0,0.0,0.0,2
452.53882250000606,1779880919.2627618,732.421875,200000,0.0,0.0,0.0,2
452.5418161999987,1779880919.2657578,732.421875,200000,0.0,0.0,0.0,2
452.5711345000018,1779880919.2950742,732.421875,200000,0.0,0.0,0.0,2
452.75704929999483,1779880919.4809887,732.421875,200000,0.0,0.0,0.0,2
452.9575668000034,1779880919.681505,732.421875,200000,0.0,0.0,0.0,2
453.19297180000285,1779880919.916909,732.421875,200000,0.0,0.0,0.0,2
453.37014949999866,1779880920.0940895,732.421875,200000,0.0,0.0,0.0,2
454.07059350000054,1779880920.7945318,732.421875,200000,0.0,0.0,0.0,2
454.07450800000515,1779880920.798533,732.421875,200000,0.0,0.0,0.0,2
454.0773860000045,1779880920.8013232,732.421875,200000,0.0,0.0,0.0,2
454.1429059999937,1779880920.8668444,732.421875,200000,0.0,0.0,0.0,2
454.35619239999505,1779880921.080131,732.421875,200000,0.0,0.0,0.0,2
454.57014029999846,1779880921.2940788,732.421875,200000,0.0,0.0,0.0,2
454.7492310999951,1779880921.473169,732.421875,200000,0.0,0.0,0.0,2
454.93605590000516,1779880921.6599948,732.421875,200000,0.0,0.0,0.0,2
455.1687565000029,1779880921.892696,732.421875,200000,0.0,0.0,0.0,2
455.65974350000033,1779880922.3836808,732.421875,200000,0.0,0.0,0.0,2
455.66210980000324,1779880922.3860471,732.421875,200000,0.0,0.0,0.0,2
455.73278000000573,1779880922.4567175,732.421875,200000,0.0,0.0,0.0,2
455.92494850000367,1779880922.6488879,732.421875,200000,0.0,0.0,0.0,2
456.1919931000011,1779880922.9159312,732.421875,200000,0.0,0.0,0.0,2
456.36784340000304,1779880923.0917811,732.421875,200000,0.0,0.0,0.0,2
456.5445469999977,1779880923.2684858,732.421875,200000,0.0,0.0,0.0,2
456.7372578000068,1779880923.4611952,732.421875,200000,0.0,0.0,0.0,2
456.92828399999416,1779880923.6522236,732.421875,200000,0.0,0.0,0.0,2
457.1477687000006,1779880923.871706,732.421875,200000,0.0,0.0,0.0,2
457.33053390000714,1779880924.0544715,732.421875,200000,0.0,0.0,0.0,2
457.53584349999437,1779880924.259782,732.421875,200000,0.0,0.0,0.0,2
457.74729050000315,1779880924.4712298,732.421875,200000,0.0,0.0,0.0,2
457.98987629999465,1779880924.713814,732.421875,200000,0.0,0.0,0.0,2
458.16580729999987,1779880924.8897448,732.421875,200000,0.0,0.0,0.0,2
458.3493973000004,1779880925.0733364,732.421875,200000,0.0,0.0,0.0,2
458.5233927999943,1779880925.2473316,732.421875,200000,0.0,0.0,0.0,2
458.7627465999976,1779880925.4866865,732.421875,200000,0.0,0.0,0.0,2
458.943543100002,1779880925.6674805,732.421875,200000,0.0,0.0,0.0,2
459.1244011999952,1779880925.848339,732.421875,200000,0.0,0.0,0.0,2
459.31249430000025,1779880926.0364313,732.421875,200000,0.0,0.0,0.0,2
459.5410552999965,1779880926.2649927,732.421875,200000,0.0,0.0,0.0,2
459.78070060000755,1779880926.5046382,732.421875,200000,0.0,0.0,0.0,2
460.2959181000042,1779880927.019856,732.421875,200000,0.0,0.0,0.0,2
460.2979384000064,1779880927.0218751,732.421875,200000,0.0,0.0,0.0,2
460.3292037000065,1779880927.0531428,732.421875,200000,0.0,0.0,0.0,2
460.5032673999958,1779880927.227205,732.421875,200000,0.0,0.0,0.0,2
460.74123100000725,1779880927.4651687,732.421875,200000,0.0,0.0,0.0,2
460.9223942999961,1779880927.646334,732.421875,200000,0.0,0.0,0.0,2
461.1156906999968,1779880927.8396301,732.421875,200000,0.0,0.0,0.0,2
461.3389909999969,1779880928.062929,732.421875,200000,0.0,0.0,0.0,2
462.4343127000029,1779880929.1582508,732.421875,200000,0.0,0.0,0.0,2
462.4377189999941,1779880929.1616566,732.421875,200000,0.0,0.0,0.0,2
462.4549291000003,1779880929.1788666,732.421875,200000,0.0,0.0,0.0,2
462.45776429999387,1779880929.1817017,732.421875,200000,0.0,0.0,0.0,2
462.46048160000646,1779880929.1844194,732.421875,200000,0.0,0.0,0.0,2
462.5008006999997,1779880929.2247384,732.421875,200000,0.0,0.0,0.0,2
462.719488799994,1779880929.443427,732.421875,200000,0.0,0.0,0.0,2
462.9079234999954,1779880929.631861,732.421875,200000,0.0,0.0,0.0,2
463.10095799999544,1779880929.8248966,732.421875,200000,0.0,0.0,0.0,2
463.3172329999943,1779880930.041172,732.421875,200000,0.0,0.0,0.0,2
463.50264619999507,1779880930.2265854,732.421875,200000,0.0,0.0,0.0,2
463.69091439999465,1779880930.4148533,732.421875,200000,0.0,0.0,0.0,2
463.9228577000031,1779880930.6467953,732.421875,200000,0.0,0.0,0.0,2
464.09654460000456,1779880930.820483,732.421875,200000,0.0,0.0,0.0,2
464.29449569999997,1779880931.0184338,732.421875,200000,0.0,0.0,0.0,2
464.48430359999475,1779880931.208242,732.421875,200000,0.0,0.0,0.0,2
464.7007053999987,1779880931.4246447,732.421875,200000,0.0,0.0,0.0,2
464.9361302000034,1779880931.6600688,732.421875,200000,0.0,0.0,0.0,2
465.1189078000025,1779880931.8428454,732.421875,200000,0.0,0.0,0.0,2
465.29547140000795,1779880932.0194104,732.421875,200000,0.0,0.0,0.0,2
465.5348104000004,1779880932.2587476,732.421875,200000,0.0,0.0,0.0,2
465.72351880000497,1779880932.4474564,732.421875,200000,0.0,0.0,0.0,2
465.8946480000013,1779880932.6185853,732.421875,200000,0.0,0.0,0.0,2
466.0863276000018,1779880932.810265,732.421875,200000,0.0,0.0,0.0,2
466.3136455000058,1779880933.0375834,732.421875,200000,0.0,0.0,0.0,2
466.49418850000075,1779880933.218126,732.421875,200000,0.0,0.0,0.0,2
466.67684860000736,1779880933.4007869,732.421875,200000,0.0,0.0,0.0,2
466.88258459999633,1779880933.606522,732.421875,200000,0.0,0.0,0.0,2
467.09600550000323,1779880933.819944,732.421875,200000,0.0,0.0,0.0,2
467.27783039999485,1779880934.0017676,732.421875,200000,0.0,0.0,0.0,2
467.51216670000576,1779880934.236104,732.421875,200000,0.0,0.0,0.0,2
467.69118799999706,1779880934.4151256,732.421875,200000,0.0,0.0,0.0,2
467.8748035000026,1779880934.598741,732.421875,200000,0.0,0.0,0.0,2
468.1102244000067,1779880934.8341618,732.421875,200000,0.0,0.0,0.0,2
468.293679800001,1779880935.017617,732.421875,200000,0.0,0.0,0.0,2
468.4752640000079,1779880935.1992028,732.421875,200000,0.0,0.0,0.0,2
468.67569289999665,1779880935.399632,732.421875,200000,0.0,0.0,0.0,2
468.8908014000044,1779880935.614739,732.421875,200000,0.0,0.0,0.0,2
469.07765979999385,1779880935.8015995,732.421875,200000,0.0,0.0,0.0,2
469.26316309999675,1779880935.9871023,732.421875,200000,0.0,0.0,0.0,2
469.5529791000008,1779880936.276919,732.421875,200000,0.0,0.0,0.0,2
469.66819979999855,1779880936.3921375,732.421875,200000,0.0,0.0,0.0,2
469.91361699999834,1779880936.6375544,732.421875,200000,0.0,0.0,0.0,2
470.0898085999943,1779880936.8137457,732.421875,200000,0.0,0.0,0.0,2
470.2666576000047,1779880936.990595,732.421875,200000,0.0,0.0,0.0,2
470.45894759999646,1779880937.1828854,732.421875,200000,0.0,0.0,0.0,2
470.6898344999936,1779880937.4137735,732.421875,200000,0.0,0.0,0.0,2
471.20567969999684,1779880937.929618,732.421875,200000,0.0,0.0,0.0,2
471.20785020000767,1779880937.931788,732.421875,200000,0.0,0.0,0.0,2
471.25911660000565,1779880937.9830546,732.421875,200000,0.0,0.0,0.0,2
471.4510925000068,1779880938.1750324,732.421875,200000,0.0,0.0,0.0,2
471.6632146000047,1779880938.3871531,732.421875,200000,0.0,0.0,0.0,2
471.8850921999983,1779880938.6090307,732.421875,200000,0.0,0.0,0.0,2
472.06387820000236,1779880938.7878153,732.421875,200000,0.0,0.0,0.0,2
472.7557925000001,1779880939.4797301,732.421875,200000,0.0,0.0,0.0,2
472.7599035000021,1779880939.4838412,732.421875,200000,0.0,0.0,0.0,2
472.7639396000013,1779880939.4878771,732.421875,200000,0.0,0.0,0.0,2
472.8466516000044,1779880939.5705886,732.421875,200000,0.0,0.0,0.0,2
473.0456731000013,1779880939.7696102,732.421875,200000,0.0,0.0,0.0,2
473.2663842000038,1779880939.9903219,732.421875,200000,0.0,0.0,0.0,2
473.7933946999983,1779880940.5173323,732.421875,200000,0.0,0.0,0.0,2
473.7973883999948,1779880940.521326,732.421875,200000,0.0,0.0,0.0,2
473.84717219999584,1779880940.5711114,732.421875,200000,0.0,0.0,0.0,2
474.03919110000425,1779880940.7631283,732.421875,200000,0.0,0.0,0.0,2
474.2295171000005,1779880940.9534552,732.421875,200000,0.0,0.0,0.0,2
474.52135680000356,1779880941.245294,732.421875,200000,0.0,0.0,0.0,2
474.6438884999952,1779880941.367826,732.421875,200000,0.0,0.0,0.0,2
474.84567860000243,1779880941.5696156,732.421875,200000,0.0,0.0,0.0,2
475.06179130000237,1779880941.7857296,732.421875,200000,0.0,0.0,0.0,2
475.24623350000184,1779880941.9701715,732.421875,200000,0.0,0.0,0.0,2
475.426052099996,1779880942.1499898,732.421875,200000,0.0,0.0,0.0,2
475.6651952999964,1779880942.389133,732.421875,200000,0.0,0.0,0.0,2
475.84273530000064,1779880942.5666735,732.421875,200000,0.0,0.0,0.0,2
476.02592000000004,1779880942.7498572,732.421875,200000,0.0,0.0,0.0,2
476.2633671999938,1779880942.9873052,732.421875,200000,0.0,0.0,0.0,2
476.43890389999433,1779880943.1628413,732.421875,200000,0.0,0.0,0.0,2
476.6252819000074,1779880943.3492196,732.421875,200000,0.0,0.0,0.0,2
476.8209046999982,1779880943.5448442,732.421875,200000,0.0,0.0,0.0,2
477.0424103999976,1779880943.7663493,732.421875,200000,0.0,0.0,0.0,2
477.22491889999947,1779880943.9488578,732.421875,200000,0.0,0.0,0.0,2
477.4710697999981,1779880944.1950085,732.421875,200000,0.0,0.0,0.0,2
477.6395765000052,1779880944.3635154,732.421875,200000,0.0,0.0,0.0,2
477.8239545999968,1779880944.5478938,732.421875,200000,0.0,0.0,0.0,2
478.0583423000062,1779880944.78228,732.421875,200000,0.0,0.0,0.0,2
478.2383914999955,1779880944.9623296,732.421875,200000,0.0,0.0,0.0,2
478.477641999998,1779880945.20158,732.421875,200000,0.0,0.0,0.0,2
478.6095537000074,1779880945.3334918,732.421875,200000,0.0,0.0,0.0,2
478.81103569999686,1779880945.5349734,732.421875,200000,0.0,0.0,0.0,2
479.08560099999886,1779880945.809539,732.421875,200000,0.0,0.0,0.0,2
479.25898179999785,1779880945.9829204,732.421875,200000,0.0,0.0,0.0,2
479.4928848999989,1779880946.2168236,732.421875,200000,0.0,0.0,0.0,2
479.61254659999395,1779880946.3364842,732.421875,200000,0.0,0.0,0.0,2
479.8639949000062,1779880946.5879345,732.421875,200000,0.0,0.0,0.0,2
480.03766760000144,1779880946.7616074,732.421875,200000,0.0,0.0,0.0,2
480.216668699999,1779880946.9406068,732.421875,200000,0.0,0.0,0.0,2
480.4559564999945,1779880947.1798944,732.421875,200000,0.0,0.0,0.0,2
480.6086662000016,1779880947.3326051,732.421875,200000,0.0,0.0,0.0,2
480.8248892999982,1779880947.548827,732.421875,200000,0.0,0.0,0.0,2
481.05980139999883,1779880947.7837396,732.421875,200000,0.0,0.0,0.0,2
481.2419867999997,1779880947.9659255,732.421875,200000,0.0,0.0,0.0,2
481.4725213000056,1779880948.1964602,732.421875,200000,0.0,0.0,0.0,2
481.6052422000066,1779880948.3291821,732.421875,200000,0.0,0.0,0.0,2
481.7931744999951,1779880948.5171118,732.421875,200000,0.0,0.0,0.0,2
482.0106766999961,1779880948.7346144,732.421875,200000,0.0,0.0,0.0,2
482.54544400000304,1779880949.2693815,732.421875,200000,0.0,0.0,0.0,2
482.5494456000015,1779880949.2733834,732.421875,200000,0.0,0.0,0.0,2
482.6006847999961,1779880949.3246226,732.421875,200000,0.0,0.0,0.0,2
482.80455770000117,1779880949.5284956,732.421875,200000,0.0,0.0,0.0,2
483.0301380000019,1779880949.754076,732.421875,200000,0.0,0.0,0.0,2
483.2122995999962,1779880949.9362578,732.421875,200000,0.0,0.0,0.0,2
483.45321940000576,1779880950.1771574,732.421875,200000,0.0,0.0,0.0,2
483.6354510999954,1779880950.359389,732.421875,200000,0.0,0.0,0.0,2
483.81274880000274,1779880950.5366867,732.421875,200000,0.0,0.0,0.0,2
483.99572649999755,1779880950.719664,732.421875,200000,0.0,0.0,0.0,2
484.19405910000205,1779880950.9179976,732.421875,200000,0.0,0.0,0.0,2
484.431330899999,1779880951.1552687,732.421875,200000,0.0,0.0,0.0,2
484.591061900006,1779880951.315,732.421875,200000,0.0,0.0,0.0,2
485.12265689999913,1779880951.8465943,732.421875,200000,0.0,0.0,0.0,2
485.1293919000018,1779880951.8533297,732.421875,200000,0.0,0.0,0.0,2
485.1906481000042,1779880951.9145901,732.421875,200000,0.0,0.0,0.0,2
485.4250822000031,1779880952.14902,732.421875,200000,0.0,0.0,0.0,2
485.6055720000004,1779880952.3295102,732.421875,200000,0.0,0.0,0.0,2
486.1737925000052,1779880952.89773,732.421875,200000,0.0,0.0,0.0,2
486.1785361000075,1779880952.9024742,732.421875,200000,0.0,0.0,0.0,2
486.2178039999999,1779880952.9417427,732.421875,200000,0.0,0.0,0.0,2
486.41505110000435,1779880953.1389887,732.421875,200000,0.0,0.0,0.0,2
486.62617760000285,1779880953.3501148,732.421875,200000,0.0,0.0,0.0,2
486.77506549999816,1779880953.499003,732.421875,200000,0.0,0.0,0.0,2
486.9836648000055,1779880953.7076035,732.421875,200000,0.0,0.0,0.0,2
487.2262799000018,1779880953.950218,732.421875,200000,0.0,0.0,0.0,2
487.69490750000114,1779880954.418845,732.421875,200000,0.0,0.0,0.0,2
487.69856479999726,1779880954.4225025,732.421875,200000,0.0,0.0,0.0,2
487.76916650000203,1779880954.4931045,732.421875,200000,0.0,0.0,0.0,2
487.9593174000038,1779880954.6832552,732.421875,200000,0.0,0.0,0.0,2
488.18167210000684,1779880954.905611,732.421875,200000,0.0,0.0,0.0,2
488.4235342000029,1779880955.1474717,732.421875,200000,0.0,0.0,0.0,2
488.5567127999966,1779880955.2806509,732.421875,200000,0.0,0.0,0.0,2
488.78046759999415,1779880955.504406,732.421875,200000,0.0,0.0,0.0,2
489.2464433999994,1779880955.9703815,732.421875,200000,0.0,0.0,0.0,2
489.25211810000474,1779880955.9760559,732.421875,200000,0.0,0.0,0.0,2
489.4012473000039,1779880956.1251853,732.421875,200000,0.0,0.0,0.0,2
489.55691749999824,1779880956.2808547,732.421875,200000,0.0,0.0,0.0,2
490.25938719999976,1779880956.9833252,732.421875,200000,0.0,0.0,0.0,2
490.2635222999961,1779880956.9874597,732.421875,200000,0.0,0.0,0.0,2
490.265619400001,1779880956.9895568,732.421875,200000,0.0,0.0,0.0,2
490.37378599999647,1779880957.0977247,732.421875,200000,0.0,0.0,0.0,2
490.5487456999981,1779880957.2726846,732.421875,200000,0.0,0.0,0.0,2
490.7586813999951,1779880957.4826186,732.421875,200000,0.0,0.0,0.0,2
490.94648650000454,1779880957.6704261,732.421875,200000,0.0,0.0,0.0,2
491.1782264000067,1779880957.9021645,732.421875,200000,0.0,0.0,0.0,2
491.3761161000002,1779880958.1000533,732.421875,200000,0.0,0.0,0.0,2
491.5506066999951,1779880958.2745445,732.421875,200000,0.0,0.0,0.0,2
491.77855630000704,1779880958.5024955,732.421875,200000,0.0,0.0,0.0,2
491.9553775999957,1779880958.679315,732.421875,200000,0.0,0.0,0.0,2
492.14175409999734,1779880958.8656924,732.421875,200000,0.0,0.0,0.0,2
492.3855551000015,1779880959.1094925,732.421875,200000,0.0,0.0,0.0,2
492.5550094000064,1779880959.278947,732.421875,200000,0.0,0.0,0.0,2
492.7393971999991,1779880959.4633348,732.421875,200000,0.0,0.0,0.0,2
492.9268340999988,1779880959.6507711,732.421875,200000,0.0,0.0,0.0,2
493.1541539000027,1779880959.8780916,732.421875,200000,0.0,0.0,0.0,2
493.3961533999973,1779880960.1200922,732.421875,200000,0.0,0.0,0.0,2
493.93262310000136,1779880960.6565638,732.421875,200000,0.0,0.0,0.0,2
493.9377980999998,1779880960.6617362,732.421875,200000,0.0,0.0,0.0,2
493.96007149999787,1779880960.6840093,732.421875,200000,0.0,0.0,0.0,2
494.12831440000446,1779880960.852252,732.421875,200000,0.0,0.0,0.0,2
494.35990749999473,1779880961.083846,732.421875,200000,0.0,0.0,0.0,2
494.5369088000007,1779880961.2608469,732.421875,200000,0.0,0.0,0.0,2
494.72503109999525,1779880961.4489703,732.421875,200000,0.0,0.0,0.0,2
494.9673404000059,1779880961.6912787,732.421875,200000,0.0,0.0,0.0,2
495.1413038000028,1779880961.8652418,732.421875,200000,0.0,0.0,0.0,2
495.37332179999794,1779880962.0972598,732.421875,200000,0.0,0.0,0.0,2
495.5285057000001,1779880962.2524457,732.421875,200000,0.0,0.0,0.0,2
495.72220740000193,1779880962.446146,732.421875,200000,0.0,0.0,0.0,2
495.97363269999914,1779880962.6975706,732.421875,200000,0.0,0.0,0.0,2
496.5217419999972,1779880963.2456796,732.421875,200000,0.0,0.0,0.0,2
496.5242287000001,1779880963.2481668,732.421875,200000,0.0,0.0,0.0,2
496.54676490000566,1779880963.2707024,732.421875,200000,0.0,0.0,0.0,2
496.72316619999765,1779880963.447105,732.421875,200000,0.0,0.0,0.0,2
496.9372147999966,1779880963.6611533,732.421875,200000,0.0,0.0,0.0,2
497.1163502999989,1779880963.8402884,732.421875,200000,0.0,0.0,0.0,2
497.35783779999474,1779880964.0817761,732.421875,200000,0.0,0.0,0.0,2
497.5028297999961,1779880964.2267675,732.421875,200000,0.0,0.0,0.0,2
497.71038560000306,1779880964.434324,732.421875,200000,0.0,0.0,0.0,2
497.9646339000028,1779880964.6885734,732.421875,200000,0.0,0.0,0.0,2
498.10386079999444,1779880964.8277993,732.421875,200000,0.0,0.0,0.0,2
498.3273707000044,1779880965.0513105,732.421875,200000,0.0,0.0,0.0,2
498.55464269999356,1779880965.2785816,732.421875,200000,0.0,0.0,0.0,2
499.0913486000063,1779880965.815286,732.421875,200000,0.0,0.0,0.0,2
499.09390249999706,1779880965.81784,732.421875,200000,0.0,0.0,0.0,2
499.12497849999636,1779880965.8489168,732.421875,200000,0.0,0.0,0.0,2
499.3295148000034,1779880966.0534523,732.421875,200000,0.0,0.0,0.0,2
499.51326079999853,1779880966.2371986,732.421875,200000,0.0,0.0,0.0,2
499.7479908999958,1779880966.4719288,732.421875,200000,0.0,0.0,0.0,2
499.92878240000573,1779880966.652722,732.421875,200000,0.0,0.0,0.0,2
500.10465419999673,1779880966.8285937,732.421875,200000,0.0,0.0,0.0,2
500.64815340000496,1779880967.3720913,732.421875,200000,0.0,0.0,0.0,2
500.6506950000039,1779880967.3746321,732.421875,200000,0.0,0.0,0.0,2
500.6946167999995,1779880967.418555,732.421875,200000,0.0,0.0,0.0,2
500.90379359999497,1779880967.627731,732.421875,200000,0.0,0.0,0.0,2
501.12636969999585,1779880967.8503072,732.421875,200000,0.0,0.0,0.0,2
501.30821849999484,1779880968.0321565,732.421875,200000,0.0,0.0,0.0,2
501.49177190000773,1779880968.2157104,732.421875,200000,0.0,0.0,0.0,2
501.6827282000013,1779880968.4066675,732.421875,200000,0.0,0.0,0.0,2
502.1690416000056,1779880968.8929791,732.421875,200000,0.0,0.0,0.0,2
502.17275310000696,1779880968.896691,732.421875,200000,0.0,0.0,0.0,2
502.29670190000616,1779880969.02064,732.421875,200000,0.0,0.0,0.0,2
502.5029918999935,1779880969.2269294,732.421875,200000,0.0,0.0,0.0,2
502.69042670000636,1779880969.4143646,732.421875,200000,0.0,0.0,0.0,2
502.9199143000005,1779880969.6438518,732.421875,200000,0.0,0.0,0.0,2
503.1019274999999,1779880969.825866,732.421875,200000,0.0,0.0,0.0,2
503.29995699999563,1779880970.0238967,732.421875,200000,0.0,0.0,0.0,2
503.48274429999583,1779880970.2066827,732.421875,200000,0.0,0.0,0.0,2
503.7147279000055,1779880970.4386685,732.421875,200000,0.0,0.0,0.0,2
503.8851588999969,1779880970.6090977,732.421875,200000,0.0,0.0,0.0,2
504.13379190000705,1779880970.8577313,732.421875,200000,0.0,0.0,0.0,2
504.2856693000067,1779880971.0096085,732.421875,200000,0.0,0.0,0.0,2
504.48898379999446,1779880971.2129216,732.421875,200000,0.0,0.0,0.0,2
504.72792049999407,1779880971.4518588,732.421875,200000,0.0,0.0,0.0,2
504.9042524999968,1779880971.6281908,732.421875,200000,0.0,0.0,0.0,2
505.08470740000485,1779880971.8086455,732.421875,200000,0.0,0.0,0.0,2
505.32180819999485,1779880972.0457463,732.421875,200000,0.0,0.0,0.0,2
505.8432691000053,1779880972.567208,732.421875,200000,0.0,0.0,0.0,2
505.8485478999937,1779880972.5724869,732.421875,200000,0.0,0.0,0.0,2
505.89593030000106,1779880972.6198688,732.421875,200000,0.0,0.0,0.0,2
506.0653985999961,1779880972.789337,732.421875,200000,0.0,0.0,0.0,2
506.27973769999517,1779880973.0036755,732.421875,200000,0.0,0.0,0.0,2
506.5174349000008,1779880973.2413733,732.421875,200000,0.0,0.0,0.0,2
506.6945884000015,1779880973.4185262,732.421875,200000,0.0,0.0,0.0,2
506.8810813000018,1779880973.6050212,732.421875,200000,0.0,0.0,0.0,2
507.42100590000337,1779880974.1449442,732.421875,200000,0.0,0.0,0.0,2
507.4246482000017,1779880974.148586,732.421875,200000,0.0,0.0,0.0,2
507.46562849999464,1779880974.1895678,732.421875,200000,0.0,0.0,0.0,2
507.66273589999764,1779880974.3866732,732.421875,200000,0.0,0.0,0.0,2
507.90197750000516,1779880974.6259153,732.421875,200000,0.0,0.0,0.0,2
508.07469619999756,1779880974.7986336,732.421875,200000,0.0,0.0,0.0,2
508.31223739999405,1779880975.0361757,732.421875,200000,0.0,0.0,0.0,2
508.4962644000043,1779880975.2202039,732.421875,200000,0.0,0.0,0.0,2
508.67812029999914,1779880975.4020603,732.421875,200000,0.0,0.0,0.0,2
508.85640689999855,1779880975.5803444,732.421875,200000,0.0,0.0,0.0,2
509.04044989999966,1779880975.764388,732.421875,200000,0.0,0.0,0.0,2
509.5088106000039,1779880976.2327487,732.421875,200000,0.0,0.0,0.0,2
509.5135624999966,1779880976.2375002,732.421875,200000,0.0,0.0,0.0,2
509.6539583999984,1779880976.3778975,732.421875,200000,0.0,0.0,0.0,2
509.8481369000074,1779880976.5720742,732.421875,200000,0.0,0.0,0.0,2
510.0596546000015,1779880976.7835972,732.421875,200000,0.0,0.0,0.0,2
510.24652590000187,1779880976.9704652,732.421875,200000,0.0,0.0,0.0,2
510.43580459999794,1779880977.1597438,732.421875,200000,0.0,0.0,0.0,2
510.65379810000013,1779880977.3777363,732.421875,200000,0.0,0.0,0.0,2
510.8513785999967,1779880977.5753179,732.421875,200000,0.0,0.0,0.0,2
511.0825012999994,1779880977.8064425,732.421875,200000,0.0,0.0,0.0,2
511.6377102999977,1779880978.3616498,732.421875,200000,0.0,0.0,0.0,2
511.64326700000674,1779880978.3672063,732.421875,200000,0.0,0.0,0.0,2
511.6884165999945,1779880978.412354,732.421875,200000,0.0,0.0,0.0,2
511.8340587999992,1779880978.557998,732.421875,200000,0.0,0.0,0.0,2
512.033522400001,1779880978.7574613,732.421875,200000,0.0,0.0,0.0,2
512.2708643000078,1779880978.9948037,732.421875,200000,0.0,0.0,0.0,2
512.4498900000035,1779880979.173829,732.421875,200000,0.0,0.0,0.0,2
512.6368693999975,1779880979.3608098,732.421875,200000,0.0,0.0,0.0,2
513.1842279999983,1779880979.9081664,732.421875,200000,0.0,0.0,0.0,2
513.1877972000075,1779880979.9117348,732.421875,200000,0.0,0.0,0.0,2
513.254102100007,1779880979.9780416,732.421875,200000,0.0,0.0,0.0,2
513.4406977000035,1779880980.1646366,732.421875,200000,0.0,0.0,0.0,2
513.648254300002,1779880980.372192,732.421875,200000,0.0,0.0,0.0,2
513.8248277999955,1779880980.5487654,732.421875,200000,0.0,0.0,0.0,2
514.2616079,1779880980.9855459,732.421875,200000,0.0,0.0,0.0,2
514.2654036000022,1779880980.9893415,732.421875,200000,0.0,0.0,0.0,2
514.4271354999946,1779880981.151073,732.421875,200000,0.0,0.0,0.0,2
514.6154958999978,1779880981.3394341,732.421875,200000,0.0,0.0,0.0,2
514.8424513000064,1779880981.5663893,732.421875,200000,0.0,0.0,0.0,2
515.0815245999984,1779880981.8054621,732.421875,200000,0.0,0.0,0.0,2
515.2632900000026,1779880981.9872282,732.421875,200000,0.0,0.0,0.0,2
515.8051895999961,1779880982.529127,732.421875,200000,0.0,0.0,0.0,2
515.8092933000007,1779880982.5332315,732.421875,200000,0.0,0.0,0.0,2
515.8349432999967,1779880982.558881,732.421875,200000,0.0,0.0,0.0,2
516.0184388000052,1779880982.7423768,732.421875,200000,0.0,0.0,0.0,2
516.2282432000065,1779880982.9521813,732.421875,200000,0.0,0.0,0.0,2
516.4080548000056,1779880983.131993,732.421875,200000,0.0,0.0,0.0,2
516.6142454999936,1779880983.3381834,732.421875,200000,0.0,0.0,0.0,2
516.8299135999987,1779880983.5538518,732.421875,200000,0.0,0.0,0.0,2
517.3883520999952,1779880984.11229,732.421875,200000,0.0,0.0,0.0,2
517.3922118000046,1779880984.116149,732.421875,200000,0.0,0.0,0.0,2
517.4329048000072,1779880984.1568441,732.421875,200000,0.0,0.0,0.0,2
517.6069603000069,1779880984.3308976,732.421875,200000,0.0,0.0,0.0,2
517.8209769999958,1779880984.5449145,732.421875,200000,0.0,0.0,0.0,2
518.0264175000048,1779880984.7503562,732.421875,200000,0.0,0.0,0.0,2
518.2112185000005,1779880984.9351568,732.421875,200000,0.0,0.0,0.0,2
518.4075900000025,1779880985.1315277,732.421875,200000,0.0,0.0,0.0,2
518.9070336000004,1779880985.6309712,732.421875,200000,0.0,0.0,0.0,2
518.9120397000079,1779880985.635977,732.421875,200000,0.0,0.0,0.0,2
519.002287299998,1779880985.726225,732.421875,200000,0.0,0.0,0.0,2
519.1940281999996,1779880985.9179657,732.421875,200000,0.0,0.0,0.0,2
519.4087851999939,1779880986.1327229,732.421875,200000,0.0,0.0,0.0,2
519.931451299999,1779880986.65539,732.421875,200000,0.0,0.0,0.0,2
519.9391636000073,1779880986.663106,732.421875,200000,0.0,0.0,0.0,2
519.9983218999987,1779880986.7222598,732.421875,200000,0.0,0.0,0.0,2
520.1869305,1779880986.910868,732.421875,200000,0.0,0.0,0.0,2
520.3933986000047,1779880987.1173377,732.421875,200000,0.0,0.0,0.0,2
520.6127866000024,1779880987.3367245,732.421875,200000,0.0,0.0,0.0,2
520.8371406000078,1779880987.561078,732.421875,200000,0.0,0.0,0.0,2
521.0214397999953,1779880987.7453783,732.421875,200000,0.0,0.0,0.0,2
521.2069894000015,1779880987.930929,732.421875,200000,0.0,0.0,0.0,2
521.3848302999977,1779880988.108768,732.421875,200000,0.0,0.0,0.0,2
521.5751610000007,1779880988.299099,732.421875,200000,0.0,0.0,0.0,2
521.7989746999956,1779880988.5229123,732.421875,200000,0.0,0.0,0.0,2
522.4738470000011,1779880989.1977851,732.421875,200000,0.0,0.0,0.0,2
522.4812041999976,1779880989.2051425,732.421875,200000,0.0,0.0,0.0,2
522.4862333000056,1779880989.2101712,732.421875,200000,0.0,0.0,0.0,2
522.5939298000012,1779880989.3178678,732.421875,200000,0.0,0.0,0.0,2
522.8192856999958,1779880989.5432239,732.421875,200000,0.0,0.0,0.0,2
522.9982062000054,1779880989.7221437,732.421875,200000,0.0,0.0,0.0,2
523.5439540999942,1779880990.2678921,732.421875,200000,0.0,0.0,0.0,2
523.5463236000069,1779880990.270261,732.421875,200000,0.0,0.0,0.0,2
523.5946446000016,1779880990.3185825,732.421875,200000,0.0,0.0,0.0,2
523.7691231000063,1779880990.493061,732.421875,200000,0.0,0.0,0.0,2
523.9735921999963,1779880990.6975296,732.421875,200000,0.0,0.0,0.0,2
524.1623324999964,1779880990.8862703,732.421875,200000,0.0,0.0,0.0,2
524.3756933999975,1779880991.099632,732.421875,200000,0.0,0.0,0.0,2
524.6103641999944,1779880991.3343022,732.421875,200000,0.0,0.0,0.0,2
525.0863978999987,1779880991.8103354,732.421875,200000,0.0,0.0,0.0,2
525.0894716000039,1779880991.8134096,732.421875,200000,0.0,0.0,0.0,2
525.1573770999967,1779880991.8813145,732.421875,200000,0.0,0.0,0.0,2
525.3697358000063,1779880992.093674,732.421875,200000,0.0,0.0,0.0,2
525.5705959000043,1779880992.2945337,732.421875,200000,0.0,0.0,0.0,2
525.7567672000005,1779880992.4807053,732.421875,200000,0.0,0.0,0.0,2
525.9852754000021,1779880992.7092133,732.421875,200000,0.0,0.0,0.0,2
526.1696456000063,1779880992.8935838,732.421875,200000,0.0,0.0,0.0,2
526.6515792999999,1779880993.3755171,732.421875,200000,0.0,0.0,0.0,2
526.6559611999983,1779880993.3798988,732.421875,200000,0.0,0.0,0.0,2
526.7536441999982,1779880993.477582,732.421875,200000,0.0,0.0,0.0,2
526.9653946000035,1779880993.6893327,732.421875,200000,0.0,0.0,0.0,2
527.1926153999957,1779880993.9165537,732.421875,200000,0.0,0.0,0.0,2
527.3683145999967,1779880994.092252,732.421875,200000,0.0,0.0,0.0,2
527.5545244999958,1779880994.2784617,732.421875,200000,0.0,0.0,0.0,2
527.7487297000043,1779880994.472669,732.421875,200000,0.0,0.0,0.0,2
527.9691448999947,1779880994.6930833,732.421875,200000,0.0,0.0,0.0,2
528.1702619999996,1779880994.8942018,732.421875,200000,0.0,0.0,0.0,2
528.7537893999979,1779880995.4777286,732.421875,200000,0.0,0.0,0.0,2
528.7566184000025,1779880995.480556,732.421875,200000,0.0,0.0,0.0,2
528.7850219999964,1779880995.5089593,732.421875,200000,0.0,0.0,0.0,2
528.960098800002,1779880995.6840372,732.421875,200000,0.0,0.0,0.0,2
529.1727214999992,1779880995.8966599,732.421875,200000,0.0,0.0,0.0,2
529.351699100007,1779880996.0756378,732.421875,200000,0.0,0.0,0.0,2
529.531868399994,1779880996.2558057,732.421875,200000,0.0,0.0,0.0,2
529.7385401000065,1779880996.462479,732.421875,200000,0.0,0.0,0.0,2
529.9295688999991,1779880996.6535087,732.421875,200000,0.0,0.0,0.0,2
530.1949960000056,1779880996.918934,732.421875,200000,0.0,0.0,0.0,2
530.3728416999948,1779880997.0967808,732.421875,200000,0.0,0.0,0.0,2
530.5458164000011,1779880997.2697554,732.421875,200000,0.0,0.0,0.0,2
530.7293606000021,1779880997.4532993,732.421875,200000,0.0,0.0,0.0,2
530.9632602000056,1779880997.6871977,732.421875,200000,0.0,0.0,0.0,2
531.1481379000033,1779880997.8720756,732.421875,200000,0.0,0.0,0.0,2
531.3366225000063,1779880998.060562,732.421875,200000,0.0,0.0,0.0,2
531.5185035000031,1779880998.2424417,732.421875,200000,0.0,0.0,0.0,2
531.7459951000055,1779880998.4699333,732.421875,200000,0.0,0.0,0.0,2
531.9239241000032,1779880998.6478622,732.421875,200000,0.0,0.0,0.0,2
532.1285627000034,1779880998.8525007,732.421875,200000,0.0,0.0,0.0,2
532.3162073999993,1779880999.0401454,732.421875,200000,0.0,0.0,0.0,2
532.528421199997,1779880999.252359,732.421875,200000,0.0,0.0,0.0,2
532.7141281000077,1779880999.4380665,732.421875,200000,0.0,0.0,0.0,2
532.9447649000067,1779880999.6687036,732.421875,200000,0.0,0.0,0.0,2
533.3800970000011,1779881000.1040354,732.421875,200000,0.0,0.0,0.0,2
533.3857983000053,1779881000.1097367,732.421875,200000,0.0,0.0,0.0,2
533.5244795000035,1779881000.2484167,732.421875,200000,0.0,0.0,0.0,2
533.718466899998,1779881000.4424043,732.421875,200000,0.0,0.0,0.0,2
533.9095658000006,1779881000.6335046,732.421875,200000,0.0,0.0,0.0,2
534.1407055000018,1779881000.8646455,732.421875,200000,0.0,0.0,0.0,2
534.3187830999959,1779881001.0427206,732.421875,200000,0.0,0.0,0.0,2
534.9310457999964,1779881001.654986,732.421875,200000,0.0,0.0,0.0,2
534.9371207000077,1779881001.6610599,732.421875,200000,0.0,0.0,0.0,2
534.9704478000058,1779881001.6943865,732.421875,200000,0.0,0.0,0.0,2
535.1052118999942,1779881001.8291507,732.421875,200000,0.0,0.0,0.0,2
535.3366658000014,1779881002.0606048,732.421875,200000,0.0,0.0,0.0,2
535.5188476000039,1779881002.2427864,732.421875,200000,0.0,0.0,0.0,2
535.7064941999997,1779881002.4304326,732.421875,200000,0.0,0.0,0.0,2
535.9439270000003,1779881002.667865,732.421875,200000,0.0,0.0,0.0,2
536.4893603999953,1779881003.2132993,732.421875,200000,0.0,0.0,0.0,2
536.4948423000023,1779881003.218781,732.421875,200000,0.0,0.0,0.0,2
536.5283785000065,1779881003.2523172,732.421875,200000,0.0,0.0,0.0,2
536.7093994000024,1779881003.433339,732.421875,200000,0.0,0.0,0.0,2
536.9032955000002,1779881003.6272337,732.421875,200000,0.0,0.0,0.0,2
537.093252000006,1779881003.8171895,732.421875,200000,0.0,0.0,0.0,2
537.3166118999943,1779881004.0405488,732.421875,200000,0.0,0.0,0.0,2
537.5019401000027,1779881004.2258778,732.421875,200000,0.0,0.0,0.0,2
537.7362933999975,1779881004.4602315,732.421875,200000,0.0,0.0,0.0,2
537.9148115999997,1779881004.6387503,732.421875,200000,0.0,0.0,0.0,2
538.1045990999992,1779881004.8285365,732.421875,200000,0.0,0.0,0.0,2
538.282655300005,1779881005.006593,732.421875,200000,0.0,0.0,0.0,2
538.5129879000015,1779881005.2369256,732.421875,200000,0.0,0.0,0.0,2
538.6928635000077,1779881005.4168012,732.421875,200000,0.0,0.0,0.0,2
538.8891853999958,1779881005.613124,732.421875,200000,0.0,0.0,0.0,2
539.1151522,1779881005.8390913,732.421875,200000,0.0,0.0,0.0,2
539.2923142000072,1779881006.016253,732.421875,200000,0.0,0.0,0.0,2
539.5320869999996,1779881006.2560258,732.421875,200000,0.0,0.0,0.0,2
539.7101844999997,1779881006.4341235,732.421875,200000,0.0,0.0,0.0,2
539.8936153999966,1779881006.617555,732.421875,200000,0.0,0.0,0.0,2
540.076370499999,1779881006.8003082,732.421875,200000,0.0,0.0,0.0,2
540.3170267999958,1779881007.0409658,732.421875,200000,0.0,0.0,0.0,2
540.4962150000065,1779881007.2201545,732.421875,200000,0.0,0.0,0.0,2
540.676955700008,1779881007.4008944,732.421875,200000,0.0,0.0,0.0,2
540.9096380999981,1779881007.6335778,732.421875,200000,0.0,0.0,0.0,2
541.0925586999947,1779881007.8164983,732.421875,200000,0.0,0.0,0.0,2
541.2747522999998,1779881007.9986913,732.421875,200000,0.0,0.0,0.0,2
541.5139036000037,1779881008.237843,732.421875,200000,0.0,0.0,0.0,2
541.6902903000009,1779881008.4142282,732.421875,200000,0.0,0.0,0.0,2
542.7312780000066,1779881009.4552162,732.421875,200000,0.0,0.0,0.0,2
542.7363885999948,1779881009.4603283,732.421875,200000,0.0,0.0,0.0,2
542.7571623999975,1779881009.4810996,732.421875,200000,0.0,0.0,0.0,2
542.7611006999941,1779881009.4850378,732.421875,200000,0.0,0.0,0.0,2
542.7641604999953,1779881009.4880998,732.421875,200000,0.0,0.0,0.0,2
542.8592990000034,1779881009.583238,732.421875,200000,0.0,0.0,0.0,2
543.0698469000054,1779881009.7937846,732.421875,200000,0.0,0.0,0.0,2
543.2603729999973,1779881009.9843109,732.421875,200000,0.0,0.0,0.0,2
543.7797088999941,1779881010.5036464,732.421875,200000,0.0,0.0,0.0,2
543.7858735000045,1779881010.5098114,732.421875,200000,0.0,0.0,0.0,2
543.8617480999965,1779881010.5856867,732.421875,200000,0.0,0.0,0.0,2
544.0524875999981,1779881010.7764254,732.421875,200000,0.0,0.0,0.0,2
544.2642245000025,1779881010.9881618,732.421875,200000,0.0,0.0,0.0,2
544.4475184000039,1779881011.171456,732.421875,200000,0.0,0.0,0.0,2
544.653495999999,1779881011.3774335,732.421875,200000,0.0,0.0,0.0,2
544.8636931000074,1779881011.5876322,732.421875,200000,0.0,0.0,0.0,2
545.3559308999975,1779881012.0798697,732.421875,200000,0.0,0.0,0.0,2
545.3601358000014,1779881012.0840747,732.421875,200000,0.0,0.0,0.0,2
545.4451062000007,1779881012.1690435,732.421875,200000,0.0,0.0,0.0,2
545.7009505000024,1779881012.424888,732.421875,200000,0.0,0.0,0.0,2
545.8811478999996,1779881012.605087,732.421875,200000,0.0,0.0,0.0,2
546.0580224000005,1779881012.7819598,732.421875,200000,0.0,0.0,0.0,2
546.2398651999974,1779881012.9638042,732.421875,200000,0.0,0.0,0.0,2
546.4447110000037,1779881013.1686516,732.421875,200000,0.0,0.0,0.0,2
546.6613686000055,1779881013.3853064,732.421875,200000,0.0,0.0,0.0,2
546.844056300004,1779881013.5679955,732.421875,200000,0.0,0.0,0.0,2
547.0848167999939,1779881013.8087556,732.421875,200000,0.0,0.0,0.0,2
547.2625076999975,1779881013.9864469,732.421875,200000,0.0,0.0,0.0,2
547.4452163999958,1779881014.1691556,732.421875,200000,0.0,0.0,0.0,2
547.6363667999976,1779881014.360306,732.421875,200000,0.0,0.0,0.0,2
547.8600373999943,1779881014.5839763,732.421875,200000,0.0,0.0,0.0,2
548.0381032000005,1779881014.7620425,732.421875,200000,0.0,0.0,0.0,2
548.2854664000042,1779881015.0094044,732.421875,200000,0.0,0.0,0.0,2
548.4603902999952,1779881015.1843288,732.421875,200000,0.0,0.0,0.0,2
548.6397442000016,1779881015.3636837,732.421875,200000,0.0,0.0,0.0,2
548.879227700003,1779881015.6031656,732.421875,200000,0.0,0.0,0.0,2
549.0593859000073,1779881015.7833238,732.421875,200000,0.0,0.0,0.0,2
549.2356002000015,1779881015.9595387,732.421875,200000,0.0,0.0,0.0,2
549.4266607000027,1779881016.1506004,732.421875,200000,0.0,0.0,0.0,2
549.6605620000046,1779881016.384501,732.421875,200000,0.0,0.0,0.0,2
549.8364768000029,1779881016.5604143,732.421875,200000,0.0,0.0,0.0,2
550.4728624999989,1779881017.1968005,732.421875,200000,0.0,0.0,0.0,2
550.4769659000012,1779881017.200904,732.421875,200000,0.0,0.0,0.0,2
550.5437860999955,1779881017.2677238,732.421875,200000,0.0,0.0,0.0,2
550.6283307999984,1779881017.3522694,732.421875,200000,0.0,0.0,0.0,2
550.823755999998,1779881017.5476937,732.421875,200000,0.0,0.0,0.0,2
551.0387702000007,1779881017.7627091,732.421875,200000,0.0,0.0,0.0,2
551.2750285000075,1779881017.9989674,732.421875,200000,0.0,0.0,0.0,2
551.4588872000022,1779881018.1828253,732.421875,200000,0.0,0.0,0.0,2
552.0577813999989,1779881018.7817204,732.421875,200000,0.0,0.0,0.0,2
552.0651547000016,1779881018.7890925,732.421875,200000,0.0,0.0,0.0,2
552.0713650999969,1779881018.7953033,732.421875,200000,0.0,0.0,0.0,2
552.2050089999975,1779881018.9289477,732.421875,200000,0.0,0.0,0.0,2
552.4730328000005,1779881019.1969705,732.421875,200000,0.0,0.0,0.0,2
552.6055775999994,1779881019.3295155,732.421875,200000,0.0,0.0,0.0,2
552.8345989999943,1779881019.558537,732.421875,200000,0.0,0.0,0.0,2
553.0167172000074,1779881019.7406564,732.421875,200000,0.0,0.0,0.0,2
553.2566952000052,1779881019.9806345,732.421875,200000,0.0,0.0,0.0,2
553.4337849000003,1779881020.1577241,732.421875,200000,0.0,0.0,0.0,2
553.6162814999989,1779881020.3402205,732.421875,200000,0.0,0.0,0.0,2
553.8021711000038,1779881020.5261097,732.421875,200000,0.0,0.0,0.0,2
554.0355614,1779881020.7594998,732.421875,200000,0.0,0.0,0.0,2
554.2116394000041,1779881020.9355767,732.421875,200000,0.0,0.0,0.0,2
554.4587756999972,1779881021.1827135,732.421875,200000,0.0,0.0,0.0,2
554.636769699995,1779881021.360709,732.421875,200000,0.0,0.0,0.0,2
554.813759800003,1779881021.537698,732.421875,200000,0.0,0.0,0.0,2
555.0540540999937,1779881021.7779925,732.421875,200000,0.0,0.0,0.0,2
555.229248100004,1779881021.9531863,732.421875,200000,0.0,0.0,0.0,2
555.4717500999977,1779881022.1956882,732.421875,200000,0.0,0.0,0.0,2
555.5990781,1779881022.3230155,732.421875,200000,0.0,0.0,0.0,2
555.7914287000021,1779881022.5153677,732.421875,200000,0.0,0.0,0.0,2
556.0132946999947,1779881022.7372344,732.421875,200000,0.0,0.0,0.0,2
556.252788400001,1779881022.9767287,732.421875,200000,0.0,0.0,0.0,2
556.4890258999949,1779881023.212965,732.421875,200000,0.0,0.0,0.0,2
556.6077852000017,1779881023.3317237,732.421875,200000,0.0,0.0,0.0,2
556.8511634000024,1779881023.5751026,732.421875,200000,0.0,0.0,0.0,2
557.0322751000058,1779881023.756214,732.421875,200000,0.0,0.0,0.0,2
557.2067903999996,1779881023.9307287,732.421875,200000,0.0,0.0,0.0,2
557.7475586999935,1779881024.471496,732.421875,200000,0.0,0.0,0.0,2
557.7506156000018,1779881024.474554,732.421875,200000,0.0,0.0,0.0,2
557.8089307000046,1779881024.5328681,732.421875,200000,0.0,0.0,0.0,2
557.9975788000011,1779881024.7215168,732.421875,200000,0.0,0.0,0.0,2
558.2266531000059,1779881024.9505918,732.421875,200000,0.0,0.0,0.0,2
558.4380650999956,1779881025.1620052,732.421875,200000,0.0,0.0,0.0,2
558.5805957999983,1779881025.3045356,732.421875,200000,0.0,0.0,0.0,2
558.830483400001,1779881025.5544226,732.421875,200000,0.0,0.0,0.0,2
559.0065679999971,1779881025.7305055,732.421875,200000,0.0,0.0,0.0,2
559.1951396000077,1779881025.9190786,732.421875,200000,0.0,0.0,0.0,2
559.4256353999954,1779881026.1495748,732.421875,200000,0.0,0.0,0.0,2
559.8431354000058,1779881026.567073,732.421875,200000,0.0,0.0,0.0,2
559.8454250000068,1779881026.5693626,732.421875,200000,0.0,0.0,0.0,2
559.9822314000048,1779881026.7061727,732.421875,200000,0.0,0.0,0.0,2
560.1712550999946,1779881026.8951933,732.421875,200000,0.0,0.0,0.0,2
560.4371505000017,1779881027.1610882,732.421875,200000,0.0,0.0,0.0,2
560.5687046999956,1779881027.2926426,732.421875,200000,0.0,0.0,0.0,2
560.7976909999998,1779881027.5216284,732.421875,200000,0.0,0.0,0.0,2
560.9822209999984,1779881027.7061586,732.421875,200000,0.0,0.0,0.0,2
561.171015800006,1779881027.8949535,732.421875,200000,0.0,0.0,0.0,2
561.4086702000059,1779881028.1326082,732.421875,200000,0.0,0.0,0.0,2
561.5810036000039,1779881028.3049407,732.421875,200000,0.0,0.0,0.0,2
561.7704677000002,1779881028.4944065,732.421875,200000,0.0,0.0,0.0,2
562.0118371999997,1779881028.7357752,732.421875,200000,0.0,0.0,0.0,2
562.1730252999987,1779881028.8969631,732.421875,200000,0.0,0.0,0.0,2
562.4149502999935,1779881029.1388886,732.421875,200000,0.0,0.0,0.0,2
562.5706524999987,1779881029.2945905,732.421875,200000,0.0,0.0,0.0,2
562.7826059000072,1779881029.5065448,732.421875,200000,0.0,0.0,0.0,2
562.9717089000042,1779881029.695647,732.421875,200000,0.0,0.0,0.0,2
563.1618961000058,1779881029.885834,732.421875,200000,0.0,0.0,0.0,2
563.4452486999944,1779881030.1691878,732.421875,200000,0.0,0.0,0.0,2
564.0073360999959,1779881030.7312741,732.421875,200000,0.0,0.0,0.0,2
564.0111140999943,1779881030.7350528,732.421875,200000,0.0,0.0,0.0,2
564.0164435000042,1779881030.7403824,732.421875,200000,0.0,0.0,0.0,2
564.1745553000073,1779881030.8984966,732.421875,200000,0.0,0.0,0.0,2
564.4095680000028,1779881031.133507,732.421875,200000,0.0,0.0,0.0,2
564.5565463999956,1779881031.2804847,732.421875,200000,0.0,0.0,0.0,2
564.7650098000013,1779881031.488948,732.421875,200000,0.0,0.0,0.0,2
564.9517749000079,1779881031.6757154,732.421875,200000,0.0,0.0,0.0,2
565.1773719000048,1779881031.9013097,732.421875,200000,0.0,0.0,0.0,2
565.4338605999947,1779881032.1578012,732.421875,200000,0.0,0.0,0.0,2
565.5591182000062,1779881032.283057,732.421875,200000,0.0,0.0,0.0,2
565.7748799999972,1779881032.4988182,732.421875,200000,0.0,0.0,0.0,2
565.9585489000019,1779881032.6824863,732.421875,200000,0.0,0.0,0.0,2
566.1499629000027,1779881032.8739018,732.421875,200000,0.0,0.0,0.0,2
566.3771971999959,1779881033.1011364,732.421875,200000,0.0,0.0,0.0,2
566.560237800004,1779881033.2841759,732.421875,200000,0.0,0.0,0.0,2
567.0983113999973,1779881033.8222508,732.421875,200000,0.0,0.0,0.0,2
567.1037964999996,1779881033.8277347,732.421875,200000,0.0,0.0,0.0,2
567.1537343999953,1779881033.8776727,732.421875,200000,0.0,0.0,0.0,2
567.3853226000065,1779881034.109263,732.421875,200000,0.0,0.0,0.0,2
567.5581894000061,1779881034.2821276,732.421875,200000,0.0,0.0,0.0,2
567.7569760000042,1779881034.4809144,732.421875,200000,0.0,0.0,0.0,2
567.9434106999979,1779881034.6673493,732.421875,200000,0.0,0.0,0.0,2
568.1333292000054,1779881034.8572674,732.421875,200000,0.0,0.0,0.0,2
568.6683723000024,1779881035.3923116,732.421875,200000,0.0,0.0,0.0,2
568.6725999000046,1779881035.3965375,732.421875,200000,0.0,0.0,0.0,2
568.751665799995,1779881035.4756045,732.421875,200000,0.0,0.0,0.0,2
568.9431723000016,1779881035.6671102,732.421875,200000,0.0,0.0,0.0,2
569.1444058000052,1779881035.8683438,732.421875,200000,0.0,0.0,0.0,2
569.7365805000009,1779881036.4605188,732.421875,200000,0.0,0.0,0.0,2
569.7412349000078,1779881036.465173,732.421875,200000,0.0,0.0,0.0,2
569.7877578000043,1779881036.5116954,732.421875,200000,0.0,0.0,0.0,2
569.9260828999977,1779881036.650021,732.421875,200000,0.0,0.0,0.0,2
570.1296707000001,1779881036.8536093,732.421875,200000,0.0,0.0,0.0,2
570.3677414999984,1779881037.09168,732.421875,200000,0.0,0.0,0.0,2
570.5879567999946,1779881037.3118963,732.421875,200000,0.0,0.0,0.0,2
570.730384800001,1779881037.454323,732.421875,200000,0.0,0.0,0.0,2
570.9325665000069,1779881037.656504,732.421875,200000,0.0,0.0,0.0,2
571.1353643000039,1779881037.8593078,732.421875,200000,0.0,0.0,0.0,2
571.3503985999996,1779881038.0743372,732.421875,200000,0.0,0.0,0.0,2
571.5501371999999,1779881038.2740955,732.421875,200000,0.0,0.0,0.0,2
571.7421005000069,1779881038.46604,732.421875,200000,0.0,0.0,0.0,2
571.924591899995,1779881038.6485305,732.421875,200000,0.0,0.0,0.0,2
572.1354597000027,1779881038.8593993,732.421875,200000,0.0,0.0,0.0,2
572.8037705000024,1779881039.5277104,732.421875,200000,0.0,0.0,0.0,2
572.8101275999943,1779881039.5340672,732.421875,200000,0.0,0.0,0.0,2
572.8187784000038,1779881039.542718,732.421875,200000,0.0,0.0,0.0,2
572.9156043999974,1779881039.6395426,732.421875,200000,0.0,0.0,0.0,2
573.1083126000012,1779881039.8322525,732.421875,200000,0.0,0.0,0.0,2
573.3453487000079,1779881040.0692863,732.421875,200000,0.0,0.0,0.0,2
573.8708375999995,1779881040.5947766,732.421875,200000,0.0,0.0,0.0,2
573.8773107000015,1779881040.6012487,732.421875,200000,0.0,0.0,0.0,2
573.9219859000004,1779881040.645924,732.421875,200000,0.0,0.0,0.0,2
574.1132467999996,1779881040.8371847,732.421875,200000,0.0,0.0,0.0,2
574.3463238999975,1779881041.070262,732.421875,200000,0.0,0.0,0.0,2
574.5231923999963,1779881041.247134,732.421875,200000,0.0,0.0,0.0,2
574.7058582000027,1779881041.4297955,732.421875,200000,0.0,0.0,0.0,2
574.9486623999983,1779881041.6726015,732.421875,200000,0.0,0.0,0.0,2
575.1236024999962,1779881041.847541,732.421875,200000,0.0,0.0,0.0,2
575.3650176999945,1779881042.0889554,732.421875,200000,0.0,0.0,0.0,2
575.5429403000016,1779881042.2668781,732.421875,200000,0.0,0.0,0.0,2
575.7255365000019,1779881042.4494755,732.421875,200000,0.0,0.0,0.0,2
575.910384200004,1779881042.6343231,732.421875,200000,0.0,0.0,0.0,2
576.1004289999983,1779881042.8243673,732.421875,200000,0.0,0.0,0.0,2
576.3326853000035,1779881043.0566237,732.421875,200000,0.0,0.0,0.0,2
576.5060234999983,1779881043.229963,732.421875,200000,0.0,0.0,0.0,2
576.7027029000019,1779881043.4266417,732.421875,200000,0.0,0.0,0.0,2
576.916918700008,1779881043.6408575,732.421875,200000,0.0,0.0,0.0,2
577.1533841000055,1779881043.877322,732.421875,200000,0.0,0.0,0.0,2
577.3085911999951,1779881044.0325289,732.421875,200000,0.0,0.0,0.0,2
577.5177879999974,1779881044.2417264,732.421875,200000,0.0,0.0,0.0,2
577.6968418000033,1779881044.420781,732.421875,200000,0.0,0.0,0.0,2
577.8837765000062,1779881044.607716,732.421875,200000,0.0,0.0,0.0,2
578.118738899997,1779881044.8426776,732.421875,200000,0.0,0.0,0.0,2
578.316662199999,1779881045.0406015,732.421875,200000,0.0,0.0,0.0,2
578.5009057999996,1779881045.2248464,732.421875,200000,0.0,0.0,0.0,2
578.683013899994,1779881045.406952,732.421875,200000,0.0,0.0,0.0,2
578.9080079999985,1779881045.6319475,732.421875,200000,0.0,0.0,0.0,2
579.6114152999944,1779881046.335356,732.421875,200000,0.0,0.0,0.0,2
579.6216112999973,1779881046.34555,732.421875,200000,0.0,0.0,0.0,2
579.6344137999986,1779881046.3583536,732.421875,200000,0.0,0.0,0.0,2
579.6961845000042,1779881046.4201238,732.421875,200000,0.0,0.0,0.0,2
579.8834329999954,1779881046.6073723,732.421875,200000,0.0,0.0,0.0,2
580.0739853999985,1779881046.7979252,732.421875,200000,0.0,0.0,0.0,2
580.2994751000078,1779881047.0234144,732.421875,200000,0.0,0.0,0.0,2
580.512950999997,1779881047.2368894,732.421875,200000,0.0,0.0,0.0,2
580.6920795000042,1779881047.4160187,732.421875,200000,0.0,0.0,0.0,2
580.8814712000021,1779881047.605409,732.421875,200000,0.0,0.0,0.0,2
581.1089876000042,1779881047.8329256,732.421875,200000,0.0,0.0,0.0,2
581.2863453000027,1779881048.010283,732.421875,200000,0.0,0.0,0.0,2
581.4726284000062,1779881048.196566,732.421875,200000,0.0,0.0,0.0,2
581.6632513999939,1779881048.387189,732.421875,200000,0.0,0.0,0.0,2
581.8916147999989,1779881048.6155531,732.421875,200000,0.0,0.0,0.0,2
582.0723698999936,1779881048.796307,732.421875,200000,0.0,0.0,0.0,2
582.308686000004,1779881049.0326245,732.421875,200000,0.0,0.0,0.0,2
582.4893822000013,1779881049.2133198,732.421875,200000,0.0,0.0,0.0,2
582.6746179000038,1779881049.3985572,732.421875,200000,0.0,0.0,0.0,2
582.9135839999944,1779881049.6375554,732.421875,200000,0.0,0.0,0.0,2
583.086670699995,1779881049.8106093,732.421875,200000,0.0,0.0,0.0,2
583.7865449999954,1779881050.5104833,732.421875,200000,0.0,0.0,0.0,2
583.7918892000016,1779881050.5158274,732.421875,200000,0.0,0.0,0.0,2
583.7972504000063,1779881050.5211892,732.421875,200000,0.0,0.0,0.0,2
583.8718432000023,1779881050.5957813,732.421875,200000,0.0,0.0,0.0,2
584.0607308000035,1779881050.78467,732.421875,200000,0.0,0.0,0.0,2
584.2849350000033,1779881051.0088723,732.421875,200000,0.0,0.0,0.0,2
584.4668473000056,1779881051.190785,732.421875,200000,0.0,0.0,0.0,2
584.7066942999954,1779881051.4306319,732.421875,200000,0.0,0.0,0.0,2
584.8899336000031,1779881051.613873,732.421875,200000,0.0,0.0,0.0,2
585.0667667999951,1779881051.790706,732.421875,200000,0.0,0.0,0.0,2
585.312094199995,1779881052.0360317,732.421875,200000,0.0,0.0,0.0,2
585.4860649000038,1779881052.2100027,732.421875,200000,0.0,0.0,0.0,2
585.6680313999968,1779881052.3919694,732.421875,200000,0.0,0.0,0.0,2
585.8538638000027,1779881052.5778017,732.421875,200000,0.0,0.0,0.0,2
586.3846252999938,1779881053.1085649,732.421875,200000,0.0,0.0,0.0,2
586.3924322999956,1779881053.116371,732.421875,200000,0.0,0.0,0.0,2
586.4608694000053,1779881053.1848075,732.421875,200000,0.0,0.0,0.0,2
586.6587967999949,1779881053.3827364,732.421875,200000,0.0,0.0,0.0,2
586.8639698000043,1779881053.5879076,732.421875,200000,0.0,0.0,0.0,2
587.0488440000045,1779881053.772782,732.421875,200000,0.0,0.0,0.0,2
587.2811251999956,1779881054.005067,732.421875,200000,0.0,0.0,0.0,2
587.4622514000075,1779881054.1861887,732.421875,200000,0.0,0.0,0.0,2
587.6453228000028,1779881054.3692603,732.421875,200000,0.0,0.0,0.0,2
587.8435669000028,1779881054.567505,732.421875,200000,0.0,0.0,0.0,2
588.0323471000011,1779881054.756285,732.421875,200000,0.0,0.0,0.0,2
588.2447570999939,1779881054.9686947,732.421875,200000,0.0,0.0,0.0,2
588.4844964000076,1779881055.208435,732.421875,200000,0.0,0.0,0.0,2
588.998594100005,1779881055.722532,732.421875,200000,0.0,0.0,0.0,2
589.0036362999963,1779881055.727574,732.421875,200000,0.0,0.0,0.0,2
589.0476275999972,1779881055.771566,732.421875,200000,0.0,0.0,0.0,2
589.2400365000067,1779881055.9639745,732.421875,200000,0.0,0.0,0.0,2
589.4435564000014,1779881056.167494,732.421875,200000,0.0,0.0,0.0,2
589.6786530999962,1779881056.402591,732.421875,200000,0.0,0.0,0.0,2
589.8608819000074,1779881056.584821,732.421875,200000,0.0,0.0,0.0,2
590.548747199995,1779881057.272686,732.421875,200000,0.0,0.0,0.0,2
590.5540314999962,1779881057.2779694,732.421875,200000,0.0,0.0,0.0,2
590.5595749000058,1779881057.283513,732.421875,200000,0.0,0.0,0.0,2
590.6295506000024,1779881057.3534894,732.421875,200000,0.0,0.0,0.0,2
590.8433177999977,1779881057.5672562,732.421875,200000,0.0,0.0,0.0,2
591.0263771000027,1779881057.7503169,732.421875,200000,0.0,0.0,0.0,2
591.2385654999962,1779881057.962503,732.421875,200000,0.0,0.0,0.0,2
591.4227449000027,1779881058.1466844,732.421875,200000,0.0,0.0,0.0,2
591.6258841999952,1779881058.3498232,732.421875,200000,0.0,0.0,0.0,2
592.1398262000002,1779881058.8637657,732.421875,200000,0.0,0.0,0.0,2
592.1463644000032,1779881058.870303,732.421875,200000,0.0,0.0,0.0,2
592.2293814000004,1779881058.95332,732.421875,200000,0.0,0.0,0.0,2
592.4172752000013,1779881059.1412132,732.421875,200000,0.0,0.0,0.0,2
592.6329225999943,1779881059.3568606,732.421875,200000,0.0,0.0,0.0,2
592.8540936000063,1779881059.578033,732.421875,200000,0.0,0.0,0.0,2
593.0337507000077,1779881059.7576888,732.421875,200000,0.0,0.0,0.0,2
593.2222786000057,1779881059.9462175,732.421875,200000,0.0,0.0,0.0,2
593.4193511000049,1779881060.1432893,732.421875,200000,0.0,0.0,0.0,2
593.6300158999948,1779881060.353954,732.421875,200000,0.0,0.0,0.0,2
593.8770029000007,1779881060.6009402,732.421875,200000,0.0,0.0,0.0,2
594.0600660000055,1779881060.7840054,732.421875,200000,0.0,0.0,0.0,2
594.2350071999972,1779881060.9589462,732.421875,200000,0.0,0.0,0.0,2
594.4150680000021,1779881061.1390052,732.421875,200000,0.0,0.0,0.0,2
594.6573232999945,1779881061.3812628,732.421875,200000,0.0,0.0,0.0,2
595.2576296000043,1779881061.981567,732.421875,200000,0.0,0.0,0.0,2
595.2596060000069,1779881061.9835432,732.421875,200000,0.0,0.0,0.0,2
595.2618971000047,1779881061.9858341,732.421875,200000,0.0,0.0,0.0,2
595.4027134000062,1779881062.1266525,732.421875,200000,0.0,0.0,0.0,2
595.614639899999,1779881062.3385782,732.421875,200000,0.0,0.0,0.0,2
595.8569145000074,1779881062.5808537,732.421875,200000,0.0,0.0,0.0,2
596.0312885000021,1779881062.7552266,732.421875,200000,0.0,0.0,0.0,2
596.2160390000063,1779881062.9399776,732.421875,200000,0.0,0.0,0.0,2
596.4071613999986,1779881063.131101,732.421875,200000,0.0,0.0,0.0,2
596.5972769999935,1779881063.3212166,732.421875,200000,0.0,0.0,0.0,2
596.8190346000047,1779881063.5429738,732.421875,200000,0.0,0.0,0.0,2
596.9978265999962,1779881063.721766,732.421875,200000,0.0,0.0,0.0,2
597.2322241999937,1779881063.9561634,732.421875,200000,0.0,0.0,0.0,2
597.4079874000017,1779881064.1319256,732.421875,200000,0.0,0.0,0.0,2
597.6482647999946,1779881064.3722043,732.421875,200000,0.0,0.0,0.0,2
597.8270365000062,1779881064.550974,732.421875,200000,0.0,0.0,0.0,2
598.359191399999,1779881065.0831306,732.421875,200000,0.0,0.0,0.0,2
598.3646215000044,1779881065.0885603,732.421875,200000,0.0,0.0,0.0,2
598.4040696000011,1779881065.1280086,732.421875,200000,0.0,0.0,0.0,2
598.5901597000047,1779881065.3140972,732.421875,200000,0.0,0.0,0.0,2
598.7903699000017,1779881065.5143077,732.421875,200000,0.0,0.0,0.0,2
599.0243011999992,1779881065.7482398,732.421875,200000,0.0,0.0,0.0,2
599.2083708999999,1779881065.9323082,732.421875,200000,0.0,0.0,0.0,2
599.9220591000048,1779881066.6459982,732.421875,200000,0.0,0.0,0.0,2
599.9253566999978,1779881066.6492941,732.421875,200000,0.0,0.0,0.0,2
599.933432699996,1779881066.6573725,732.421875,200000,0.0,0.0,0.0,2
599.9784147000028,1779881066.702352,732.421875,200000,0.0,0.0,0.0,2
600.2275460999954,1779881066.951485,732.421875,200000,0.0,0.0,0.0,2
600.4121803000016,1779881067.1361206,732.421875,200000,0.0,0.0,0.0,2
600.5882198000036,1779881067.312159,732.421875,200000,0.0,0.0,0.0,2
600.7739488999941,1779881067.4978871,732.421875,200000,0.0,0.0,0.0,2
601.0072540999972,1779881067.7311919,732.421875,200000,0.0,0.0,0.0,2
601.1933434999955,1779881067.9172819,732.421875,200000,0.0,0.0,0.0,2
601.3835114999965,1779881068.1074524,732.421875,200000,0.0,0.0,0.0,2
601.6084365999995,1779881068.3323755,732.421875,200000,0.0,0.0,0.0,2
601.7800722999964,1779881068.5040102,732.421875,200000,0.0,0.0,0.0,2
601.9657826000039,1779881068.6897209,732.421875,200000,0.0,0.0,0.0,2
602.2055836000072,1779881068.929522,732.421875,200000,0.0,0.0,0.0,2
602.3875225999946,1779881069.1114619,732.421875,200000,0.0,0.0,0.0,2
603.0789833000017,1779881069.802921,732.421875,200000,0.0,0.0,0.0,2
603.081185300005,1779881069.8051221,732.421875,200000,0.0,0.0,0.0,2
603.083175000007,1779881069.8071122,732.421875,200000,0.0,0.0,0.0,2
603.1639472999959,1779881069.8878853,732.421875,200000,0.0,0.0,0.0,2
603.4024636999966,1779881070.1264024,732.421875,200000,0.0,0.0,0.0,2
603.5807340000028,1779881070.3046725,732.421875,200000,0.0,0.0,0.0,2
603.7686933999939,1779881070.492632,732.421875,200000,0.0,0.0,0.0,2
603.959500500001,1779881070.6834385,732.421875,200000,0.0,0.0,0.0,2
604.1786180000054,1779881070.9025557,732.421875,200000,0.0,0.0,0.0,2
604.3644247000047,1779881071.0883627,732.421875,200000,0.0,0.0,0.0,2
604.602733000007,1779881071.3266723,732.421875,200000,0.0,0.0,0.0,2
604.7779734000069,1779881071.5019114,732.421875,200000,0.0,0.0,0.0,2
604.9576718000026,1779881071.681611,732.421875,200000,0.0,0.0,0.0,2
605.1548103999958,1779881071.8787487,732.421875,200000,0.0,0.0,0.0,2
605.3476573999942,1779881072.0715969,732.421875,200000,0.0,0.0,0.0,2
605.5563825999998,1779881072.2803202,732.421875,200000,0.0,0.0,0.0,2
605.7984354999935,1779881072.5223744,732.421875,200000,0.0,0.0,0.0,2
605.9516764,1779881072.6756153,732.421875,200000,0.0,0.0,0.0,2
606.1667068999959,1779881072.890645,732.421875,200000,0.0,0.0,0.0,2
606.3938049999997,1779881073.1177425,732.421875,200000,0.0,0.0,0.0,2
606.580105800007,1779881073.3040457,732.421875,200000,0.0,0.0,0.0,2
606.7566299000027,1779881073.4805672,732.421875,200000,0.0,0.0,0.0,2
606.9949271000078,1779881073.7188654,732.421875,200000,0.0,0.0,0.0,2
607.1760369999975,1779881073.8999758,732.421875,200000,0.0,0.0,0.0,2
607.3566653000016,1779881074.0806057,732.421875,200000,0.0,0.0,0.0,2
607.5382299000048,1779881074.2621686,732.421875,200000,0.0,0.0,0.0,2
607.7745379999978,1779881074.4984756,732.421875,200000,0.0,0.0,0.0,2
607.9546083000023,1779881074.6785467,732.421875,200000,0.0,0.0,0.0,2
608.1458483000024,1779881074.8697875,732.421875,200000,0.0,0.0,0.0,2
608.3740858999954,1779881075.0980253,732.421875,200000,0.0,0.0,0.0,2
608.5534746000048,1779881075.277413,732.421875,200000,0.0,0.0,0.0,2
608.7390488999954,1779881075.462987,732.421875,200000,0.0,0.0,0.0,2
608.9771849999961,1779881075.701125,732.421875,200000,0.0,0.0,0.0,2
609.1622534000053,1779881075.8861918,732.421875,200000,0.0,0.0,0.0,2
609.3385225999955,1779881076.0624611,732.421875,200000,0.0,0.0,0.0,2
609.5286259999993,1779881076.2525651,732.421875,200000,0.0,0.0,0.0,2
609.7532866999973,1779881076.477226,732.421875,200000,0.0,0.0,0.0,2
609.9301318000071,1779881076.6540713,732.421875,200000,0.0,0.0,0.0,2
610.1729315999983,1779881076.8968709,732.421875,200000,0.0,0.0,0.0,2
610.3513602000021,1779881077.075298,732.421875,200000,0.0,0.0,0.0,2
610.9049139999988,1779881077.6288521,732.421875,200000,0.0,0.0,0.0,2
610.9089514000079,1779881077.6328886,732.421875,200000,0.0,0.0,0.0,2
610.9541102999938,1779881077.678048,732.421875,200000,0.0,0.0,0.0,2
611.1282222000009,1779881077.852161,732.421875,200000,0.0,0.0,0.0,2
611.3286466999998,1779881078.052585,732.421875,200000,0.0,0.0,0.0,2
611.5530051999958,1779881078.2769442,732.421875,200000,0.0,0.0,0.0,2
611.7361380000075,1779881078.4600759,732.421875,200000,0.0,0.0,0.0,2
611.9128708000062,1779881078.6368103,732.421875,200000,0.0,0.0,0.0,2
612.1510524000041,1779881078.8749917,732.421875,200000,0.0,0.0,0.0,2
612.3317812000023,1779881079.0557191,732.421875,200000,0.0,0.0,0.0,2
612.5189819999941,1779881079.2429209,732.421875,200000,0.0,0.0,0.0,2
612.7086139000021,1779881079.432553,732.421875,200000,0.0,0.0,0.0,2
612.9267446000013,1779881079.6506824,732.421875,200000,0.0,0.0,0.0,2
613.1209881999966,1779881079.8449268,732.421875,200000,0.0,0.0,0.0,2
613.3117975000059,1779881080.035735,732.421875,200000,0.0,0.0,0.0,2
613.5259770999983,1779881080.249916,732.421875,200000,0.0,0.0,0.0,2
613.7093030999968,1779881080.433244,732.421875,200000,0.0,0.0,0.0,2
613.9417710999987,1779881080.6657093,732.421875,200000,0.0,0.0,0.0,2
614.5416254000011,1779881081.2655625,732.421875,200000,0.0,0.0,0.0,2
614.5447362999985,1779881081.268674,732.421875,200000,0.0,0.0,0.0,2
614.5481644999963,1779881081.2721019,732.421875,200000,0.0,0.0,0.0,2
614.7177484999993,1779881081.4416878,732.421875,200000,0.0,0.0,0.0,2
614.907131800006,1779881081.6310697,732.421875,200000,0.0,0.0,0.0,2
615.1063295000058,1779881081.830267,732.421875,200000,0.0,0.0,0.0,2
615.321702900008,1779881082.0456412,732.421875,200000,0.0,0.0,0.0,2
615.5612643000059,1779881082.285202,732.421875,200000,0.0,0.0,0.0,2
616.0981298999977,1779881082.8220677,732.421875,200000,0.0,0.0,0.0,2
616.1005422000017,1779881082.824481,732.421875,200000,0.0,0.0,0.0,2
616.122389199998,1779881082.8463268,732.421875,200000,0.0,0.0,0.0,2
616.300013,1779881083.0239515,732.421875,200000,0.0,0.0,0.0,2
616.4914554999996,1779881083.2153943,732.421875,200000,0.0,0.0,0.0,2
616.7020446999959,1779881083.4259837,732.421875,200000,0.0,0.0,0.0,2
616.9439318999939,1779881083.66787,732.421875,200000,0.0,0.0,0.0,2
617.1359664000047,1779881083.8599048,732.421875,200000,0.0,0.0,0.0,2
617.6723232000077,1779881084.3962612,732.421875,200000,0.0,0.0,0.0,2
617.6771021000022,1779881084.4010398,732.421875,200000,0.0,0.0,0.0,2
617.7117799999978,1779881084.4357173,732.421875,200000,0.0,0.0,0.0,2
617.9009049000015,1779881084.6248424,732.421875,200000,0.0,0.0,0.0,2
618.0943473000079,1779881084.8182852,732.421875,200000,0.0,0.0,0.0,2
618.3227190000034,1779881085.0466564,732.421875,200000,0.0,0.0,0.0,2
618.5021369000024,1779881085.226076,732.421875,200000,0.0,0.0,0.0,2
618.744603900006,1779881085.4685419,732.421875,200000,0.0,0.0,0.0,2
619.2331888000044,1779881085.9571269,732.421875,200000,0.0,0.0,0.0,2
619.2371247999981,1779881085.9610624,732.421875,200000,0.0,0.0,0.0,2
619.276703800002,1779881086.0006413,732.421875,200000,0.0,0.0,0.0,2
619.4812463999988,1779881086.205185,732.421875,200000,0.0,0.0,0.0,2
619.6980324000033,1779881086.4219701,732.421875,200000,0.0,0.0,0.0,2
619.879290900004,1779881086.6032293,732.421875,200000,0.0,0.0,0.0,2
620.0867563000065,1779881086.810696,732.421875,200000,0.0,0.0,0.0,2
620.274605700004,1779881086.9985857,732.421875,200000,0.0,0.0,0.0,2
620.7740447999968,1779881087.4979823,732.421875,200000,0.0,0.0,0.0,2
620.7761658999952,1779881087.500103,732.421875,200000,0.0,0.0,0.0,2
620.8784270000033,1779881087.6023653,732.421875,200000,0.0,0.0,0.0,2
621.0804580999975,1779881087.8043969,732.421875,200000,0.0,0.0,0.0,2
621.2658314,1779881087.989771,732.421875,200000,0.0,0.0,0.0,2
621.4731444000063,1779881088.1970825,732.421875,200000,0.0,0.0,0.0,2
621.6813516999973,1779881088.4052901,732.421875,200000,0.0,0.0,0.0,2
622.3302403999987,1779881089.0541782,732.421875,200000,0.0,0.0,0.0,2
622.335201599999,1779881089.0591402,732.421875,200000,0.0,0.0,0.0,2
622.3394270999997,1779881089.0633655,732.421875,200000,0.0,0.0,0.0,2
622.4590656000073,1779881089.183004,732.421875,200000,0.0,0.0,0.0,2
622.6997869000043,1779881089.4237263,732.421875,200000,0.0,0.0,0.0,2
622.8758338000043,1779881089.599772,732.421875,200000,0.0,0.0,0.0,2
623.0694169000053,1779881089.793356,732.421875,200000,0.0,0.0,0.0,2
623.2577682999981,1779881089.981706,732.421875,200000,0.0,0.0,0.0,2
623.8688005000004,1779881090.5927384,732.421875,200000,0.0,0.0,0.0,2
623.8709204000043,1779881090.594858,732.421875,200000,0.0,0.0,0.0,2
623.8730686000054,1779881090.597006,732.421875,200000,0.0,0.0,0.0,2
624.0559700000013,1779881090.7799087,732.421875,200000,0.0,0.0,0.0,2
624.2576071000076,1779881090.9815464,732.421875,200000,0.0,0.0,0.0,2
624.4535563999962,1779881091.1774952,732.421875,200000,0.0,0.0,0.0,2
624.6747287000035,1779881091.398666,732.421875,200000,0.0,0.0,0.0,2
624.8574225000048,1779881091.5813618,732.421875,200000,0.0,0.0,0.0,2
625.0495916000073,1779881091.773529,732.421875,200000,0.0,0.0,0.0,2
625.2709248000028,1779881091.994864,732.421875,200000,0.0,0.0,0.0,2
625.968847199998,1779881092.6927848,732.421875,200000,0.0,0.0,0.0,2
625.9721025000035,1779881092.6960409,732.421875,200000,0.0,0.0,0.0,2
625.9783752000076,1779881092.7023137,732.421875,200000,0.0,0.0,0.0,2
626.0421155999938,1779881092.7660537,732.421875,200000,0.0,0.0,0.0,2
626.2461680999986,1779881092.9701073,732.421875,200000,0.0,0.0,0.0,2
626.4671598999994,1779881093.1910992,732.421875,200000,0.0,0.0,0.0,2
626.6526987999969,1779881093.3766382,732.421875,200000,0.0,0.0,0.0,2
626.8421262000047,1779881093.5660648,732.421875,200000,0.0,0.0,0.0,2
627.0688133000076,1779881093.7927508,732.421875,200000,0.0,0.0,0.0,2
627.5558083000069,1779881094.2797458,732.421875,200000,0.0,0.0,0.0,2
627.5602394000016,1779881094.2841773,732.421875,200000,0.0,0.0,0.0,2
627.6489540000039,1779881094.3728924,732.421875,200000,0.0,0.0,0.0,2
627.843822099996,1779881094.5677593,732.421875,200000,0.0,0.0,0.0,2
628.0403415000037,1779881094.7642796,732.421875,200000,0.0,0.0,0.0,2
628.2318201000016,1779881094.9557588,732.421875,200000,0.0,0.0,0.0,2
628.5098918000003,1779881095.233831,732.421875,200000,0.0,0.0,0.0,2
628.6867459000059,1779881095.4106839,732.421875,200000,0.0,0.0,0.0,2
628.8670227999974,1779881095.590962,732.421875,200000,0.0,0.0,0.0,2
629.0497857000009,1779881095.7737236,732.421875,200000,0.0,0.0,0.0,2
629.2897217999998,1779881096.0136604,732.421875,200000,0.0,0.0,0.0,2
629.5332008999976,1779881096.2571404,732.421875,200000,0.0,0.0,0.0,2
629.6458475999971,1779881096.3697867,732.421875,200000,0.0,0.0,0.0,2
629.8302760000079,1779881096.554216,732.421875,200000,0.0,0.0,0.0,2
630.0155648999935,1779881096.739504,732.421875,200000,0.0,0.0,0.0,2
630.2440578999958,1779881096.967996,732.421875,200000,0.0,0.0,0.0,2
630.4257367999962,1779881097.1496758,732.421875,200000,0.0,0.0,0.0,2
630.6732247000036,1779881097.3971648,732.421875,200000,0.0,0.0,0.0,2
631.2314399000024,1779881097.9553788,732.421875,200000,0.0,0.0,0.0,2
631.2379338000028,1779881097.9618711,732.421875,200000,0.0,0.0,0.0,2
631.2599119999941,1779881097.9838505,732.421875,200000,0.0,0.0,0.0,2
631.4742432000057,1779881098.1981814,732.421875,200000,0.0,0.0,0.0,2
631.632248599999,1779881098.3561883,732.421875,200000,0.0,0.0,0.0,2
631.8123830999975,1779881098.5363202,732.421875,200000,0.0,0.0,0.0,2
632.0442584999983,1779881098.7681978,732.421875,200000,0.0,0.0,0.0,2
632.2238651999942,1779881098.9478047,732.421875,200000,0.0,0.0,0.0,2
632.791990800004,1779881099.515929,732.421875,200000,0.0,0.0,0.0,2
632.7986658000009,1779881099.522605,732.421875,200000,0.0,0.0,0.0,2
632.8367259000079,1779881099.5606651,732.421875,200000,0.0,0.0,0.0,2
633.0098648999992,1779881099.7338028,732.421875,200000,0.0,0.0,0.0,2
633.2037227999972,1779881099.9276607,732.421875,200000,0.0,0.0,0.0,2
633.4859882000019,1779881100.2099292,732.421875,200000,0.0,0.0,0.0,2
633.6063058,1779881100.3302457,732.421875,200000,0.0,0.0,0.0,2
633.8356486999983,1779881100.5595868,732.421875,200000,0.0,0.0,0.0,2
634.0225967000006,1779881100.7465367,732.421875,200000,0.0,0.0,0.0,2
634.2074981000042,1779881100.9314365,732.421875,200000,0.0,0.0,0.0,2
634.4475167000055,1779881101.1714563,732.421875,200000,0.0,0.0,0.0,2
634.623746199999,1779881101.347685,732.421875,200000,0.0,0.0,0.0,2
634.7961183000007,1779881101.5200562,732.421875,200000,0.0,0.0,0.0,2
635.0058379999973,1779881101.7297764,732.421875,200000,0.0,0.0,0.0,2
635.219205500005,1779881101.943145,732.421875,200000,0.0,0.0,0.0,2
635.4565463000035,1779881102.180485,732.421875,200000,0.0,0.0,0.0,2
635.635675700003,1779881102.3596141,732.421875,200000,0.0,0.0,0.0,2
635.8170047000021,1779881102.5409431,732.421875,200000,0.0,0.0,0.0,2
635.9986439000058,1779881102.722583,732.421875,200000,0.0,0.0,0.0,2
636.181736700004,1779881102.9056747,732.421875,200000,0.0,0.0,0.0,2
636.4782057999982,1779881103.2021434,732.421875,200000,0.0,0.0,0.0,2
636.5929759999999,1779881103.3169134,732.421875,200000,0.0,0.0,0.0,2
636.7890165999997,1779881103.512956,732.421875,200000,0.0,0.0,0.0,2
637.0156055999978,1779881103.739544,732.421875,200000,0.0,0.0,0.0,2
637.1969148000062,1779881103.9208522,732.421875,200000,0.0,0.0,0.0,2
637.4323052999971,1779881104.156245,732.421875,200000,0.0,0.0,0.0,2
637.9969221000065,1779881104.7208598,732.421875,200000,0.0,0.0,0.0,2
638.0017858000065,1779881104.7257245,732.421875,200000,0.0,0.0,0.0,2
638.0383272000036,1779881104.7622654,732.421875,200000,0.0,0.0,0.0,2
638.1755755000049,1779881104.8995154,732.421875,200000,0.0,0.0,0.0,2
638.4142328000016,1779881105.1381707,732.421875,200000,0.0,0.0,0.0,2
638.5755706000054,1779881105.2995095,732.421875,200000,0.0,0.0,0.0,2
638.8120108000003,1779881105.5359502,732.421875,200000,0.0,0.0,0.0,2
638.9906488999986,1779881105.7145863,732.421875,200000,0.0,0.0,0.0,2
639.1815493000031,1779881105.905489,732.421875,200000,0.0,0.0,0.0,2
639.4185046000057,1779881106.1424434,732.421875,200000,0.0,0.0,0.0,2
639.5681755999976,1779881106.2921152,732.421875,200000,0.0,0.0,0.0,2
640.0685591000074,1779881106.7924974,732.421875,200000,0.0,0.0,0.0,2
640.074308700001,1779881106.7982476,732.421875,200000,0.0,0.0,0.0,2
640.1670353999943,1779881106.8909748,732.421875,200000,0.0,0.0,0.0,2
640.429168600007,1779881107.1531076,732.421875,200000,0.0,0.0,0.0,2
640.5689256000041,1779881107.2928646,732.421875,200000,0.0,0.0,0.0,2
641.1228020999988,1779881107.846741,732.421875,200000,0.0,0.0,0.0,2
641.1267575999955,1779881107.8506956,732.421875,200000,0.0,0.0,0.0,2
641.1759090999985,1779881107.8998482,732.421875,200000,0.0,0.0,0.0,2
641.4017229000019,1779881108.1256604,732.421875,200000,0.0,0.0,0.0,2
641.5641871999978,1779881108.288125,732.421875,200000,0.0,0.0,0.0,2
641.7605614000058,1779881108.4844992,732.421875,200000,0.0,0.0,0.0,2
641.9510906000069,1779881108.67503,732.421875,200000,0.0,0.0,0.0,2
642.1717454000027,1779881108.895683,732.421875,200000,0.0,0.0,0.0,2
642.4072614000033,1779881109.1311998,732.421875,200000,0.0,0.0,0.0,2
642.5910029999941,1779881109.314942,732.421875,200000,0.0,0.0,0.0,2
642.7647813000076,1779881109.4887202,732.421875,200000,0.0,0.0,0.0,2
643.0006794000074,1779881109.7246172,732.421875,200000,0.0,0.0,0.0,2
643.1849621000001,1779881109.9089005,732.421875,200000,0.0,0.0,0.0,2
643.7156038999965,1779881110.4395428,732.421875,200000,0.0,0.0,0.0,2
643.7207576999936,1779881110.4446955,732.421875,200000,0.0,0.0,0.0,2
643.763761299997,1779881110.4877002,732.421875,200000,0.0,0.0,0.0,2
643.9587000000029,1779881110.6826735,732.421875,200000,0.0,0.0,0.0,2
644.1435778000014,1779881110.8675153,732.421875,200000,0.0,0.0,0.0,2
644.3822111000045,1779881111.1061504,732.421875,200000,0.0,0.0,0.0,2
644.5651290999958,1779881111.2890687,732.421875,200000,0.0,0.0,0.0,2
644.7440491000016,1779881111.4679875,732.421875,200000,0.0,0.0,0.0,2
644.9873206000048,1779881111.71126,732.421875,200000,0.0,0.0,0.0,2
645.1664345000027,1779881111.890374,732.421875,200000,0.0,0.0,0.0,2
645.4034409000014,1779881112.127379,732.421875,200000,0.0,0.0,0.0,2
645.538818800007,1779881112.262757,732.421875,200000,0.0,0.0,0.0,2
645.7622446000023,1779881112.486184,732.421875,200000,0.0,0.0,0.0,2
645.9441193999955,1779881112.6680582,732.421875,200000,0.0,0.0,0.0,2
646.1279766999942,1779881112.8519163,732.421875,200000,0.0,0.0,0.0,2
646.8102141999989,1779881113.5341532,732.421875,200000,0.0,0.0,0.0,2
646.8155741999944,1779881113.5395133,732.421875,200000,0.0,0.0,0.0,2
646.8204415000073,1779881113.5443802,732.421875,200000,0.0,0.0,0.0,2
646.9204188000003,1779881113.6443572,732.421875,200000,0.0,0.0,0.0,2
647.1406065000047,1779881113.864544,732.421875,200000,0.0,0.0,0.0,2
647.3789847000007,1779881114.102923,732.421875,200000,0.0,0.0,0.0,2
647.5617376000009,1779881114.2856755,732.421875,200000,0.0,0.0,0.0,2
647.7408085000061,1779881114.4647467,732.421875,200000,0.0,0.0,0.0,2
647.9288687999942,1779881114.652808,732.421875,200000,0.0,0.0,0.0,2
648.1138145000004,1779881114.837752,732.421875,200000,0.0,0.0,0.0,2
648.3398026000068,1779881115.0637412,732.421875,200000,0.0,0.0,0.0,2
648.5234559999953,1779881115.2473943,732.421875,200000,0.0,0.0,0.0,2
648.720828000005,1779881115.4447668,732.421875,200000,0.0,0.0,0.0,2
648.9138101999997,1779881115.6377485,732.421875,200000,0.0,0.0,0.0,2
649.1810457999964,1779881115.904984,732.421875,200000,0.0,0.0,0.0,2
649.356720900003,1779881116.0806587,732.421875,200000,0.0,0.0,0.0,2
649.5416944000026,1779881116.2656343,732.421875,200000,0.0,0.0,0.0,2
649.7254075999954,1779881116.4493454,732.421875,200000,0.0,0.0,0.0,2
649.9048114000034,1779881116.6287498,732.421875,200000,0.0,0.0,0.0,2
650.1403901000012,1779881116.8643272,732.421875,200000,0.0,0.0,0.0,2
650.3374058000045,1779881117.0613446,732.421875,200000,0.0,0.0,0.0,2
650.5128448000032,1779881117.236783,732.421875,200000,0.0,0.0,0.0,2
650.7038573000027,1779881117.4277954,732.421875,200000,0.0,0.0,0.0,2
650.9238658999966,1779881117.6478043,732.421875,200000,0.0,0.0,0.0,2
651.1597699999984,1779881117.883709,732.421875,200000,0.0,0.0,0.0,2
651.3381274999992,1779881118.062066,732.421875,200000,0.0,0.0,0.0,2
651.5200050999993,1779881118.2439444,732.421875,200000,0.0,0.0,0.0,2
651.7533569000079,1779881118.477296,732.421875,200000,0.0,0.0,0.0,2
651.9310605000064,1779881118.654998,732.421875,200000,0.0,0.0,0.0,2
652.1092744000052,1779881118.833213,732.421875,200000,0.0,0.0,0.0,2
652.353970199998,1779881119.077909,732.421875,200000,0.0,0.0,0.0,2
652.5059204999998,1779881119.2298598,732.421875,200000,0.0,0.0,0.0,2
652.6959409999981,1779881119.4198792,732.421875,200000,0.0,0.0,0.0,2
652.8991094999947,1779881119.6230488,732.421875,200000,0.0,0.0,0.0,2
653.1341128000058,1779881119.858052,732.421875,200000,0.0,0.0,0.0,2
653.3224805000063,1779881120.0464199,732.421875,200000,0.0,0.0,0.0,2
653.4942816999974,1779881120.2182207,732.421875,200000,0.0,0.0,0.0,2
653.6971137000073,1779881120.421052,732.421875,200000,0.0,0.0,0.0,2
653.9144132000074,1779881120.6383524,732.421875,200000,0.0,0.0,0.0,2
654.1469780000043,1779881120.8709152,732.421875,200000,0.0,0.0,0.0,2
654.333071800007,1779881121.0570114,732.421875,200000,0.0,0.0,0.0,2
654.5078769999964,1779881121.2318146,732.421875,200000,0.0,0.0,0.0,2
655.2088783000072,1779881121.9328172,732.421875,200000,0.0,0.0,0.0,2
655.2169964000059,1779881121.9409344,732.421875,200000,0.0,0.0,0.0,2
655.2215931999963,1779881121.9455311,732.421875,200000,0.0,0.0,0.0,2
655.3161113999959,1779881122.04005,732.421875,200000,0.0,0.0,0.0,2
655.4777304000017,1779881122.201668,732.421875,200000,0.0,0.0,0.0,2
655.7099084999936,1779881122.4338477,732.421875,200000,0.0,0.0,0.0,2
656.2706920000055,1779881122.9946303,732.421875,200000,0.0,0.0,0.0,2
656.2740439000045,1779881122.9979818,732.421875,200000,0.0,0.0,0.0,2
656.3120278999995,1779881123.035966,732.421875,200000,0.0,0.0,0.0,2
656.4859315000067,1779881123.2098696,732.421875,200000,0.0,0.0,0.0,2
656.6750847000076,1779881123.3990245,732.421875,200000,0.0,0.0,0.0,2
656.9030934000039,1779881123.627032,732.421875,200000,0.0,0.0,0.0,2
657.3233794999978,1779881124.0473173,732.421875,200000,0.0,0.0,0.0,2
657.3256907000032,1779881124.0496283,732.421875,200000,0.0,0.0,0.0,2
657.4770588999963,1779881124.2009969,732.421875,200000,0.0,0.0,0.0,2
657.6810989000078,1779881124.4050376,732.421875,200000,0.0,0.0,0.0,2
657.8674701999989,1779881124.5914094,732.421875,200000,0.0,0.0,0.0,2
658.0729733000044,1779881124.7969127,732.421875,200000,0.0,0.0,0.0,2
658.2859850999957,1779881125.0099244,732.421875,200000,0.0,0.0,0.0,2
658.4586635000014,1779881125.1826024,732.421875,200000,0.0,0.0,0.0,2
658.7012562000018,1779881125.4251952,732.421875,200000,0.0,0.0,0.0,2
658.8783331000013,1779881125.602271,732.421875,200000,0.0,0.0,0.0,2
659.0643808000023,1779881125.7883193,732.421875,200000,0.0,0.0,0.0,2
659.2694134000049,1779881125.9933517,732.421875,200000,0.0,0.0,0.0,2
659.4829201999964,1779881126.206859,732.421875,200000,0.0,0.0,0.0,2
659.6628280000004,1779881126.3867652,732.421875,200000,0.0,0.0,0.0,2
659.8998543000052,1779881126.6237926,732.421875,200000,0.0,0.0,0.0,2
660.4553110999987,1779881127.179249,732.421875,200000,0.0,0.0,0.0,2
660.4603124999994,1779881127.18425,732.421875,200000,0.0,0.0,0.0,2
660.4932187999948,1779881127.2171566,732.421875,200000,0.0,0.0,0.0,2
660.6613865999971,1779881127.385326,732.421875,200000,0.0,0.0,0.0,2
660.8590297000046,1779881127.5829675,732.421875,200000,0.0,0.0,0.0,2
661.4957596000022,1779881128.219699,732.421875,200000,0.0,0.0,0.0,2
661.4989446999971,1779881128.2228823,732.421875,200000,0.0,0.0,0.0,2
661.5037104999938,1779881128.2276492,732.421875,200000,0.0,0.0,0.0,2
661.6445824999973,1779881128.3685224,732.421875,200000,0.0,0.0,0.0,2
661.8780614999996,1779881128.6020005,732.421875,200000,0.0,0.0,0.0,2
662.0581646000064,1779881128.7821038,732.421875,200000,0.0,0.0,0.0,2
662.2487752000015,1779881128.972714,732.421875,200000,0.0,0.0,0.0,2
662.4740958000039,1779881129.1980333,732.421875,200000,0.0,0.0,0.0,2
662.6548169000016,1779881129.378755,732.421875,200000,0.0,0.0,0.0,2
662.8400288999983,1779881129.563967,732.421875,200000,0.0,0.0,0.0,2
663.0777820999938,1779881129.80172,732.421875,200000,0.0,0.0,0.0,2
663.260165300002,1779881129.984105,732.421875,200000,0.0,0.0,0.0,2
663.4382992000028,1779881130.1622376,732.421875,200000,0.0,0.0,0.0,2
663.6364033999998,1779881130.3603425,732.421875,200000,0.0,0.0,0.0,2
664.0915001999965,1779881130.8154373,732.421875,200000,0.0,0.0,0.0,2
664.0950184999965,1779881130.8189576,732.421875,200000,0.0,0.0,0.0,2
664.2458957000053,1779881130.9698346,732.421875,200000,0.0,0.0,0.0,2
664.4350227999967,1779881131.1589622,732.421875,200000,0.0,0.0,0.0,2
664.6298422999971,1779881131.35378,732.421875,200000,0.0,0.0,0.0,2
664.8699502999953,1779881131.5938892,732.421875,200000,0.0,0.0,0.0,2
665.0553021999949,1779881131.7792425,732.421875,200000,0.0,0.0,0.0,2
665.2325127000076,1779881131.9564521,732.421875,200000,0.0,0.0,0.0,2
665.422421700001,1779881132.1463592,732.421875,200000,0.0,0.0,0.0,2
665.6283770000009,1779881132.352315,732.421875,200000,0.0,0.0,0.0,2
665.8333718000067,1779881132.5573094,732.421875,200000,0.0,0.0,0.0,2
666.0709921999951,1779881132.7949307,732.421875,200000,0.0,0.0,0.0,2
666.2527954999969,1779881132.976735,732.421875,200000,0.0,0.0,0.0,2
666.4321288000065,1779881133.1560671,732.421875,200000,0.0,0.0,0.0,2
666.618020199996,1779881133.3419583,732.421875,200000,0.0,0.0,0.0,2
666.8526719000074,1779881133.5766091,732.421875,200000,0.0,0.0,0.0,2
667.034753400003,1779881133.758693,732.421875,200000,0.0,0.0,0.0,2
667.221921400007,1779881133.9458606,732.421875,200000,0.0,0.0,0.0,2
667.451169299995,1779881134.175108,732.421875,200000,0.0,0.0,0.0,2
667.6292212999979,1779881134.3531597,732.421875,200000,0.0,0.0,0.0,2
667.8685014999937,1779881134.59244,732.421875,200000,0.0,0.0,0.0,2
668.0504974000069,1779881134.774435,732.421875,200000,0.0,0.0,0.0,2
668.2332893999992,1779881134.9572291,732.421875,200000,0.0,0.0,0.0,2
668.7652304000076,1779881135.4891684,732.421875,200000,0.0,0.0,0.0,2
668.7696823000006,1779881135.49362,732.421875,200000,0.0,0.0,0.0,2
668.8107183999964,1779881135.534657,732.421875,200000,0.0,0.0,0.0,2
669.016758400001,1779881135.7406967,732.421875,200000,0.0,0.0,0.0,2
669.2039331999986,1779881135.927872,732.421875,200000,0.0,0.0,0.0,2
669.4268840000004,1779881136.1508229,732.421875,200000,0.0,0.0,0.0,2
669.6660968000069,1779881136.3900356,732.421875,200000,0.0,0.0,0.0,2
669.8487662999978,1779881136.5727053,732.421875,200000,0.0,0.0,0.0,2
670.030010500006,1779881136.753948,732.421875,200000,0.0,0.0,0.0,2
670.2215447000053,1779881136.9454834,732.421875,200000,0.0,0.0,0.0,2
670.4449706000014,1779881137.168908,732.421875,200000,0.0,0.0,0.0,2
670.6264976999955,1779881137.3504367,732.421875,200000,0.0,0.0,0.0,2
670.8001423999958,1779881137.5240803,732.421875,200000,0.0,0.0,0.0,2
671.0046131999989,1779881137.7285514,732.421875,200000,0.0,0.0,0.0,2
671.1974756999989,1779881137.921414,732.421875,200000,0.0,0.0,0.0,2
671.4636842000036,1779881138.187623,732.421875,200000,0.0,0.0,0.0,2
671.8972078999941,1779881138.6211483,732.421875,200000,0.0,0.0,0.0,2
671.9061474000046,1779881138.6300867,732.421875,200000,0.0,0.0,0.0,2
671.9944918999972,1779881138.71843,732.421875,200000,0.0,0.0,0.0,2
672.1899038999982,1779881138.9138434,732.421875,200000,0.0,0.0,0.0,2
672.4268594000023,1779881139.1507978,732.421875,200000,0.0,0.0,0.0,2
672.6014228999993,1779881139.325362,732.421875,200000,0.0,0.0,0.0,2
672.7929098000022,1779881139.5168498,732.421875,200000,0.0,0.0,0.0,2
672.9834449000045,1779881139.707384,732.421875,200000,0.0,0.0,0.0,2
673.4366183999955,1779881140.1605568,732.421875,200000,0.0,0.0,0.0,2
673.4408294000023,1779881140.1647673,732.421875,200000,0.0,0.0,0.0,2
673.5898568999983,1779881140.313796,732.421875,200000,0.0,0.0,0.0,2
673.782973399997,1779881140.5069127,732.421875,200000,0.0,0.0,0.0,2
674.0419774000038,1779881140.7659159,732.421875,200000,0.0,0.0,0.0,2
674.2270903000026,1779881140.9510288,732.421875,200000,0.0,0.0,0.0,2
674.398409100002,1779881141.1223485,732.421875,200000,0.0,0.0,0.0,2
674.998121800003,1779881141.7220612,732.421875,200000,0.0,0.0,0.0,2
675.0046547999955,1779881141.7285924,732.421875,200000,0.0,0.0,0.0,2
675.0088734000019,1779881141.7328124,732.421875,200000,0.0,0.0,0.0,2
675.1846753999998,1779881141.9086134,732.421875,200000,0.0,0.0,0.0,2
675.4211019000068,1779881142.1450393,732.421875,200000,0.0,0.0,0.0,2
675.6034459000075,1779881142.3273842,732.421875,200000,0.0,0.0,0.0,2
676.1052972000034,1779881142.8292353,732.421875,200000,0.0,0.0,0.0,2
676.1085381000012,1779881142.8324769,732.421875,200000,0.0,0.0,0.0,2
676.1860956000019,1779881142.910033,732.421875,200000,0.0,0.0,0.0,2
676.3806414999999,1779881143.1045802,732.421875,200000,0.0,0.0,0.0,2
676.5770476000034,1779881143.3009865,732.421875,200000,0.0,0.0,0.0,2
676.8055929999973,1779881143.5295308,732.421875,200000,0.0,0.0,0.0,2
676.9871238000051,1779881143.7110612,732.421875,200000,0.0,0.0,0.0,2
677.1690315000014,1779881143.892971,732.421875,200000,0.0,0.0,0.0,2
677.4078536000015,1779881144.1317928,732.421875,200000,0.0,0.0,0.0,2
677.5792657999991,1779881144.303204,732.421875,200000,0.0,0.0,0.0,2
677.7713159999985,1779881144.4952545,732.421875,200000,0.0,0.0,0.0,2
677.9630354999972,1779881144.6869745,732.421875,200000,0.0,0.0,0.0,2
678.1799686000013,1779881144.9039073,732.421875,200000,0.0,0.0,0.0,2
678.4160061000002,1779881145.1399446,732.421875,200000,0.0,0.0,0.0,2
678.5993323000002,1779881145.3232694,732.421875,200000,0.0,0.0,0.0,2
679.2024728999968,1779881145.926411,732.421875,200000,0.0,0.0,0.0,2
679.2055327999988,1779881145.9294705,732.421875,200000,0.0,0.0,0.0,2
679.211125700007,1779881145.9350638,732.421875,200000,0.0,0.0,0.0,2
679.3625316999969,1779881146.08647,732.421875,200000,0.0,0.0,0.0,2
679.561474999995,1779881146.285413,732.421875,200000,0.0,0.0,0.0,2
679.7519532000006,1779881146.4758918,732.421875,200000,0.0,0.0,0.0,2
679.9721604000079,1779881146.6960993,732.421875,200000,0.0,0.0,0.0,2
680.1572649000009,1779881146.881203,732.421875,200000,0.0,0.0,0.0,2
680.3885281999974,1779881147.1124675,732.421875,200000,0.0,0.0,0.0,2
680.5741241000069,1779881147.2980626,732.421875,200000,0.0,0.0,0.0,2
680.7617812999961,1779881147.485721,732.421875,200000,0.0,0.0,0.0,2
680.9459659999993,1779881147.6699035,732.421875,200000,0.0,0.0,0.0,2
681.1722898000007,1779881147.896229,732.421875,200000,0.0,0.0,0.0,2
681.353179800004,1779881148.0771182,732.421875,200000,0.0,0.0,0.0,2
681.59375,1779881148.3176897,732.421875,200000,0.0,0.0,0.0,2
681.7650128999958,1779881148.4889503,732.421875,200000,0.0,0.0,0.0,2
682.2934488000028,1779881149.017387,732.421875,200000,0.0,0.0,0.0,2
682.2982342000032,1779881149.0221722,732.421875,200000,0.0,0.0,0.0,2
682.351691799995,1779881149.0756297,732.421875,200000,0.0,0.0,0.0,2
682.5503536000033,1779881149.274294,732.421875,200000,0.0,0.0,0.0,2
682.7650431999937,1779881149.4889824,732.421875,200000,0.0,0.0,0.0,2
682.9672524000052,1779881149.691191,732.421875,200000,0.0,0.0,0.0,2
683.1530473000021,1779881149.876985,732.421875,200000,0.0,0.0,0.0,2
683.8507227999944,1779881150.5746603,732.421875,200000,0.0,0.0,0.0,2
683.8549289000075,1779881150.5788665,732.421875,200000,0.0,0.0,0.0,2
683.8592549000023,1779881150.5831935,732.421875,200000,0.0,0.0,0.0,2
683.9404247000057,1779881150.6643639,732.421875,200000,0.0,0.0,0.0,2
684.1453247000027,1779881150.8692632,732.421875,200000,0.0,0.0,0.0,2
684.3461340000067,1779881151.0700727,732.421875,200000,0.0,0.0,0.0,2
684.5422275000019,1779881151.2661662,732.421875,200000,0.0,0.0,0.0,2
684.7677302999946,1779881151.4916694,732.421875,200000,0.0,0.0,0.0,2
684.9480621999974,1779881151.6720014,732.421875,200000,0.0,0.0,0.0,2
685.1330183999962,1779881151.8569577,732.421875,200000,0.0,0.0,0.0,2
685.3382658000046,1779881152.062204,732.421875,200000,0.0,0.0,0.0,2
685.5434439999954,1779881152.2673836,732.421875,200000,0.0,0.0,0.0,2
685.7365830000053,1779881152.460522,732.421875,200000,0.0,0.0,0.0,2
685.9657053999981,1779881152.6896443,732.421875,200000,0.0,0.0,0.0,2
686.1448526000022,1779881152.8687918,732.421875,200000,0.0,0.0,0.0,2
686.3262695000012,1779881153.0502088,732.421875,200000,0.0,0.0,0.0,2
686.5208816999948,1779881153.2448213,732.421875,200000,0.0,0.0,0.0,2
686.9987076999969,1779881153.7226462,732.421875,200000,0.0,0.0,0.0,2
687.0037653000036,1779881153.727703,732.421875,200000,0.0,0.0,0.0,2
687.1241307000018,1779881153.8480694,732.421875,200000,0.0,0.0,0.0,2
687.3434504000033,1779881154.0673902,732.421875,200000,0.0,0.0,0.0,2
687.524026500003,1779881154.2479649,732.421875,200000,0.0,0.0,0.0,2
687.7608430999971,1779881154.484781,732.421875,200000,0.0,0.0,0.0,2
687.9392053000047,1779881154.663144,732.421875,200000,0.0,0.0,0.0,2
688.1238104000076,1779881154.8477507,732.421875,200000,0.0,0.0,0.0,2
688.3263425000041,1779881155.050282,732.421875,200000,0.0,0.0,0.0,2
688.5407777999935,1779881155.2647176,732.421875,200000,0.0,0.0,0.0,2
688.7841894000012,1779881155.5081275,732.421875,200000,0.0,0.0,0.0,2
688.9630905999948,1779881155.68703,732.421875,200000,0.0,0.0,0.0,2
689.1391804000014,1779881155.863119,732.421875,200000,0.0,0.0,0.0,2
689.3223031999951,1779881156.0462422,732.421875,200000,0.0,0.0,0.0,2
689.5063799000054,1779881156.2303178,732.421875,200000,0.0,0.0,0.0,2
689.7366105999972,1779881156.460548,732.421875,200000,0.0,0.0,0.0,2
689.9158506999956,1779881156.6397886,732.421875,200000,0.0,0.0,0.0,2
690.1075407000026,1779881156.831478,732.421875,200000,0.0,0.0,0.0,2
690.3468719999946,1779881157.0708103,732.421875,200000,0.0,0.0,0.0,2
690.5206471999991,1779881157.244585,732.421875,200000,0.0,0.0,0.0,2
691.1079472999991,1779881157.8318849,732.421875,200000,0.0,0.0,0.0,2
691.1109829000052,1779881157.8349204,732.421875,200000,0.0,0.0,0.0,2
691.1140645999985,1779881157.8380022,732.421875,200000,0.0,0.0,0.0,2
691.3079782999994,1779881158.0319176,732.421875,200000,0.0,0.0,0.0,2
691.4952451999998,1779881158.2191825,732.421875,200000,0.0,0.0,0.0,2
691.7170662999997,1779881158.4410043,732.421875,200000,0.0,0.0,0.0,2
691.8984896000038,1779881158.622428,732.421875,200000,0.0,0.0,0.0,2
692.1351802999998,1779881158.8591177,732.421875,200000,0.0,0.0,0.0,2
692.6936562000046,1779881159.4175947,732.421875,200000,0.0,0.0,0.0,2
692.6986362000025,1779881159.4225745,732.421875,200000,0.0,0.0,0.0,2
692.7305395000003,1779881159.4544773,732.421875,200000,0.0,0.0,0.0,2
692.8854672000016,1779881159.6094046,732.421875,200000,0.0,0.0,0.0,2
693.1059893000056,1779881159.8299284,732.421875,200000,0.0,0.0,0.0,2
693.3315533999994,1779881160.0554929,732.421875,200000,0.0,0.0,0.0,2
693.5140201000031,1779881160.2379594,732.421875,200000,0.0,0.0,0.0,2
693.6920418999944,1779881160.4159796,732.421875,200000,0.0,0.0,0.0,2
694.2300084000017,1779881160.9539456,732.421875,200000,0.0,0.0,0.0,2
694.2325952999963,1779881160.9565325,732.421875,200000,0.0,0.0,0.0,2
694.2901206999959,1779881161.0140603,732.421875,200000,0.0,0.0,0.0,2
694.4809653999982,1779881161.204903,732.421875,200000,0.0,0.0,0.0,2
694.7091755000001,1779881161.4331145,732.421875,200000,0.0,0.0,0.0,2
694.8909440999996,1779881161.6148841,732.421875,200000,0.0,0.0,0.0,2
695.1292949000053,1779881161.8532338,732.421875,200000,0.0,0.0,0.0,2
695.3114107000001,1779881162.0353506,732.421875,200000,0.0,0.0,0.0,2
695.7889599000046,1779881162.5128977,732.421875,200000,0.0,0.0,0.0,2
695.7917379999999,1779881162.515676,732.421875,200000,0.0,0.0,0.0,2
695.8834608000034,1779881162.6073985,732.421875,200000,0.0,0.0,0.0,2
696.0779350999946,1779881162.801873,732.421875,200000,0.0,0.0,0.0,2
696.2714587999944,1779881162.995397,732.421875,200000,0.0,0.0,0.0,2
696.4782321999955,1779881163.2021708,732.421875,200000,0.0,0.0,0.0,2
696.6880376000045,1779881163.4119756,732.421875,200000,0.0,0.0,0.0,2
696.8769659999962,1779881163.6009054,732.421875,200000,0.0,0.0,0.0,2
697.1069569999963,1779881163.8308957,732.421875,200000,0.0,0.0,0.0,2
697.2924338000012,1779881164.0163732,732.421875,200000,0.0,0.0,0.0,2
697.4727271000011,1779881164.1966658,732.421875,200000,0.0,0.0,0.0,2
697.7095154999988,1779881164.4334555,732.421875,200000,0.0,0.0,0.0,2
697.8901936000038,1779881164.614133,732.421875,200000,0.0,0.0,0.0,2
698.0703025999974,1779881164.79424,732.421875,200000,0.0,0.0,0.0,2
698.3090771999996,1779881165.033015,732.421875,200000,0.0,0.0,0.0,2
698.918513800003,1779881165.6424525,732.421875,200000,0.0,0.0,0.0,2
698.9253137000051,1779881165.6492517,732.421875,200000,0.0,0.0,0.0,2
698.9300210000074,1779881165.6539588,732.421875,200000,0.0,0.0,0.0,2
699.0612555999978,1779881165.7851932,732.421875,200000,0.0,0.0,0.0,2
699.2652441999962,1779881165.9891827,732.421875,200000,0.0,0.0,0.0,2
699.9486417000007,1779881166.672579,732.421875,200000,0.0,0.0,0.0,2
699.950851600006,1779881166.6747882,732.421875,200000,0.0,0.0,0.0,2
699.9532103999954,1779881166.6771479,732.421875,200000,0.0,0.0,0.0,2
700.0560048000043,1779881166.7799442,732.421875,200000,0.0,0.0,0.0,2
700.2848902999976,1779881167.0088294,732.421875,200000,0.0,0.0,0.0,2
700.4606273999962,1779881167.184565,732.421875,200000,0.0,0.0,0.0,2
700.6993191999936,1779881167.423257,732.421875,200000,0.0,0.0,0.0,2
700.886453900006,1779881167.6103933,732.421875,200000,0.0,0.0,0.0,2
701.0616460000019,1779881167.7855847,732.421875,200000,0.0,0.0,0.0,2
701.2493610999954,1779881167.9732995,732.421875,200000,0.0,0.0,0.0,2
701.4393277000054,1779881168.163267,732.421875,200000,0.0,0.0,0.0,2
701.6606370999943,1779881168.384576,732.421875,200000,0.0,0.0,0.0,2
701.8496650000016,1779881168.5736034,732.421875,200000,0.0,0.0,0.0,2
702.0508607999946,1779881168.7748008,732.421875,200000,0.0,0.0,0.0,2
702.235626499998,1779881168.9595647,732.421875,200000,0.0,0.0,0.0,2
702.5046629999997,1779881169.228601,732.421875,200000,0.0,0.0,0.0,2
702.6826078000013,1779881169.406546,732.421875,200000,0.0,0.0,0.0,2
702.8756307000003,1779881169.59957,732.421875,200000,0.0,0.0,0.0,2
703.0410761999956,1779881169.7650144,732.421875,200000,0.0,0.0,0.0,2
703.2857723000052,1779881170.0097122,732.421875,200000,0.0,0.0,0.0,2
703.4552809000015,1779881170.1792202,732.421875,200000,0.0,0.0,0.0,2
703.6436116999976,1779881170.3675501,732.421875,200000,0.0,0.0,0.0,2
703.8270615000074,1779881170.551,732.421875,200000,0.0,0.0,0.0,2
704.0591241999937,1779881170.7830637,732.421875,200000,0.0,0.0,0.0,2
704.2385979999963,1779881170.9625356,732.421875,200000,0.0,0.0,0.0,2
704.7422417000053,1779881171.46618,732.421875,200000,0.0,0.0,0.0,2
704.7473564999964,1779881171.4712946,732.421875,200000,0.0,0.0,0.0,2
704.8335594999953,1779881171.5574987,732.421875,200000,0.0,0.0,0.0,2
705.028928700005,1779881171.7528684,732.421875,200000,0.0,0.0,0.0,2
705.2174057999946,1779881171.9413457,732.421875,200000,0.0,0.0,0.0,2
705.4958283000014,1779881172.2197666,732.421875,200000,0.0,0.0,0.0,2
705.6197195999994,1779881172.3436575,732.421875,200000,0.0,0.0,0.0,2
705.8253450000047,1779881172.549284,732.421875,200000,0.0,0.0,0.0,2
706.016434300007,1779881172.7403722,732.421875,200000,0.0,0.0,0.0,2
706.2750646000059,1779881172.999004,732.421875,200000,0.0,0.0,0.0,2
706.7974642000045,1779881173.521403,732.421875,200000,0.0,0.0,0.0,2
706.8027503000048,1779881173.5266886,732.421875,200000,0.0,0.0,0.0,2
706.8395259999961,1779881173.5634642,732.421875,200000,0.0,0.0,0.0,2
707.0216705000057,1779881173.7456095,732.421875,200000,0.0,0.0,0.0,2
707.2091182000004,1779881173.933056,732.421875,200000,0.0,0.0,0.0,2
707.8593847000011,1779881174.583324,732.421875,200000,0.0,0.0,0.0,2
707.8641550000029,1779881174.588093,732.421875,200000,0.0,0.0,0.0,2
707.8690610000049,1779881174.5929995,732.421875,200000,0.0,0.0,0.0,2
708.0072886999988,1779881174.731227,732.421875,200000,0.0,0.0,0.0,2
708.1985614000005,1779881174.9224992,732.421875,200000,0.0,0.0,0.0,2
708.9157735000044,1779881175.6397126,732.421875,200000,0.0,0.0,0.0,2
708.9207692000055,1779881175.644707,732.421875,200000,0.0,0.0,0.0,2
708.9251247000066,1779881175.6490629,732.421875,200000,0.0,0.0,0.0,2
709.0018112999969,1779881175.72575,732.421875,200000,0.0,0.0,0.0,2
709.2102999000053,1779881175.9342387,732.421875,200000,0.0,0.0,0.0,2
709.4584252000059,1779881176.1823645,732.421875,200000,0.0,0.0,0.0,2
709.6283193999989,1779881176.3522577,732.421875,200000,0.0,0.0,0.0,2
709.8113142999937,1779881176.5352535,732.421875,200000,0.0,0.0,0.0,2
710.0027551999956,1779881176.7266934,732.421875,200000,0.0,0.0,0.0,2
710.1935107000027,1779881176.9174488,732.421875,200000,0.0,0.0,0.0,2
710.4667534000037,1779881177.1906908,732.421875,200000,0.0,0.0,0.0,2
710.6002312000055,1779881177.3241704,732.421875,200000,0.0,0.0,0.0,2
710.831875799995,1779881177.555815,732.421875,200000,0.0,0.0,0.0,2
711.0081154999934,1779881177.732053,732.421875,200000,0.0,0.0,0.0,2
711.564638900003,1779881178.2885778,732.421875,200000,0.0,0.0,0.0,2
711.5691573999939,1779881178.2930958,732.421875,200000,0.0,0.0,0.0,2
711.606798599998,1779881178.3307369,732.421875,200000,0.0,0.0,0.0,2
711.7889030999941,1779881178.5128424,732.421875,200000,0.0,0.0,0.0,2
711.9813361999986,1779881178.705274,732.421875,200000,0.0,0.0,0.0,2
712.2077869000059,1779881178.931725,732.421875,200000,0.0,0.0,0.0,2
712.4511558999948,1779881179.1750956,732.421875,200000,0.0,0.0,0.0,2
712.6279179999983,1779881179.3518572,732.421875,200000,0.0,0.0,0.0,2
713.1245217999967,1779881179.8484592,732.421875,200000,0.0,0.0,0.0,2
713.1305580000044,1779881179.854498,732.421875,200000,0.0,0.0,0.0,2
713.1882046999963,1779881179.912142,732.421875,200000,0.0,0.0,0.0,2
713.4140926999971,1779881180.13803,732.421875,200000,0.0,0.0,0.0,2
713.5909597999998,1779881180.3148987,732.421875,200000,0.0,0.0,0.0,2
713.8251572000008,1779881180.5490947,732.421875,200000,0.0,0.0,0.0,2
714.0051036000077,1779881180.7290423,732.421875,200000,0.0,0.0,0.0,2
714.187669299994,1779881180.9116082,732.421875,200000,0.0,0.0,0.0,2
714.4211303000047,1779881181.1450675,732.421875,200000,0.0,0.0,0.0,2
714.6022623000026,1779881181.3262007,732.421875,200000,0.0,0.0,0.0,2
715.2008819000039,1779881181.9248192,732.421875,200000,0.0,0.0,0.0,2
715.2030037999939,1779881181.9269407,732.421875,200000,0.0,0.0,0.0,2
715.2049602000043,1779881181.9288974,732.421875,200000,0.0,0.0,0.0,2
715.3982565000042,1779881182.1221955,732.421875,200000,0.0,0.0,0.0,2
715.5838418000058,1779881182.307781,732.421875,200000,0.0,0.0,0.0,2
715.7997706000024,1779881182.5237098,732.421875,200000,0.0,0.0,0.0,2
715.9817421000043,1779881182.7056813,732.421875,200000,0.0,0.0,0.0,2
716.1645985000068,1779881182.8885374,732.421875,200000,0.0,0.0,0.0,2
716.4103291000065,1779881183.1342688,732.421875,200000,0.0,0.0,0.0,2
716.5777815000038,1779881183.3017187,732.421875,200000,0.0,0.0,0.0,2
717.2825782,1779881184.006516,732.421875,200000,0.0,0.0,0.0,2
717.2860210000072,1779881184.009959,732.421875,200000,0.0,0.0,0.0,2
717.2902756999974,1779881184.0142133,732.421875,200000,0.0,0.0,0.0,2
717.3977553000004,1779881184.1216943,732.421875,200000,0.0,0.0,0.0,2
717.5498244000046,1779881184.2737622,732.421875,200000,0.0,0.0,0.0,2
717.7783586000005,1779881184.502298,732.421875,200000,0.0,0.0,0.0,2
717.9654054999992,1779881184.689345,732.421875,200000,0.0,0.0,0.0,2
718.2071159000043,1779881184.931056,732.421875,200000,0.0,0.0,0.0,2
718.4385303000017,1779881185.1624682,732.421875,200000,0.0,0.0,0.0,2
718.561492599998,1779881185.2854316,732.421875,200000,0.0,0.0,0.0,2
718.7475747999997,1779881185.4715145,732.421875,200000,0.0,0.0,0.0,2
718.978692100005,1779881185.7026293,732.421875,200000,0.0,0.0,0.0,2
719.1627150999993,1779881185.8866541,732.421875,200000,0.0,0.0,0.0,2
719.3994062999991,1779881186.1233447,732.421875,200000,0.0,0.0,0.0,2
719.5377950999973,1779881186.2617323,732.421875,200000,0.0,0.0,0.0,2
719.755075299996,1779881186.4790134,732.421875,200000,0.0,0.0,0.0,2
719.9493660000007,1779881186.6733043,732.421875,200000,0.0,0.0,0.0,2
720.1513107000064,1779881186.875252,732.421875,200000,0.0,0.0,0.0,2
720.3703122000006,1779881187.0942507,732.421875,200000,0.0,0.0,0.0,2
720.5949278000044,1779881187.3188682,732.421875,200000,0.0,0.0,0.0,2
720.7751332000043,1779881187.499072,732.421875,200000,0.0,0.0,0.0,2
720.9680667000066,1779881187.6920078,732.421875,200000,0.0,0.0,0.0,2
721.1397305999999,1779881187.8636687,732.421875,200000,0.0,0.0,0.0,2
721.3793295000069,1779881188.103267,732.421875,200000,0.0,0.0,0.0,2
721.5557643000066,1779881188.2797017,732.421875,200000,0.0,0.0,0.0,2
721.7543850999937,1779881188.4783266,732.421875,200000,0.0,0.0,0.0,2
721.925493600007,1779881188.6494317,732.421875,200000,0.0,0.0,0.0,2
722.1386303000036,1779881188.86257,732.421875,200000,0.0,0.0,0.0,2
722.3565390000003,1779881189.0804784,732.421875,200000,0.0,0.0,0.0,2
722.5709623000002,1779881189.2949004,732.421875,200000,0.0,0.0,0.0,2
722.753211999996,1779881189.477154,732.421875,200000,0.0,0.0,0.0,2
722.9346346999955,1779881189.658573,732.421875,200000,0.0,0.0,0.0,2
723.1327363000019,1779881189.8566756,732.421875,200000,0.0,0.0,0.0,2
723.3567913000006,1779881190.0807304,732.421875,200000,0.0,0.0,0.0,2
723.5424311999959,1779881190.266369,732.421875,200000,0.0,0.0,0.0,2
724.0296955999947,1779881190.7536333,732.421875,200000,0.0,0.0,0.0,2
724.0325490999967,1779881190.7564864,732.421875,200000,0.0,0.0,0.0,2
724.1179855999944,1779881190.841924,732.421875,200000,0.0,0.0,0.0,2
724.3392889999959,1779881191.0632274,732.421875,200000,0.0,0.0,0.0,2
724.534021600004,1779881191.257963,732.421875,200000,0.0,0.0,0.0,2
725.0501336000016,1779881191.7740715,732.421875,200000,0.0,0.0,0.0,2
725.0604547999974,1779881191.7843935,732.421875,200000,0.0,0.0,0.0,2
725.1206392000022,1779881191.844577,732.421875,200000,0.0,0.0,0.0,2
725.344102300005,1779881192.0680397,732.421875,200000,0.0,0.0,0.0,2
725.5722721000056,1779881192.2962108,732.421875,200000,0.0,0.0,0.0,2
725.7022446000046,1779881192.4261825,732.421875,200000,0.0,0.0,0.0,2
725.9385665000009,1779881192.6625066,732.421875,200000,0.0,0.0,0.0,2
726.1146508999955,1779881192.8385901,732.421875,200000,0.0,0.0,0.0,2
726.3231374000025,1779881193.0470793,732.421875,200000,0.0,0.0,0.0,2
726.514082499998,1779881193.2380211,732.421875,200000,0.0,0.0,0.0,2
726.7033116999955,1779881193.4272525,732.421875,200000,0.0,0.0,0.0,2
726.9184357000049,1779881193.6423752,732.421875,200000,0.0,0.0,0.0,2
727.1310552000068,1779881193.854994,732.421875,200000,0.0,0.0,0.0,2
727.3201111999952,1779881194.04405,732.421875,200000,0.0,0.0,0.0,2
727.5113342999975,1779881194.2352746,732.421875,200000,0.0,0.0,0.0,2
728.1373135000031,1779881194.8612514,732.421875,200000,0.0,0.0,0.0,2
728.1447349999944,1779881194.868673,732.421875,200000,0.0,0.0,0.0,2
728.1507923000026,1779881194.8747292,732.421875,200000,0.0,0.0,0.0,2
728.3261026999971,1779881195.0500412,732.421875,200000,0.0,0.0,0.0,2
728.4881482000055,1779881195.2120862,732.421875,200000,0.0,0.0,0.0,2
728.7043518999999,1779881195.428289,732.421875,200000,0.0,0.0,0.0,2
728.8873061000049,1779881195.6112452,732.421875,200000,0.0,0.0,0.0,2
729.1105884999997,1779881195.8345275,732.421875,200000,0.0,0.0,0.0,2
729.3464413000038,1779881196.0703804,732.421875,200000,0.0,0.0,0.0,2
729.5205177000025,1779881196.2444546,732.421875,200000,0.0,0.0,0.0,2
729.7097114000062,1779881196.4336493,732.421875,200000,0.0,0.0,0.0,2
730.2652969000046,1779881196.9892354,732.421875,200000,0.0,0.0,0.0,2
730.2707940999971,1779881196.9947329,732.421875,200000,0.0,0.0,0.0,2
730.3058674000058,1779881197.0298066,732.421875,200000,0.0,0.0,0.0,2
730.4911984000064,1779881197.215137,732.421875,200000,0.0,0.0,0.0,2
730.7009292000002,1779881197.4248686,732.421875,200000,0.0,0.0,0.0,2
730.879409000001,1779881197.6033473,732.421875,200000,0.0,0.0,0.0,2
731.0928088999935,1779881197.8167484,732.421875,200000,0.0,0.0,0.0,2
731.7641086000076,1779881198.4880474,732.421875,200000,0.0,0.0,0.0,2
731.7721643999976,1779881198.496104,732.421875,200000,0.0,0.0,0.0,2
731.779612600003,1779881198.5035505,732.421875,200000,0.0,0.0,0.0,2
731.8818485999946,1779881198.6057882,732.421875,200000,0.0,0.0,0.0,2
732.0683048000064,1779881198.7922435,732.421875,200000,0.0,0.0,0.0,2
732.2939326000051,1779881199.017871,732.421875,200000,0.0,0.0,0.0,2
732.4698822000064,1779881199.1938224,732.421875,200000,0.0,0.0,0.0,2
732.6708744000061,1779881199.3948133,732.421875,200000,0.0,0.0,0.0,2
732.8887302999938,1779881199.6126702,732.421875,200000,0.0,0.0,0.0,2
733.3808409000048,1779881200.1047783,732.421875,200000,0.0,0.0,0.0,2
733.3831287000066,1779881200.107066,732.421875,200000,0.0,0.0,0.0,2
733.4587345000036,1779881200.1826718,732.421875,200000,0.0,0.0,0.0,2
733.6811400000006,1779881200.4050784,732.421875,200000,0.0,0.0,0.0,2
733.8686422000028,1779881200.5925798,732.421875,200000,0.0,0.0,0.0,2
734.0886905000079,1779881200.8126285,732.421875,200000,0.0,0.0,0.0,2
734.2696921000024,1779881200.9936316,732.421875,200000,0.0,0.0,0.0,2
734.457934399994,1779881201.1818728,732.421875,200000,0.0,0.0,0.0,2
734.6792076999991,1779881201.4031453,732.421875,200000,0.0,0.0,0.0,2
734.8627887000039,1779881201.586727,732.421875,200000,0.0,0.0,0.0,2
735.0998434000066,1779881201.8237817,732.421875,200000,0.0,0.0,0.0,2
735.2843844000017,1779881202.0083241,732.421875,200000,0.0,0.0,0.0,2
735.4688230000029,1779881202.1927612,732.421875,200000,0.0,0.0,0.0,2
735.6499199999962,1779881202.3738577,732.421875,200000,0.0,0.0,0.0,2
735.8778481000045,1779881202.6017854,732.421875,200000,0.0,0.0,0.0,2
736.0602461999952,1779881202.7841833,732.421875,200000,0.0,0.0,0.0,2
736.2628557999997,1779881202.986794,732.421875,200000,0.0,0.0,0.0,2
736.4551525999996,1779881203.179093,732.421875,200000,0.0,0.0,0.0,2
736.9594463999965,1779881203.6833847,732.421875,200000,0.0,0.0,0.0,2
736.9691061000049,1779881203.693044,732.421875,200000,0.0,0.0,0.0,2
737.0470124999993,1779881203.77095,732.421875,200000,0.0,0.0,0.0,2
737.2669658999948,1779881203.9909053,732.421875,200000,0.0,0.0,0.0,2
737.4387437999976,1779881204.1626818,732.421875,200000,0.0,0.0,0.0,2
737.6387818999938,1779881204.362721,732.421875,200000,0.0,0.0,0.0,2
737.8602462999988,1779881204.5841858,732.421875,200000,0.0,0.0,0.0,2
738.0532839999942,1779881204.777222,732.421875,200000,0.0,0.0,0.0,2
738.2738998999994,1779881204.997838,732.421875,200000,0.0,0.0,0.0,2
738.4563462000078,1779881205.180285,732.421875,200000,0.0,0.0,0.0,2
738.9865728000004,1779881205.710512,732.421875,200000,0.0,0.0,0.0,2
738.9931845999963,1779881205.7171226,732.421875,200000,0.0,0.0,0.0,2
739.0447714000038,1779881205.768709,732.421875,200000,0.0,0.0,0.0,2
739.2374569999956,1779881205.9613967,732.421875,200000,0.0,0.0,0.0,2
739.4216342,1779881206.1455715,732.421875,200000,0.0,0.0,0.0,2
739.6505745000031,1779881206.3745134,732.421875,200000,0.0,0.0,0.0,2
739.8356380000041,1779881206.559576,732.421875,200000,0.0,0.0,0.0,2
740.0683374000073,1779881206.792275,732.421875,200000,0.0,0.0,0.0,2
740.5553532000049,1779881207.2792907,732.421875,200000,0.0,0.0,0.0,2
740.5581703000062,1779881207.2821097,732.421875,200000,0.0,0.0,0.0,2
740.6239457000047,1779881207.347883,732.421875,200000,0.0,0.0,0.0,2
740.8113883000042,1779881207.5353262,732.421875,200000,0.0,0.0,0.0,2
741.038836199994,1779881207.7627752,732.421875,200000,0.0,0.0,0.0,2
741.5860659000027,1779881208.3100042,732.421875,200000,0.0,0.0,0.0,2
741.5894389000023,1779881208.3133762,732.421875,200000,0.0,0.0,0.0,2
741.629824100004,1779881208.3537617,732.421875,200000,0.0,0.0,0.0,2
741.8108719000011,1779881208.5348094,732.421875,200000,0.0,0.0,0.0,2
742.0417329000047,1779881208.76567,732.421875,200000,0.0,0.0,0.0,2
742.2256534000044,1779881208.949591,732.421875,200000,0.0,0.0,0.0,2
742.4113813000004,1779881209.1353185,732.421875,200000,0.0,0.0,0.0,2
742.6410897000023,1779881209.3650267,732.421875,200000,0.0,0.0,0.0,2
742.8213709999982,1779881209.5453086,732.421875,200000,0.0,0.0,0.0,2
743.0119417999958,1779881209.7358797,732.421875,200000,0.0,0.0,0.0,2
743.2426164000062,1779881209.9665556,732.421875,200000,0.0,0.0,0.0,2
743.4228787000029,1779881210.146816,732.421875,200000,0.0,0.0,0.0,2
743.6057438999997,1779881210.3296826,732.421875,200000,0.0,0.0,0.0,2
743.8404945999937,1779881210.5644321,732.421875,200000,0.0,0.0,0.0,2
744.0222198999982,1779881210.7461574,732.421875,200000,0.0,0.0,0.0,2
744.2060603999998,1779881210.9299972,732.421875,200000,0.0,0.0,0.0,2
744.4440632000042,1779881211.1680017,732.421875,200000,0.0,0.0,0.0,2
744.6224440000078,1779881211.346382,732.421875,200000,0.0,0.0,0.0,2
744.809284899995,1779881211.5332227,732.421875,200000,0.0,0.0,0.0,2
744.9925954000064,1779881211.7165344,732.421875,200000,0.0,0.0,0.0,2
745.1970995000011,1779881211.9210386,732.421875,200000,0.0,0.0,0.0,2
745.4185603000078,1779881212.1425004,732.421875,200000,0.0,0.0,0.0,2
745.6436423999985,1779881212.3675818,732.421875,200000,0.0,0.0,0.0,2
745.8237157999974,1779881212.547654,732.421875,200000,0.0,0.0,0.0,2
746.0089593000012,1779881212.7328987,732.421875,200000,0.0,0.0,0.0,2
746.1959319000016,1779881212.9198706,732.421875,200000,0.0,0.0,0.0,2
746.3813940999971,1779881213.1053324,732.421875,200000,0.0,0.0,0.0,2
746.6018887999962,1779881213.325827,732.421875,200000,0.0,0.0,0.0,2
746.790943,1779881213.5148811,732.421875,200000,0.0,0.0,0.0,2
747.2813711000053,1779881214.0053086,732.421875,200000,0.0,0.0,0.0,2
747.2854456000059,1779881214.0093832,732.421875,200000,0.0,0.0,0.0,2
747.3772720999987,1779881214.1012108,732.421875,200000,0.0,0.0,0.0,2
747.6257957000053,1779881214.349735,732.421875,200000,0.0,0.0,0.0,2
747.8002294000034,1779881214.5241663,732.421875,200000,0.0,0.0,0.0,2
747.9895649999962,1779881214.7135062,732.421875,200000,0.0,0.0,0.0,2
748.2220880999957,1779881214.9460275,732.421875,200000,0.0,0.0,0.0,2
748.8250199000031,1779881215.5489588,732.421875,200000,0.0,0.0,0.0,2
748.832865999997,1779881215.5568035,732.421875,200000,0.0,0.0,0.0,2
748.8505994000006,1779881215.5745378,732.421875,200000,0.0,0.0,0.0,2
748.9756904999958,1779881215.6996288,732.421875,200000,0.0,0.0,0.0,2
749.203603300004,1779881215.927542,732.421875,200000,0.0,0.0,0.0,2
749.3722458999982,1779881216.096185,732.421875,200000,0.0,0.0,0.0,2
749.5970048000017,1779881216.3209436,732.421875,200000,0.0,0.0,0.0,2
749.7724423000036,1779881216.4963796,732.421875,200000,0.0,0.0,0.0,2
750.3413818999979,1779881217.0653212,732.421875,200000,0.0,0.0,0.0,2
750.3506534000044,1779881217.0745914,732.421875,200000,0.0,0.0,0.0,2
750.3932873000012,1779881217.1172254,732.421875,200000,0.0,0.0,0.0,2
750.5577597999945,1779881217.2816997,732.421875,200000,0.0,0.0,0.0,2
750.8003445000068,1779881217.5242834,732.421875,200000,0.0,0.0,0.0,2
751.3410027000064,1779881218.0649405,732.421875,200000,0.0,0.0,0.0,2
751.3454571000038,1779881218.0693948,732.421875,200000,0.0,0.0,0.0,2
751.3878420999972,1779881218.1117802,732.421875,200000,0.0,0.0,0.0,2
751.5541974999942,1779881218.2781353,732.421875,200000,0.0,0.0,0.0,2
751.7624396000028,1779881218.4863777,732.421875,200000,0.0,0.0,0.0,2
751.9483088999987,1779881218.6722462,732.421875,200000,0.0,0.0,0.0,2
752.170249200004,1779881218.894187,732.421875,200000,0.0,0.0,0.0,2
752.3528554000077,1779881219.0767937,732.421875,200000,0.0,0.0,0.0,2
752.9085689000058,1779881219.6325068,732.421875,200000,0.0,0.0,0.0,2
752.9143061000068,1779881219.6382446,732.421875,200000,0.0,0.0,0.0,2
752.9594369999977,1779881219.683376,732.421875,200000,0.0,0.0,0.0,2
753.1709180000034,1779881219.894858,732.421875,200000,0.0,0.0,0.0,2
753.3575487000053,1779881220.0814872,732.421875,200000,0.0,0.0,0.0,2
753.5524211000011,1779881220.2763588,732.421875,200000,0.0,0.0,0.0,2
753.7517627000052,1779881220.475701,732.421875,200000,0.0,0.0,0.0,2
753.9426930000045,1779881220.6666315,732.421875,200000,0.0,0.0,0.0,2
754.1611965000047,1779881220.885134,732.421875,200000,0.0,0.0,0.0,2
754.351514199996,1779881221.0754526,732.421875,200000,0.0,0.0,0.0,2
754.5714736999944,1779881221.2954109,732.421875,200000,0.0,0.0,0.0,2
754.7557751999993,1779881221.4797132,732.421875,200000,0.0,0.0,0.0,2
754.9472031000041,1779881221.6711423,732.421875,200000,0.0,0.0,0.0,2
755.1714279000007,1779881221.8953671,732.421875,200000,0.0,0.0,0.0,2
755.3532382999983,1779881222.0771763,732.421875,200000,0.0,0.0,0.0,2
755.5434901999979,1779881222.26743,732.421875,200000,0.0,0.0,0.0,2
755.7316368000029,1779881222.4555748,732.421875,200000,0.0,0.0,0.0,2
755.9531692000019,1779881222.6771069,732.421875,200000,0.0,0.0,0.0,2
756.1942803999991,1779881222.9182196,732.421875,200000,0.0,0.0,0.0,2
756.3721130000049,1779881223.0960524,732.421875,200000,0.0,0.0,0.0,2
756.5434383999964,1779881223.2673762,732.421875,200000,0.0,0.0,0.0,2
756.7270656000037,1779881223.4510028,732.421875,200000,0.0,0.0,0.0,2
756.9706034999981,1779881223.6945422,732.421875,200000,0.0,0.0,0.0,2
757.1430309999996,1779881223.8669686,732.421875,200000,0.0,0.0,0.0,2
757.3258242000011,1779881224.0497615,732.421875,200000,0.0,0.0,0.0,2
757.5378104999982,1779881224.2617495,732.421875,200000,0.0,0.0,0.0,2
757.7287818000041,1779881224.4527214,732.421875,200000,0.0,0.0,0.0,2
757.9826043000066,1779881224.7065427,732.421875,200000,0.0,0.0,0.0,2
758.5156117000006,1779881225.23955,732.421875,200000,0.0,0.0,0.0,2
758.5215743000008,1779881225.245512,732.421875,200000,0.0,0.0,0.0,2
758.5628934999986,1779881225.2868323,732.421875,200000,0.0,0.0,0.0,2
758.7158345000062,1779881225.4397717,732.421875,200000,0.0,0.0,0.0,2
758.941455799999,1779881225.6653948,732.421875,200000,0.0,0.0,0.0,2
759.147344099998,1779881225.8712883,732.421875,200000,0.0,0.0,0.0,2
759.359624699995,1779881226.083562,732.421875,200000,0.0,0.0,0.0,2
759.5110571999976,1779881226.2349951,732.421875,200000,0.0,0.0,0.0,2
759.7307868000062,1779881226.4547265,732.421875,200000,0.0,0.0,0.0,2
759.960728399994,1779881226.6846669,732.421875,200000,0.0,0.0,0.0,2
760.1453525999968,1779881226.869291,732.421875,200000,0.0,0.0,0.0,2
760.3218195999943,1779881227.0457587,732.421875,200000,0.0,0.0,0.0,2
760.5045807999995,1779881227.2285194,732.421875,200000,0.0,0.0,0.0,2
760.7479719999974,1779881227.47191,732.421875,200000,0.0,0.0,0.0,2
760.9239537999965,1779881227.6478927,732.421875,200000,0.0,0.0,0.0,2
761.5690734999953,1779881228.2930126,732.421875,200000,0.0,0.0,0.0,2
761.5778824000008,1779881228.3018208,732.421875,200000,0.0,0.0,0.0,2
761.5867212000012,1779881228.3106594,732.421875,200000,0.0,0.0,0.0,2
761.7058844999992,1779881228.4298217,732.421875,200000,0.0,0.0,0.0,2
761.8977429000079,1779881228.6216805,732.421875,200000,0.0,0.0,0.0,2
762.1183025000064,1779881228.8422406,732.421875,200000,0.0,0.0,0.0,2
762.3077119999944,1779881229.0316515,732.421875,200000,0.0,0.0,0.0,2
762.5377308000025,1779881229.2616694,732.421875,200000,0.0,0.0,0.0,2
762.7173058000044,1779881229.4412432,732.421875,200000,0.0,0.0,0.0,2
762.9027806999948,1779881229.626719,732.421875,200000,0.0,0.0,0.0,2
763.1017696000054,1779881229.8257084,732.421875,200000,0.0,0.0,0.0,2
763.290977800003,1779881230.0149167,732.421875,200000,0.0,0.0,0.0,2
763.5075779000035,1779881230.2315161,732.421875,200000,0.0,0.0,0.0,2
763.685046300001,1779881230.408984,732.421875,200000,0.0,0.0,0.0,2
763.9168181999994,1779881230.6407564,732.421875,200000,0.0,0.0,0.0,2
764.1563994000026,1779881230.8803365,732.421875,200000,0.0,0.0,0.0,2
764.339212699997,1779881231.0631511,732.421875,200000,0.0,0.0,0.0,2
764.5164494000055,1779881231.240388,732.421875,200000,0.0,0.0,0.0,2
764.6921653000027,1779881231.4161038,732.421875,200000,0.0,0.0,0.0,2
765.2283143999957,1779881231.9522543,732.421875,200000,0.0,0.0,0.0,2
765.2328032000078,1779881231.956741,732.421875,200000,0.0,0.0,0.0,2
765.2923630000005,1779881232.0163016,732.421875,200000,0.0,0.0,0.0,2
765.4878868999949,1779881232.2118256,732.421875,200000,0.0,0.0,0.0,2
765.6739247000078,1779881232.3978622,732.421875,200000,0.0,0.0,0.0,2
765.8937866000051,1779881232.6177237,732.421875,200000,0.0,0.0,0.0,2
766.0830121000035,1779881232.8069515,732.421875,200000,0.0,0.0,0.0,2
766.2784002999979,1779881233.002339,732.421875,200000,0.0,0.0,0.0,2
766.7712391999958,1779881233.495177,732.421875,200000,0.0,0.0,0.0,2
766.7756988000037,1779881233.499638,732.421875,200000,0.0,0.0,0.0,2
766.876482000007,1779881233.600421,732.421875,200000,0.0,0.0,0.0,2
767.0692389000033,1779881233.7931771,732.421875,200000,0.0,0.0,0.0,2
767.2757585000072,1779881233.9996977,732.421875,200000,0.0,0.0,0.0,2
767.8017316000041,1779881234.525672,732.421875,200000,0.0,0.0,0.0,2
767.8132871999987,1779881234.537225,732.421875,200000,0.0,0.0,0.0,2
767.8845048000076,1779881234.608443,732.421875,200000,0.0,0.0,0.0,2
768.0735419999983,1779881234.7974815,732.421875,200000,0.0,0.0,0.0,2
768.2986063999997,1779881235.022544,732.421875,200000,0.0,0.0,0.0,2
768.8345201000047,1779881235.5584574,732.421875,200000,0.0,0.0,0.0,2
768.840813200004,1779881235.5647511,732.421875,200000,0.0,0.0,0.0,2
768.8831722000032,1779881235.607111,732.421875,200000,0.0,0.0,0.0,2
769.0585713000037,1779881235.7825089,732.421875,200000,0.0,0.0,0.0,2
769.268674299994,1779881235.9926121,732.421875,200000,0.0,0.0,0.0,2
769.4598716000037,1779881236.1838107,732.421875,200000,0.0,0.0,0.0,2
769.6753888999956,1779881236.3993258,732.421875,200000,0.0,0.0,0.0,2
769.8571849,1779881236.581125,732.421875,200000,0.0,0.0,0.0,2
770.3779554000066,1779881237.1018944,732.421875,200000,0.0,0.0,0.0,2
770.3862051000033,1779881237.1101422,732.421875,200000,0.0,0.0,0.0,2
770.4532498000044,1779881237.1771877,732.421875,200000,0.0,0.0,0.0,2
770.7021269999968,1779881237.4260669,732.421875,200000,0.0,0.0,0.0,2
770.8678545000002,1779881237.5917923,732.421875,200000,0.0,0.0,0.0,2
771.0528626000014,1779881237.7768013,732.421875,200000,0.0,0.0,0.0,2
771.2476725000015,1779881237.9716117,732.421875,200000,0.0,0.0,0.0,2
771.4521984000021,1779881238.176138,732.421875,200000,0.0,0.0,0.0,2
771.6408755000011,1779881238.3648133,732.421875,200000,0.0,0.0,0.0,2
771.8896743000078,1779881238.6136117,732.421875,200000,0.0,0.0,0.0,2
772.0649613999994,1779881238.7888997,732.421875,200000,0.0,0.0,0.0,2
772.2486424999952,1779881238.9725811,732.421875,200000,0.0,0.0,0.0,2
772.4930175000045,1779881239.2169564,732.421875,200000,0.0,0.0,0.0,2
772.659956500007,1779881239.3838942,732.421875,200000,0.0,0.0,0.0,2
772.8497180999984,1779881239.573656,732.421875,200000,0.0,0.0,0.0,2
773.0342361999938,1779881239.7581742,732.421875,200000,0.0,0.0,0.0,2
773.267319999999,1779881239.9912586,732.421875,200000,0.0,0.0,0.0,2
773.4435424999974,1779881240.16748,732.421875,200000,0.0,0.0,0.0,2
773.6405970000051,1779881240.364536,732.421875,200000,0.0,0.0,0.0,2
773.8610097000055,1779881240.5849483,732.421875,200000,0.0,0.0,0.0,2
774.1075186999951,1779881240.8314571,732.421875,200000,0.0,0.0,0.0,2
774.2271596000064,1779881240.9510987,732.421875,200000,0.0,0.0,0.0,2
774.4571279999946,1779881241.1810663,732.421875,200000,0.0,0.0,0.0,2
774.6424569999945,1779881241.3663952,732.421875,200000,0.0,0.0,0.0,2
774.8420707000041,1779881241.5660105,732.421875,200000,0.0,0.0,0.0,2
775.0411957000033,1779881241.7651346,732.421875,200000,0.0,0.0,0.0,2
775.2404258000024,1779881241.9643636,732.421875,200000,0.0,0.0,0.0,2
775.4860387999943,1779881242.2099771,732.421875,200000,0.0,0.0,0.0,2
775.6663136999996,1779881242.3902528,732.421875,200000,0.0,0.0,0.0,2
775.842450199998,1779881242.56639,732.421875,200000,0.0,0.0,0.0,2
776.5496868000046,1779881243.2736247,732.421875,200000,0.0,0.0,0.0,2
776.5538970000052,1779881243.2778358,732.421875,200000,0.0,0.0,0.0,2
776.5594873999944,1779881243.2834263,732.421875,200000,0.0,0.0,0.0,2
776.6429678999993,1779881243.3669057,732.421875,200000,0.0,0.0,0.0,2
776.8236533000018,1779881243.5475926,732.421875,200000,0.0,0.0,0.0,2
777.011891400005,1779881243.7358296,732.421875,200000,0.0,0.0,0.0,2
777.218337600003,1779881243.9422753,732.421875,200000,0.0,0.0,0.0,2
777.4120343999966,1779881244.1359725,732.421875,200000,0.0,0.0,0.0,2
777.6359975999949,1779881244.3599355,732.421875,200000,0.0,0.0,0.0,2
777.8142031000025,1779881244.5381403,732.421875,200000,0.0,0.0,0.0,2
778.0204333000001,1779881244.7443736,732.421875,200000,0.0,0.0,0.0,2
778.2048824999947,1779881244.9288208,732.421875,200000,0.0,0.0,0.0,2
778.4958315999975,1779881245.2197697,732.421875,200000,0.0,0.0,0.0,2
778.6070693000074,1779881245.3310087,732.421875,200000,0.0,0.0,0.0,2
778.8361357999966,1779881245.5600746,732.421875,200000,0.0,0.0,0.0,2
779.0753303999954,1779881245.7992692,732.421875,200000,0.0,0.0,0.0,2
779.2541324000049,1779881245.9780705,732.421875,200000,0.0,0.0,0.0,2
779.4380078999966,1779881246.1619468,732.421875,200000,0.0,0.0,0.0,2
779.6239566000004,1779881246.3478968,732.421875,200000,0.0,0.0,0.0,2
780.1860103000072,1779881246.9099486,732.421875,200000,0.0,0.0,0.0,2
780.191118200004,1779881246.9150565,732.421875,200000,0.0,0.0,0.0,2
780.2281173999945,1779881246.9520552,732.421875,200000,0.0,0.0,0.0,2
780.456929299995,1779881247.1808677,732.421875,200000,0.0,0.0,0.0,2
780.6367995000037,1779881247.3607383,732.421875,200000,0.0,0.0,0.0,2
780.8131198000046,1779881247.5370579,732.421875,200000,0.0,0.0,0.0,2
780.9979295999947,1779881247.7218685,732.421875,200000,0.0,0.0,0.0,2
781.2421052999998,1779881247.9660442,732.421875,200000,0.0,0.0,0.0,2
781.4663643999957,1779881248.190302,732.421875,200000,0.0,0.0,0.0,2
781.5991727000073,1779881248.32311,732.421875,200000,0.0,0.0,0.0,2
782.2327661000018,1779881248.9567041,732.421875,200000,0.0,0.0,0.0,2
782.2365868000052,1779881248.9605253,732.421875,200000,0.0,0.0,0.0,2
782.2425169000053,1779881248.9664557,732.421875,200000,0.0,0.0,0.0,2
782.456096599999,1779881249.1800344,732.421875,200000,0.0,0.0,0.0,2
782.6173415999947,1779881249.341281,732.421875,200000,0.0,0.0,0.0,2
782.7990938000003,1779881249.523057,732.421875,200000,0.0,0.0,0.0,2
782.982284800004,1779881249.7062232,732.421875,200000,0.0,0.0,0.0,2
783.2161268000054,1779881249.9400659,732.421875,200000,0.0,0.0,0.0,2
783.4433193000004,1779881250.1672568,732.421875,200000,0.0,0.0,0.0,2
783.6317437999969,1779881250.3556814,732.421875,200000,0.0,0.0,0.0,2
783.807323999994,1779881250.5312626,732.421875,200000,0.0,0.0,0.0,2
783.9947449000028,1779881250.7186823,732.421875,200000,0.0,0.0,0.0,2
784.1883942999993,1779881250.9123328,732.421875,200000,0.0,0.0,0.0,2
784.4282288999966,1779881251.1521678,732.421875,200000,0.0,0.0,0.0,2
784.598765600007,1779881251.3227038,732.421875,200000,0.0,0.0,0.0,2
784.7773841000017,1779881251.5013223,732.421875,200000,0.0,0.0,0.0,2
785.0016296999966,1779881251.7255676,732.421875,200000,0.0,0.0,0.0,2
785.189572400006,1779881251.9135098,732.421875,200000,0.0,0.0,0.0,2
785.428079499994,1779881252.1520174,732.421875,200000,0.0,0.0,0.0,2
785.6084262000077,1779881252.3323643,732.421875,200000,0.0,0.0,0.0,2
785.7898511999956,1779881252.5137904,732.421875,200000,0.0,0.0,0.0,2
785.9758108999958,1779881252.6997492,732.421875,200000,0.0,0.0,0.0,2
786.1740910999943,1779881252.8980308,732.421875,200000,0.0,0.0,0.0,2
786.406207699998,1779881253.1301467,732.421875,200000,0.0,0.0,0.0,2
786.5805441999983,1779881253.3044813,732.421875,200000,0.0,0.0,0.0,2
786.8026202000037,1779881253.5265589,732.421875,200000,0.0,0.0,0.0,2
786.9812235999998,1779881253.7051623,732.421875,200000,0.0,0.0,0.0,2
787.2236759999942,1779881253.9476142,732.421875,200000,0.0,0.0,0.0,2
787.4098064999998,1779881254.133745,732.421875,200000,0.0,0.0,0.0,2
787.9605644999974,1779881254.684503,732.421875,200000,0.0,0.0,0.0,2
787.9683997999964,1779881254.6923385,732.421875,200000,0.0,0.0,0.0,2
788.0079704999953,1779881254.7319088,732.421875,200000,0.0,0.0,0.0,2
788.1651593999995,1779881254.8890986,732.421875,200000,0.0,0.0,0.0,2
788.4274299999961,1779881255.1513698,732.421875,200000,0.0,0.0,0.0,2
788.6005985999946,1779881255.3245375,732.421875,200000,0.0,0.0,0.0,2
788.7840358999965,1779881255.5079734,732.421875,200000,0.0,0.0,0.0,2
789.0204864999978,1779881255.7444243,732.421875,200000,0.0,0.0,0.0,2
789.2005217999977,1779881255.9244595,732.421875,200000,0.0,0.0,0.0,2
789.4428329000075,1779881256.1667712,732.421875,200000,0.0,0.0,0.0,2
790.0282966999948,1779881256.7522361,732.421875,200000,0.0,0.0,0.0,2
790.0357281000033,1779881256.7596662,732.421875,200000,0.0,0.0,0.0,2
790.0411960000056,1779881256.7651353,732.421875,200000,0.0,0.0,0.0,2
790.1682926000067,1779881256.892231,732.421875,200000,0.0,0.0,0.0,2
790.4043029000022,1779881257.128241,732.421875,200000,0.0,0.0,0.0,2
790.5788638999948,1779881257.302803,732.421875,200000,0.0,0.0,0.0,2
790.7525605999981,1779881257.4764981,732.421875,200000,0.0,0.0,0.0,2
791.0043251000025,1779881257.728264,732.421875,200000,0.0,0.0,0.0,2
791.1768866000057,1779881257.9008248,732.421875,200000,0.0,0.0,0.0,2
791.4202414000029,1779881258.1441803,732.421875,200000,0.0,0.0,0.0,2
791.5413361999963,1779881258.2652745,732.421875,200000,0.0,0.0,0.0,2
791.7783846999955,1779881258.502323,732.421875,200000,0.0,0.0,0.0,2
791.9587708000035,1779881258.6827095,732.421875,200000,0.0,0.0,0.0,2
792.1469159999979,1779881258.8708549,732.421875,200000,0.0,0.0,0.0,2
792.379583899994,1779881259.1035216,732.421875,200000,0.0,0.0,0.0,2
792.565211299996,1779881259.2891507,732.421875,200000,0.0,0.0,0.0,2
792.797250699994,1779881259.5211883,732.421875,200000,0.0,0.0,0.0,2
792.9779044000024,1779881259.7018425,732.421875,200000,0.0,0.0,0.0,2
793.1579117999936,1779881259.8818505,732.421875,200000,0.0,0.0,0.0,2
793.7193266999966,1779881260.4432647,732.421875,200000,0.0,0.0,0.0,2
793.725313899995,1779881260.4492524,732.421875,200000,0.0,0.0,0.0,2
793.7691180999973,1779881260.4930568,732.421875,200000,0.0,0.0,0.0,2
793.9404603000003,1779881260.6643975,732.421875,200000,0.0,0.0,0.0,2
794.140759899994,1779881260.8646994,732.421875,200000,0.0,0.0,0.0,2
794.3587016999954,1779881261.0826411,732.421875,200000,0.0,0.0,0.0,2
794.536758000002,1779881261.2606962,732.421875,200000,0.0,0.0,0.0,2
794.7762095000071,1779881261.500149,732.421875,200000,0.0,0.0,0.0,2
795.2280436000001,1779881261.9519813,732.421875,200000,0.0,0.0,0.0,2
795.2304652000021,1779881261.9544022,732.421875,200000,0.0,0.0,0.0,2
795.3619479000045,1779881262.0858862,732.421875,200000,0.0,0.0,0.0,2
795.5172355999966,1779881262.2411742,732.421875,200000,0.0,0.0,0.0,2
795.7419233999972,1779881262.465863,732.421875,200000,0.0,0.0,0.0,2
795.9719757999992,1779881262.695915,732.421875,200000,0.0,0.0,0.0,2
796.1260193000053,1779881262.8499584,732.421875,200000,0.0,0.0,0.0,2
796.3494107000006,1779881263.0733492,732.421875,200000,0.0,0.0,0.0,2
796.5755327999941,1779881263.299472,732.421875,200000,0.0,0.0,0.0,2
796.7621696999995,1779881263.4861095,732.421875,200000,0.0,0.0,0.0,2
797.3306606999977,1779881264.0545998,732.421875,200000,0.0,0.0,0.0,2
797.3365840000042,1779881264.0605233,732.421875,200000,0.0,0.0,0.0,2
797.3696048999991,1779881264.093543,732.421875,200000,0.0,0.0,0.0,2
797.5215580000076,1779881264.2454958,732.421875,200000,0.0,0.0,0.0,2
797.7168155999971,1779881264.4407544,732.421875,200000,0.0,0.0,0.0,2
797.9153545000008,1779881264.639292,732.421875,200000,0.0,0.0,0.0,2
798.1353238000011,1779881264.8592613,732.421875,200000,0.0,0.0,0.0,2
798.3333347000007,1779881265.0572743,732.421875,200000,0.0,0.0,0.0,2
798.8351131999952,1779881265.5590506,732.421875,200000,0.0,0.0,0.0,2
798.8390491000027,1779881265.562987,732.421875,200000,0.0,0.0,0.0,2
798.9022667999961,1779881265.626205,732.421875,200000,0.0,0.0,0.0,2
799.1278072999994,1779881265.8517466,732.421875,200000,0.0,0.0,0.0,2
799.3205752000067,1779881266.0445135,732.421875,200000,0.0,0.0,0.0,2
799.5064861999999,1779881266.2304251,732.421875,200000,0.0,0.0,0.0,2
799.7025255000044,1779881266.4264646,732.421875,200000,0.0,0.0,0.0,2
799.9251844999962,1779881266.6491222,732.421875,200000,0.0,0.0,0.0,2
800.1082764000021,1779881266.8322158,732.421875,200000,0.0,0.0,0.0,2
800.3465107999946,1779881267.0704494,732.421875,200000,0.0,0.0,0.0,2
800.4969176000013,1779881267.2208605,732.421875,200000,0.0,0.0,0.0,2
800.7605201999977,1779881267.4844577,732.421875,200000,0.0,0.0,0.0,2
800.9399811000039,1779881267.6639183,732.421875,200000,0.0,0.0,0.0,2
801.4242878000077,1779881268.148226,732.421875,200000,0.0,0.0,0.0,2
801.4289045000041,1779881268.152844,732.421875,200000,0.0,0.0,0.0,2
801.4931215999968,1779881268.21706,732.421875,200000,0.0,0.0,0.0,2
801.6842578000069,1779881268.4081962,732.421875,200000,0.0,0.0,0.0,2
801.9022458999971,1779881268.6261837,732.421875,200000,0.0,0.0,0.0,2
802.0887152000068,1779881268.812654,732.421875,200000,0.0,0.0,0.0,2
802.3252268000069,1779881269.049166,732.421875,200000,0.0,0.0,0.0,2
802.5024969000078,1779881269.2264352,732.421875,200000,0.0,0.0,0.0,2
802.6887700999941,1779881269.4127083,732.421875,200000,0.0,0.0,0.0,2
802.8805604999943,1779881269.6044998,732.421875,200000,0.0,0.0,0.0,2
803.1094392999948,1779881269.8333788,732.421875,200000,0.0,0.0,0.0,2
803.293593800001,1779881270.0175333,732.421875,200000,0.0,0.0,0.0,2
803.4850158000045,1779881270.2089553,732.421875,200000,0.0,0.0,0.0,2
803.6734750000032,1779881270.3974125,732.421875,200000,0.0,0.0,0.0,2
803.9411393000046,1779881270.665078,732.421875,200000,0.0,0.0,0.0,2
804.1213212000002,1779881270.8452592,732.421875,200000,0.0,0.0,0.0,2
804.3093612999946,1779881271.0332997,732.421875,200000,0.0,0.0,0.0,2
804.4835624999978,1779881271.2075007,732.421875,200000,0.0,0.0,0.0,2
804.6655746000033,1779881271.3895118,732.421875,200000,0.0,0.0,0.0,2
804.9055883999972,1779881271.6295283,732.421875,200000,0.0,0.0,0.0,2
805.0783733999997,1779881271.8023112,732.421875,200000,0.0,0.0,0.0,2
805.6222903000016,1779881272.346229,732.421875,200000,0.0,0.0,0.0,2
805.6294670000061,1779881272.3534057,732.421875,200000,0.0,0.0,0.0,2
805.6788612999953,1779881272.4027994,732.421875,200000,0.0,0.0,0.0,2
805.8768565000064,1779881272.6007948,732.421875,200000,0.0,0.0,0.0,2
806.0935893999995,1779881272.817527,732.421875,200000,0.0,0.0,0.0,2
806.2820566000009,1779881273.0059962,732.421875,200000,0.0,0.0,0.0,2
806.4668403999967,1779881273.1907783,732.421875,200000,0.0,0.0,0.0,2
806.662690600002,1779881273.3866298,732.421875,200000,0.0,0.0,0.0,2
807.1731119000033,1779881273.8970516,732.421875,200000,0.0,0.0,0.0,2
807.1819796000054,1779881273.90592,732.421875,200000,0.0,0.0,0.0,2
807.2689731999999,1779881273.9929106,732.421875,200000,0.0,0.0,0.0,2
807.4783879000024,1779881274.2023282,732.421875,200000,0.0,0.0,0.0,2
807.6609374999971,1779881274.384875,732.421875,200000,0.0,0.0,0.0,2
807.9009875000047,1779881274.624927,732.421875,200000,0.0,0.0,0.0,2
808.0793424000003,1779881274.8032799,732.421875,200000,0.0,0.0,0.0,2
808.7203043000045,1779881275.4442427,732.421875,200000,0.0,0.0,0.0,2
808.7227839999978,1779881275.446721,732.421875,200000,0.0,0.0,0.0,2
808.7249916000001,1779881275.4489286,732.421875,200000,0.0,0.0,0.0,2
808.8501488000038,1779881275.574087,732.421875,200000,0.0,0.0,0.0,2
809.0928467000049,1779881275.8167863,732.421875,200000,0.0,0.0,0.0,2
809.2730779999983,1779881275.9970164,732.421875,200000,0.0,0.0,0.0,2
809.4485862000001,1779881276.1725245,732.421875,200000,0.0,0.0,0.0,2
809.6490875000018,1779881276.3730268,732.421875,200000,0.0,0.0,0.0,2
809.8411347000074,1779881276.565073,732.421875,200000,0.0,0.0,0.0,2
810.0721810999967,1779881276.796121,732.421875,200000,0.0,0.0,0.0,2
810.2535445999965,1779881276.977484,732.421875,200000,0.0,0.0,0.0,2
810.4701683000021,1779881277.194107,732.421875,200000,0.0,0.0,0.0,2
810.6474071999983,1779881277.3713448,732.421875,200000,0.0,0.0,0.0,2
810.8876839000004,1779881277.6116228,732.421875,200000,0.0,0.0,0.0,2
811.0716065000015,1779881277.7955456,732.421875,200000,0.0,0.0,0.0,2
811.2600871000031,1779881277.984028,732.421875,200000,0.0,0.0,0.0,2
811.4359556999989,1779881278.159894,732.421875,200000,0.0,0.0,0.0,2
811.6345144999941,1779881278.3584538,732.421875,200000,0.0,0.0,0.0,2
811.8507303999941,1779881278.574669,732.421875,200000,0.0,0.0,0.0,2
812.3915019999986,1779881279.1154408,732.421875,200000,0.0,0.0,0.0,2
812.3962485999946,1779881279.1201866,732.421875,200000,0.0,0.0,0.0,2
812.4467570999986,1779881279.1706963,732.421875,200000,0.0,0.0,0.0,2
812.6528703999938,1779881279.3768086,732.421875,200000,0.0,0.0,0.0,2
812.826461100005,1779881279.5504005,732.421875,200000,0.0,0.0,0.0,2
813.0457696999947,1779881279.7697089,732.421875,200000,0.0,0.0,0.0,2
813.2862167999992,1779881280.0101566,732.421875,200000,0.0,0.0,0.0,2
813.4617820999993,1779881280.1857193,732.421875,200000,0.0,0.0,0.0,2
813.6523115000018,1779881280.37625,732.421875,200000,0.0,0.0,0.0,2
813.8328235999943,1779881280.556761,732.421875,200000,0.0,0.0,0.0,2
814.0137771000009,1779881280.7377148,732.421875,200000,0.0,0.0,0.0,2
814.2236833000061,1779881280.9476223,732.421875,200000,0.0,0.0,0.0,2
814.4198059000046,1779881281.1437476,732.421875,200000,0.0,0.0,0.0,2
814.6326482000004,1779881281.356587,732.421875,200000,0.0,0.0,0.0,2
814.8460898000048,1779881281.5700293,732.421875,200000,0.0,0.0,0.0,2
815.0240527999995,1779881281.7479916,732.421875,200000,0.0,0.0,0.0,2
815.2250763000047,1779881281.949015,732.421875,200000,0.0,0.0,0.0,2
815.4190158999991,1779881282.1429548,732.421875,200000,0.0,0.0,0.0,2
815.6045455999993,1779881282.3284838,732.421875,200000,0.0,0.0,0.0,2
815.8607043999946,1779881282.584643,732.421875,200000,0.0,0.0,0.0,2
816.053155200003,1779881282.777094,732.421875,200000,0.0,0.0,0.0,2
816.568559899999,1779881283.2924998,732.421875,200000,0.0,0.0,0.0,2
816.5760568999976,1779881283.2999961,732.421875,200000,0.0,0.0,0.0,2
816.6380815000011,1779881283.3620212,732.421875,200000,0.0,0.0,0.0,2
816.8337602999964,1779881283.5577035,732.421875,200000,0.0,0.0,0.0,2
817.0088106000039,1779881283.73275,732.421875,200000,0.0,0.0,0.0,2
817.6042390000075,1779881284.3281784,732.421875,200000,0.0,0.0,0.0,2
817.6155010000075,1779881284.339438,732.421875,200000,0.0,0.0,0.0,2
817.6477063000057,1779881284.3716435,732.421875,200000,0.0,0.0,0.0,2
817.8106197000016,1779881284.5345592,732.421875,200000,0.0,0.0,0.0,2
817.9998229000048,1779881284.7237608,732.421875,200000,0.0,0.0,0.0,2
818.1996023999964,1779881284.92354,732.421875,200000,0.0,0.0,0.0,2
818.3974226999999,1779881285.1213608,732.421875,200000,0.0,0.0,0.0,2
818.5935046999948,1779881285.3174443,732.421875,200000,0.0,0.0,0.0,2
818.8052143999957,1779881285.5291514,732.421875,200000,0.0,0.0,0.0,2
818.9908030000079,1779881285.714742,732.421875,200000,0.0,0.0,0.0,2
819.1946056000015,1779881285.9185445,732.421875,200000,0.0,0.0,0.0,2
819.419781500008,1779881286.1437197,732.421875,200000,0.0,0.0,0.0,2
819.6008192000008,1779881286.3247585,732.421875,200000,0.0,0.0,0.0,2
819.8179751999996,1779881286.5419123,732.421875,200000,0.0,0.0,0.0,2
820.0061158000026,1779881286.7300549,732.421875,200000,0.0,0.0,0.0,2
820.2386107000057,1779881286.9625485,732.421875,200000,0.0,0.0,0.0,2
820.4210351000074,1779881287.1449723,732.421875,200000,0.0,0.0,0.0,2
820.5975910999987,1779881287.3215299,732.421875,200000,0.0,0.0,0.0,2
820.795555699995,1779881287.5194957,732.421875,200000,0.0,0.0,0.0,2
821.0232383999974,1779881287.7471762,732.421875,200000,0.0,0.0,0.0,2
821.1974020000052,1779881287.9213407,732.421875,200000,0.0,0.0,0.0,2
821.3826510000072,1779881288.106589,732.421875,200000,0.0,0.0,0.0,2
821.5878345999954,1779881288.3117738,732.421875,200000,0.0,0.0,0.0,2
821.7760492999951,1779881288.499988,732.421875,200000,0.0,0.0,0.0,2
821.9923672000004,1779881288.7163048,732.421875,200000,0.0,0.0,0.0,2
822.1782577999984,1779881288.9021976,732.421875,200000,0.0,0.0,0.0,2
822.379869299999,1779881289.103807,732.421875,200000,0.0,0.0,0.0,2
822.578715399999,1779881289.3026538,732.421875,200000,0.0,0.0,0.0,2
823.2668425000011,1779881289.9907818,732.421875,200000,0.0,0.0,0.0,2
823.2757553999982,1779881289.9996946,732.421875,200000,0.0,0.0,0.0,2
823.2827692999999,1779881290.0067084,732.421875,200000,0.0,0.0,0.0,2
823.3676062000013,1779881290.0915456,732.421875,200000,0.0,0.0,0.0,2
823.5713397999934,1779881290.2952795,732.421875,200000,0.0,0.0,0.0,2
823.789317600007,1779881290.513255,732.421875,200000,0.0,0.0,0.0,2
824.3697740000061,1779881291.093714,732.421875,200000,0.0,0.0,0.0,2
824.3759544000059,1779881291.0998929,732.421875,200000,0.0,0.0,0.0,2
824.4188289000012,1779881291.1427681,732.421875,200000,0.0,0.0,0.0,2
824.5702476000006,1779881291.2941856,732.421875,200000,0.0,0.0,0.0,2
824.7564153999992,1779881291.4803543,732.421875,200000,0.0,0.0,0.0,2
824.975843799999,1779881291.6997814,732.421875,200000,0.0,0.0,0.0,2
825.1576867999975,1779881291.881626,732.421875,200000,0.0,0.0,0.0,2
825.3649669000006,1779881292.088906,732.421875,200000,0.0,0.0,0.0,2
825.8895058000053,1779881292.6134453,732.421875,200000,0.0,0.0,0.0,2
825.8975283000036,1779881292.6214669,732.421875,200000,0.0,0.0,0.0,2
825.9608462000033,1779881292.6847837,732.421875,200000,0.0,0.0,0.0,2
826.1560563999956,1779881292.8799946,732.421875,200000,0.0,0.0,0.0,2
826.372157100006,1779881293.0960946,732.421875,200000,0.0,0.0,0.0,2
826.565245699996,1779881293.2891853,732.421875,200000,0.0,0.0,0.0,2
826.7737242000003,1779881293.4976637,732.421875,200000,0.0,0.0,0.0,2
826.9583453999949,1779881293.6822844,732.421875,200000,0.0,0.0,0.0,2
827.1546146000037,1779881293.8785532,732.421875,200000,0.0,0.0,0.0,2
827.3455347999989,1779881294.0694733,732.421875,200000,0.0,0.0,0.0,2
827.5599213999958,1779881294.2838604,732.421875,200000,0.0,0.0,0.0,2
827.7854994999943,1779881294.5094364,732.421875,200000,0.0,0.0,0.0,2
827.949412300004,1779881294.6733503,732.421875,200000,0.0,0.0,0.0,2
828.1511264000001,1779881294.8750641,732.421875,200000,0.0,0.0,0.0,2
828.3453564999945,1779881295.0692945,732.421875,200000,0.0,0.0,0.0,2
828.5420297999954,1779881295.26597,732.421875,200000,0.0,0.0,0.0,2
828.7573571999965,1779881295.4812963,732.421875,200000,0.0,0.0,0.0,2
828.9526662999997,1779881295.6766055,732.421875,200000,0.0,0.0,0.0,2
829.1666141000023,1779881295.8905513,732.421875,200000,0.0,0.0,0.0,2
829.3492509000062,1779881296.0731888,732.421875,200000,0.0,0.0,0.0,2
829.5397454000049,1779881296.2636845,732.421875,200000,0.0,0.0,0.0,2
830.0537897000031,1779881296.7777271,732.421875,200000,0.0,0.0,0.0,2
830.0606006000016,1779881296.7845385,732.421875,200000,0.0,0.0,0.0,2
830.1401403000054,1779881296.8640785,732.421875,200000,0.0,0.0,0.0,2
830.3288528999983,1779881297.052791,732.421875,200000,0.0,0.0,0.0,2
830.5527907000069,1779881297.2767282,732.421875,200000,0.0,0.0,0.0,2
831.1261108000035,1779881297.8500504,732.421875,200000,0.0,0.0,0.0,2
831.1325986000011,1779881297.8565366,732.421875,200000,0.0,0.0,0.0,2
831.1774182999943,1779881297.9013562,732.421875,200000,0.0,0.0,0.0,2
831.3298951000033,1779881298.0538328,732.421875,200000,0.0,0.0,0.0,2
831.525255200002,1779881298.249194,732.421875,200000,0.0,0.0,0.0,2
831.7398050000047,1779881298.463744,732.421875,200000,0.0,0.0,0.0,2
831.933480599997,1779881298.6574187,732.421875,200000,0.0,0.0,0.0,2
832.1688305999996,1779881298.892769,732.421875,200000,0.0,0.0,0.0,2
832.3458553999953,1779881299.069796,732.421875,200000,0.0,0.0,0.0,2
832.531567500002,1779881299.2555053,732.421875,200000,0.0,0.0,0.0,2
832.7683584000042,1779881299.4922988,732.421875,200000,0.0,0.0,0.0,2
832.945146099999,1779881299.6690838,732.421875,200000,0.0,0.0,0.0,2
833.1269169000007,1779881299.8508558,732.421875,200000,0.0,0.0,0.0,2
833.3601403000066,1779881300.0840786,732.421875,200000,0.0,0.0,0.0,2
833.5379013000056,1779881300.26184,732.421875,200000,0.0,0.0,0.0,2
833.7240253000055,1779881300.447964,732.421875,200000,0.0,0.0,0.0,2
833.9622247000079,1779881300.6861634,732.421875,200000,0.0,0.0,0.0,2
834.140307499998,1779881300.864245,732.421875,200000,0.0,0.0,0.0,2
834.3266497000004,1779881301.0505881,732.421875,200000,0.0,0.0,0.0,2
834.5116796000075,1779881301.2356193,732.421875,200000,0.0,0.0,0.0,2
834.742465999996,1779881301.4664035,732.421875,200000,0.0,0.0,0.0,2
835.2252616000042,1779881301.9491994,732.421875,200000,0.0,0.0,0.0,2
835.2302350999962,1779881301.9541728,732.421875,200000,0.0,0.0,0.0,2
835.3058336999966,1779881302.0297742,732.421875,200000,0.0,0.0,0.0,2
835.5187042000034,1779881302.2426424,732.421875,200000,0.0,0.0,0.0,2
835.705567500001,1779881302.429506,732.421875,200000,0.0,0.0,0.0,2
835.9421591999999,1779881302.6660979,732.421875,200000,0.0,0.0,0.0,2
836.0989379999955,1779881302.8228762,732.421875,200000,0.0,0.0,0.0,2
836.3589268000069,1779881303.082866,732.421875,200000,0.0,0.0,0.0,2
836.5354483999981,1779881303.259386,732.421875,200000,0.0,0.0,0.0,2
836.7232229999936,1779881303.4471624,732.421875,200000,0.0,0.0,0.0,2
836.9013867000031,1779881303.6253262,732.421875,200000,0.0,0.0,0.0,2
837.1379433999973,1779881303.8618813,732.421875,200000,0.0,0.0,0.0,2
837.3142885999987,1779881304.038229,732.421875,200000,0.0,0.0,0.0,2
837.4948038000002,1779881304.2187417,732.421875,200000,0.0,0.0,0.0,2
837.687554300006,1779881304.411493,732.421875,200000,0.0,0.0,0.0,2
837.9152598999935,1779881304.6391988,732.421875,200000,0.0,0.0,0.0,2
838.1018578999938,1779881304.8257976,732.421875,200000,0.0,0.0,0.0,2
838.2883048999938,1779881305.0122428,732.421875,200000,0.0,0.0,0.0,2
838.510276800007,1779881305.2342157,732.421875,200000,0.0,0.0,0.0,2
838.6973001000006,1779881305.4212382,732.421875,200000,0.0,0.0,0.0,2
838.9328669999959,1779881305.6568055,732.421875,200000,0.0,0.0,0.0,2
839.1152143000072,1779881305.8391533,732.421875,200000,0.0,0.0,0.0,2
839.3489760999946,1779881306.0729144,732.421875,200000,0.0,0.0,0.0,2
839.9674264000059,1779881306.691364,732.421875,200000,0.0,0.0,0.0,2
839.9727158000023,1779881306.6966538,732.421875,200000,0.0,0.0,0.0,2
839.9776825000008,1779881306.7016203,732.421875,200000,0.0,0.0,0.0,2
840.0842233000003,1779881306.8081613,732.421875,200000,0.0,0.0,0.0,2
840.2715776999976,1779881306.9955153,732.421875,200000,0.0,0.0,0.0,2
840.4870952000056,1779881307.2110345,732.421875,200000,0.0,0.0,0.0,2
841.0576510999963,1779881307.781589,732.421875,200000,0.0,0.0,0.0,2
841.0650823000033,1779881307.7890198,732.421875,200000,0.0,0.0,0.0,2
841.1174164999975,1779881307.8413558,732.421875,200000,0.0,0.0,0.0,2
841.2872734999983,1779881308.0112112,732.421875,200000,0.0,0.0,0.0,2
841.4689241000015,1779881308.192864,732.421875,200000,0.0,0.0,0.0,2
841.6696798000048,1779881308.3936179,732.421875,200000,0.0,0.0,0.0,2
841.931333600005,1779881308.6552732,732.421875,200000,0.0,0.0,0.0,2
842.1141611000057,1779881308.838101,732.421875,200000,0.0,0.0,0.0,2
842.291484500005,1779881309.0154238,732.421875,200000,0.0,0.0,0.0,2
842.4689427999983,1779881309.192883,732.421875,200000,0.0,0.0,0.0,2
842.712672499998,1779881309.4366121,732.421875,200000,0.0,0.0,0.0,2
842.8838075999956,1779881309.607747,732.421875,200000,0.0,0.0,0.0,2
843.0719073999935,1779881309.7958457,732.421875,200000,0.0,0.0,0.0,2
843.5874342000025,1779881310.3113718,732.421875,200000,0.0,0.0,0.0,2
843.5901239999948,1779881310.3140614,732.421875,200000,0.0,0.0,0.0,2
843.6627474999987,1779881310.3866856,732.421875,200000,0.0,0.0,0.0,2
843.8749219000019,1779881310.5988603,732.421875,200000,0.0,0.0,0.0,2
844.0806617000053,1779881310.8045995,732.421875,200000,0.0,0.0,0.0,2
844.2721237000078,1779881310.9960628,732.421875,200000,0.0,0.0,0.0,2
844.4574570999976,1779881311.1813955,732.421875,200000,0.0,0.0,0.0,2
844.6790935000026,1779881311.4030313,732.421875,200000,0.0,0.0,0.0,2
844.8678379000048,1779881311.591776,732.421875,200000,0.0,0.0,0.0,2
845.0652097999991,1779881311.7891483,732.421875,200000,0.0,0.0,0.0,2
845.2809814000066,1779881312.0049193,732.421875,200000,0.0,0.0,0.0,2
845.4624793999974,1779881312.1864166,732.421875,200000,0.0,0.0,0.0,2
845.7017970000015,1779881312.4257362,732.421875,200000,0.0,0.0,0.0,2
845.8785055000044,1779881312.6024446,732.421875,200000,0.0,0.0,0.0,2
846.0635619999957,1779881312.7874994,732.421875,200000,0.0,0.0,0.0,2
846.6967981000053,1779881313.4207363,732.421875,200000,0.0,0.0,0.0,2
846.7017761000025,1779881313.425713,732.421875,200000,0.0,0.0,0.0,2
846.7052573999972,1779881313.4291947,732.421875,200000,0.0,0.0,0.0,2
846.8449285999959,1779881313.568866,732.421875,200000,0.0,0.0,0.0,2
847.0508581000031,1779881313.7747958,732.421875,200000,0.0,0.0,0.0,2
847.2531553000008,1779881313.9770925,732.421875,200000,0.0,0.0,0.0,2
847.5037171000004,1779881314.2276561,732.421875,200000,0.0,0.0,0.0,2
847.6725269000017,1779881314.3964643,732.421875,200000,0.0,0.0,0.0,2
847.8564764000039,1779881314.580414,732.421875,200000,0.0,0.0,0.0,2
848.0476920000074,1779881314.7716293,732.421875,200000,0.0,0.0,0.0,2
848.2737380000035,1779881314.9976761,732.421875,200000,0.0,0.0,0.0,2
848.4577381999989,1779881315.1816776,732.421875,200000,0.0,0.0,0.0,2
848.6378094999964,1779881315.3617485,732.421875,200000,0.0,0.0,0.0,2
848.8735624999972,1779881315.5975,732.421875,200000,0.0,0.0,0.0,2
849.2907899999991,1779881316.0147274,732.421875,200000,0.0,0.0,0.0,2
849.2951146999985,1779881316.0190523,732.421875,200000,0.0,0.0,0.0,2
849.4336393999984,1779881316.157579,732.421875,200000,0.0,0.0,0.0,2
849.6387101,1779881316.3626494,732.421875,200000,0.0,0.0,0.0,2
849.8422527000075,1779881316.5661898,732.421875,200000,0.0,0.0,0.0,2
850.077063100005,1779881316.8010023,732.421875,200000,0.0,0.0,0.0,2
850.2520776000019,1779881316.976015,732.421875,200000,0.0,0.0,0.0,2
850.4330788000079,1779881317.157017,732.421875,200000,0.0,0.0,0.0,2
850.6250867000053,1779881317.349025,732.421875,200000,0.0,0.0,0.0,2
850.8488718000008,1779881317.5728092,732.421875,200000,0.0,0.0,0.0,2
851.0317895000044,1779881317.7557275,732.421875,200000,0.0,0.0,0.0,2
851.231400100005,1779881317.9553394,732.421875,200000,0.0,0.0,0.0,2
851.4189407999947,1779881318.1428802,732.421875,200000,0.0,0.0,0.0,2
851.6334797000018,1779881318.3574193,732.421875,200000,0.0,0.0,0.0,2
851.8704547999951,1779881318.5943947,732.421875,200000,0.0,0.0,0.0,2
852.4084011999948,1779881319.1323392,732.421875,200000,0.0,0.0,0.0,2
852.4127781999996,1779881319.1367166,732.421875,200000,0.0,0.0,0.0,2
852.4971750999975,1779881319.2211123,732.421875,200000,0.0,0.0,0.0,2
852.6130166999938,1779881319.3369544,732.421875,200000,0.0,0.0,0.0,2
852.8289234999975,1779881319.5528612,732.421875,200000,0.0,0.0,0.0,2
853.0657652999944,1779881319.7897048,732.421875,200000,0.0,0.0,0.0,2
853.2490721000067,1779881319.973012,732.421875,200000,0.0,0.0,0.0,2
853.426546799994,1779881320.1504858,732.421875,200000,0.0,0.0,0.0,2
853.9472800999938,1779881320.6712174,732.421875,200000,0.0,0.0,0.0,2
853.9506802999967,1779881320.6746178,732.421875,200000,0.0,0.0,0.0,2
854.0199795999943,1779881320.743918,732.421875,200000,0.0,0.0,0.0,2
854.2125658000004,1779881320.9365034,732.421875,200000,0.0,0.0,0.0,2
854.4580310000019,1779881321.1819713,732.421875,200000,0.0,0.0,0.0,2
854.6285695999977,1779881321.3525078,732.421875,200000,0.0,0.0,0.0,2
854.8680509999976,1779881321.5919895,732.421875,200000,0.0,0.0,0.0,2
855.0463810999936,1779881321.7703197,732.421875,200000,0.0,0.0,0.0,2
855.2320770999941,1779881321.9560158,732.421875,200000,0.0,0.0,0.0,2
855.4137743000028,1779881322.1377146,732.421875,200000,0.0,0.0,0.0,2
855.601880000002,1779881322.3258178,732.421875,200000,0.0,0.0,0.0,2
855.822499700007,1779881322.546439,732.421875,200000,0.0,0.0,0.0,2
856.0066544000001,1779881322.7305915,732.421875,200000,0.0,0.0,0.0,2
856.5388986000034,1779881323.2628365,732.421875,200000,0.0,0.0,0.0,2
856.5440804999962,1779881323.268019,732.421875,200000,0.0,0.0,0.0,2
856.6068978999974,1779881323.330837,732.421875,200000,0.0,0.0,0.0,2
856.8120619999972,1779881323.536,732.421875,200000,0.0,0.0,0.0,2
857.025192400004,1779881323.7491298,732.421875,200000,0.0,0.0,0.0,2
857.2028635000024,1779881323.9268026,732.421875,200000,0.0,0.0,0.0,2
857.3823102000024,1779881324.1062481,732.421875,200000,0.0,0.0,0.0,2
858.0906656000006,1779881324.814603,732.421875,200000,0.0,0.0,0.0,2
858.0946119,1779881324.818549,732.421875,200000,0.0,0.0,0.0,2
858.0980670999998,1779881324.8220048,732.421875,200000,0.0,0.0,0.0,2
858.1925921000075,1779881324.9165316,732.421875,200000,0.0,0.0,0.0,2
858.4298091999954,1779881325.153749,732.421875,200000,0.0,0.0,0.0,2
858.5890145000012,1779881325.3129532,732.421875,200000,0.0,0.0,0.0,2
858.7774401000061,1779881325.5013793,732.421875,200000,0.0,0.0,0.0,2
859.0063336000021,1779881325.7302723,732.421875,200000,0.0,0.0,0.0,2
859.1790386000066,1779881325.9029763,732.421875,200000,0.0,0.0,0.0,2
859.4268443000037,1779881326.150783,732.421875,200000,0.0,0.0,0.0,2
859.5977853999939,1779881326.3217225,732.421875,200000,0.0,0.0,0.0,2
860.1722968999966,1779881326.8962393,732.421875,200000,0.0,0.0,0.0,2
860.1760505999991,1779881326.899988,732.421875,200000,0.0,0.0,0.0,2
860.1894169000007,1779881326.9133558,732.421875,200000,0.0,0.0,0.0,2
860.4245004999975,1779881327.148438,732.421875,200000,0.0,0.0,0.0,2
860.5640111999965,1779881327.28795,732.421875,200000,0.0,0.0,0.0,2
861.1813645999937,1779881327.9053028,732.421875,200000,0.0,0.0,0.0,2
861.1874437000079,1779881327.9113824,732.421875,200000,0.0,0.0,0.0,2
861.193245100003,1779881327.9171832,732.421875,200000,0.0,0.0,0.0,2
861.4602010999952,1779881328.1841397,732.421875,200000,0.0,0.0,0.0,2
861.5807065999979,1779881328.3046443,732.421875,200000,0.0,0.0,0.0,2
862.2160970999976,1779881328.9400349,732.421875,200000,0.0,0.0,0.0,2
862.2212593000004,1779881328.9451976,732.421875,200000,0.0,0.0,0.0,2
862.2266955999949,1779881328.9506338,732.421875,200000,0.0,0.0,0.0,2
862.411065799999,1779881329.1350033,732.421875,200000,0.0,0.0,0.0,2
862.5606527000054,1779881329.2845922,732.421875,200000,0.0,0.0,0.0,2
862.7644621000072,1779881329.4884007,732.421875,200000,0.0,0.0,0.0,2
862.9525144000072,1779881329.676453,732.421875,200000,0.0,0.0,0.0,2
863.1607730999967,1779881329.8847125,732.421875,200000,0.0,0.0,0.0,2
863.4009047,1779881330.1248434,732.421875,200000,0.0,0.0,0.0,2
863.6160247999942,1779881330.3399634,732.421875,200000,0.0,0.0,0.0,2
863.799980900003,1779881330.5239186,732.421875,200000,0.0,0.0,0.0,2
863.9758344000002,1779881330.6997721,732.421875,200000,0.0,0.0,0.0,2
864.1614090000076,1779881330.885347,732.421875,200000,0.0,0.0,0.0,2
864.3974581000075,1779881331.1213973,732.421875,200000,0.0,0.0,0.0,2
864.5496323999978,1779881331.2735705,732.421875,200000,0.0,0.0,0.0,2
864.818775000007,1779881331.5427146,732.421875,200000,0.0,0.0,0.0,2
865.3494188000041,1779881332.0733569,732.421875,200000,0.0,0.0,0.0,2
865.3540140999976,1779881332.077952,732.421875,200000,0.0,0.0,0.0,2
865.4046793000016,1779881332.1286168,732.421875,200000,0.0,0.0,0.0,2
865.5694378000044,1779881332.2933772,732.421875,200000,0.0,0.0,0.0,2
865.7736915999994,1779881332.497629,732.421875,200000,0.0,0.0,0.0,2
865.9466579,1779881332.6705956,732.421875,200000,0.0,0.0,0.0,2
866.143559300006,1779881332.8674982,732.421875,200000,0.0,0.0,0.0,2
866.3823524000036,1779881333.1062925,732.421875,200000,0.0,0.0,0.0,2
866.5510179999983,1779881333.2749567,732.421875,200000,0.0,0.0,0.0,2
866.7313759999961,1779881333.4553134,732.421875,200000,0.0,0.0,0.0,2
866.9417068000039,1779881333.6656458,732.421875,200000,0.0,0.0,0.0,2
867.4461593000015,1779881334.1700974,732.421875,200000,0.0,0.0,0.0,2
867.4507899000018,1779881334.174729,732.421875,200000,0.0,0.0,0.0,2
867.5320307999937,1779881334.2559693,732.421875,200000,0.0,0.0,0.0,2
867.7275928000017,1779881334.451531,732.421875,200000,0.0,0.0,0.0,2
867.9322644000058,1779881334.6562033,732.421875,200000,0.0,0.0,0.0,2
868.1678266999952,1779881334.8917644,732.421875,200000,0.0,0.0,0.0,2
868.4080689999973,1779881335.1320086,732.421875,200000,0.0,0.0,0.0,2
869.0018582000048,1779881335.7257957,732.421875,200000,0.0,0.0,0.0,2
869.006647999995,1779881335.7305868,732.421875,200000,0.0,0.0,0.0,2
869.012604699994,1779881335.736542,732.421875,200000,0.0,0.0,0.0,2
869.1300618999958,1779881335.8539996,732.421875,200000,0.0,0.0,0.0,2
869.3816780000052,1779881336.105616,732.421875,200000,0.0,0.0,0.0,2
869.5530826000031,1779881336.2770197,732.421875,200000,0.0,0.0,0.0,2
870.0745153000025,1779881336.798454,732.421875,200000,0.0,0.0,0.0,2
870.0805895999947,1779881336.8045273,732.421875,200000,0.0,0.0,0.0,2
870.126142699999,1779881336.850081,732.421875,200000,0.0,0.0,0.0,2
870.3565256000002,1779881337.0804636,732.421875,200000,0.0,0.0,0.0,2
870.5299444999982,1779881337.2538836,732.421875,200000,0.0,0.0,0.0,2
870.7499308999977,1779881337.4738684,732.421875,200000,0.0,0.0,0.0,2
870.9254359000042,1779881337.6493733,732.421875,200000,0.0,0.0,0.0,2
871.6252107000037,1779881338.3491478,732.421875,200000,0.0,0.0,0.0,2
871.6305003000016,1779881338.354438,732.421875,200000,0.0,0.0,0.0,2
871.636076499999,1779881338.3600147,732.421875,200000,0.0,0.0,0.0,2
871.7203755999944,1779881338.444313,732.421875,200000,0.0,0.0,0.0,2
871.937002000006,1779881338.6609395,732.421875,200000,0.0,0.0,0.0,2
872.1267630000075,1779881338.850702,732.421875,200000,0.0,0.0,0.0,2
872.3674004000059,1779881339.0913396,732.421875,200000,0.0,0.0,0.0,2
872.5050315999979,1779881339.228969,732.421875,200000,0.0,0.0,0.0,2
872.7182205999998,1779881339.442158,732.421875,200000,0.0,0.0,0.0,2
872.9057303000009,1779881339.6296692,732.421875,200000,0.0,0.0,0.0,2
873.1425170000002,1779881339.8664541,732.421875,200000,0.0,0.0,0.0,2
873.3387708999944,1779881340.0627096,732.421875,200000,0.0,0.0,0.0,2
873.5599496000068,1779881340.2838883,732.421875,200000,0.0,0.0,0.0,2
873.6891789999936,1779881340.4131174,732.421875,200000,0.0,0.0,0.0,2
873.9223767000076,1779881340.6463163,732.421875,200000,0.0,0.0,0.0,2
874.1085787000047,1779881340.8325183,732.421875,200000,0.0,0.0,0.0,2
874.3495060999994,1779881341.0734444,732.421875,200000,0.0,0.0,0.0,2
874.4885275999986,1779881341.212466,732.421875,200000,0.0,0.0,0.0,2
874.709580099996,1779881341.4335306,732.421875,200000,0.0,0.0,0.0,2
874.8871470000013,1779881341.611086,732.421875,200000,0.0,0.0,0.0,2
875.1192408000061,1779881341.8431795,732.421875,200000,0.0,0.0,0.0,2
875.3207445000007,1779881342.0446823,732.421875,200000,0.0,0.0,0.0,2
875.4818094000075,1779881342.2057471,732.421875,200000,0.0,0.0,0.0,2
875.7185987999983,1779881342.4425366,732.421875,200000,0.0,0.0,0.0,2
875.9026371999935,1779881342.626577,732.421875,200000,0.0,0.0,0.0,2
876.085926300002,1779881342.809865,732.421875,200000,0.0,0.0,0.0,2
876.3157513000042,1779881343.0396893,732.421875,200000,0.0,0.0,0.0,2
876.5020624000026,1779881343.2260008,732.421875,200000,0.0,0.0,0.0,2
876.6846340000047,1779881343.4085724,732.421875,200000,0.0,0.0,0.0,2
876.9247376999992,1779881343.6486757,732.421875,200000,0.0,0.0,0.0,2
877.072966000007,1779881343.7969034,732.421875,200000,0.0,0.0,0.0,2
877.3385154999996,1779881344.062456,732.421875,200000,0.0,0.0,0.0,2
877.9017731000058,1779881344.6257112,732.421875,200000,0.0,0.0,0.0,2
877.9068676000024,1779881344.6308064,732.421875,200000,0.0,0.0,0.0,2
877.9133569999976,1779881344.6372962,732.421875,200000,0.0,0.0,0.0,2
878.0725562000007,1779881344.796496,732.421875,200000,0.0,0.0,0.0,2
878.2905649000022,1779881345.0145037,732.421875,200000,0.0,0.0,0.0,2
878.486596600007,1779881345.210537,732.421875,200000,0.0,0.0,0.0,2
878.6750926999957,1779881345.3990319,732.421875,200000,0.0,0.0,0.0,2
878.8888582000072,1779881345.6127956,732.421875,200000,0.0,0.0,0.0,2
879.1458320999955,1779881345.869771,732.421875,200000,0.0,0.0,0.0,2
879.317575699999,1779881346.041515,732.421875,200000,0.0,0.0,0.0,2
879.4949138999946,1779881346.2188525,732.421875,200000,0.0,0.0,0.0,2
879.6724504000013,1779881346.3963878,732.421875,200000,0.0,0.0,0.0,2
879.9119744000054,1779881346.6359117,732.421875,200000,0.0,0.0,0.0,2
880.521808999998,1779881347.2457461,732.421875,200000,0.0,0.0,0.0,2
880.5278537999984,1779881347.2517939,732.421875,200000,0.0,0.0,0.0,2
880.5350575000048,1779881347.2589946,732.421875,200000,0.0,0.0,0.0,2
880.6819162000029,1779881347.405854,732.421875,200000,0.0,0.0,0.0,2
880.8830431999959,1779881347.6069841,732.421875,200000,0.0,0.0,0.0,2
881.0590085000003,1779881347.7829456,732.421875,200000,0.0,0.0,0.0,2
881.2965429000033,1779881348.0204823,732.421875,200000,0.0,0.0,0.0,2
881.471477900006,1779881348.1954157,732.421875,200000,0.0,0.0,0.0,2
881.6516795000061,1779881348.3756168,732.421875,200000,0.0,0.0,0.0,2
881.8844224000059,1779881348.6083596,732.421875,200000,0.0,0.0,0.0,2
882.0678990000015,1779881348.7918377,732.421875,200000,0.0,0.0,0.0,2
882.6227933000046,1779881349.3467317,732.421875,200000,0.0,0.0,0.0,2
882.6289432000049,1779881349.3528814,732.421875,200000,0.0,0.0,0.0,2
882.6708603000006,1779881349.3947985,732.421875,200000,0.0,0.0,0.0,2
882.8457815000002,1779881349.56972,732.421875,200000,0.0,0.0,0.0,2
883.0679047000012,1779881349.791844,732.421875,200000,0.0,0.0,0.0,2
883.2753517999954,1779881349.999291,732.421875,200000,0.0,0.0,0.0,2
883.3986998000037,1779881350.1226373,732.421875,200000,0.0,0.0,0.0,2
883.6434716000076,1779881350.3674095,732.421875,200000,0.0,0.0,0.0,2
884.150831100007,1779881350.874769,732.421875,200000,0.0,0.0,0.0,2
884.155943100006,1779881350.879881,732.421875,200000,0.0,0.0,0.0,2
884.2598240999941,1779881350.9837613,732.421875,200000,0.0,0.0,0.0,2
884.4539351999993,1779881351.1778736,732.421875,200000,0.0,0.0,0.0,2
884.6435629000043,1779881351.3675005,732.421875,200000,0.0,0.0,0.0,2
884.8439234999969,1779881351.567862,732.421875,200000,0.0,0.0,0.0,2
885.0324737000046,1779881351.7564132,732.421875,200000,0.0,0.0,0.0,2
885.2539180000022,1779881351.9778569,732.421875,200000,0.0,0.0,0.0,2
885.486367999998,1779881352.2103066,732.421875,200000,0.0,0.0,0.0,2
885.6694269,1779881352.3933673,732.421875,200000,0.0,0.0,0.0,2
885.8456870999944,1779881352.569626,732.421875,200000,0.0,0.0,0.0,2
886.0274154000072,1779881352.7513545,732.421875,200000,0.0,0.0,0.0,2
886.2659180000046,1779881352.9898567,732.421875,200000,0.0,0.0,0.0,2
886.4451117999997,1779881353.1690507,732.421875,200000,0.0,0.0,0.0,2
886.6271532999963,1779881353.3510926,732.421875,200000,0.0,0.0,0.0,2
886.8663008000003,1779881353.5902395,732.421875,200000,0.0,0.0,0.0,2
887.2969112999999,1779881354.020849,732.421875,200000,0.0,0.0,0.0,2
887.2991699999984,1779881354.023107,732.421875,200000,0.0,0.0,0.0,2
887.4274491999968,1779881354.1513875,732.421875,200000,0.0,0.0,0.0,2
887.6443784000003,1779881354.3683174,732.421875,200000,0.0,0.0,0.0,2
887.8784026000067,1779881354.6023412,732.421875,200000,0.0,0.0,0.0,2
888.0622863000026,1779881354.7862236,732.421875,200000,0.0,0.0,0.0,2
888.243294800006,1779881354.967233,732.421875,200000,0.0,0.0,0.0,2
888.4275374999997,1779881355.1514752,732.421875,200000,0.0,0.0,0.0,2
888.610296800005,1779881355.334235,732.421875,200000,0.0,0.0,0.0,2
888.8459906000062,1779881355.5699282,732.421875,200000,0.0,0.0,0.0,2
889.0206326000043,1779881355.7445707,732.421875,200000,0.0,0.0,0.0,2
889.2595249000005,1779881355.9834619,732.421875,200000,0.0,0.0,0.0,2
889.4387696000049,1779881356.1627085,732.421875,200000,0.0,0.0,0.0,2
889.6238260999962,1779881356.347764,732.421875,200000,0.0,0.0,0.0,2
889.8093270999962,1779881356.5332723,732.421875,200000,0.0,0.0,0.0,2
890.0419414000062,1779881356.7658803,732.421875,200000,0.0,0.0,0.0,2
890.2281325000076,1779881356.9520717,732.421875,200000,0.0,0.0,0.0,2
890.407206799995,1779881357.1311443,732.421875,200000,0.0,0.0,0.0,2
890.5988541999977,1779881357.3227923,732.421875,200000,0.0,0.0,0.0,2
890.8226260999945,1779881357.5465662,732.421875,200000,0.0,0.0,0.0,2
891.0140549000062,1779881357.7379942,732.421875,200000,0.0,0.0,0.0,2
891.2360902999935,1779881357.9600291,732.421875,200000,0.0,0.0,0.0,2
891.418928500003,1779881358.1428678,732.421875,200000,0.0,0.0,0.0,2
891.6100290000031,1779881358.333968,732.421875,200000,0.0,0.0,0.0,2
891.8376130999968,1779881358.5615504,732.421875,200000,0.0,0.0,0.0,2
892.435260600003,1779881359.1591995,732.421875,200000,0.0,0.0,0.0,2
892.4395697,1779881359.163508,732.421875,200000,0.0,0.0,0.0,2
892.4444934000057,1779881359.168431,732.421875,200000,0.0,0.0,0.0,2
892.5931710000004,1779881359.3171098,732.421875,200000,0.0,0.0,0.0,2
892.8579544999957,1779881359.5818934,732.421875,200000,0.0,0.0,0.0,2
893.0347705000022,1779881359.7587085,732.421875,200000,0.0,0.0,0.0,2
893.211870500003,1779881359.9358094,732.421875,200000,0.0,0.0,0.0,2
893.4025208999956,1779881360.126459,732.421875,200000,0.0,0.0,0.0,2
893.976251,1779881360.7001884,732.421875,200000,0.0,0.0,0.0,2
893.9811482000077,1779881360.7050865,732.421875,200000,0.0,0.0,0.0,2
894.0195774000022,1779881360.7435145,732.421875,200000,0.0,0.0,0.0,2
894.1951980000013,1779881360.9191363,732.421875,200000,0.0,0.0,0.0,2
894.3953838000016,1779881361.1193216,732.421875,200000,0.0,0.0,0.0,2
894.5868329999939,1779881361.3107722,732.421875,200000,0.0,0.0,0.0,2
894.7999264999962,1779881361.5238655,732.421875,200000,0.0,0.0,0.0,2
895.0161367999972,1779881361.7400753,732.421875,200000,0.0,0.0,0.0,2
895.5481298999948,1779881362.272068,732.421875,200000,0.0,0.0,0.0,2
895.552702800007,1779881362.2766404,732.421875,200000,0.0,0.0,0.0,2
895.5917693999945,1779881362.315708,732.421875,200000,0.0,0.0,0.0,2
895.7804322000011,1779881362.50437,732.421875,200000,0.0,0.0,0.0,2
895.9816740999959,1779881362.705613,732.421875,200000,0.0,0.0,0.0,2
896.211232600006,1779881362.9351711,732.421875,200000,0.0,0.0,0.0,2
896.3907136000053,1779881363.114652,732.421875,200000,0.0,0.0,0.0,2
896.5777482999983,1779881363.301686,732.421875,200000,0.0,0.0,0.0,2
896.7702142000053,1779881363.4941528,732.421875,200000,0.0,0.0,0.0,2
896.9885342000052,1779881363.7124732,732.421875,200000,0.0,0.0,0.0,2
897.610614499994,1779881364.3345528,732.421875,200000,0.0,0.0,0.0,2
897.6140904000058,1779881364.3380277,732.421875,200000,0.0,0.0,0.0,2
897.6202271999937,1779881364.3441658,732.421875,200000,0.0,0.0,0.0,2
897.7731196999957,1779881364.4970582,732.421875,200000,0.0,0.0,0.0,2
897.9664880000055,1779881364.6904273,732.421875,200000,0.0,0.0,0.0,2
898.1880687999947,1779881364.9120073,732.421875,200000,0.0,0.0,0.0,2
898.6649542999949,1779881365.3888924,732.421875,200000,0.0,0.0,0.0,2
898.6694303999975,1779881365.3933692,732.421875,200000,0.0,0.0,0.0,2
898.7577132000006,1779881365.4816515,732.421875,200000,0.0,0.0,0.0,2
898.9724559000024,1779881365.6963947,732.421875,200000,0.0,0.0,0.0,2
899.1578583999944,1779881365.8817966,732.421875,200000,0.0,0.0,0.0,2
899.391151799995,1779881366.11509,732.421875,200000,0.0,0.0,0.0,2
899.5667436999938,1779881366.290681,732.421875,200000,0.0,0.0,0.0,2
899.7624273999973,1779881366.4863656,732.421875,200000,0.0,0.0,0.0,2
899.9522271000023,1779881366.6761658,732.421875,200000,0.0,0.0,0.0,2
900.1673091999983,1779881366.891249,732.421875,200000,0.0,0.0,0.0,2
900.4004781999975,1779881367.1244173,732.421875,200000,0.0,0.0,0.0,2
900.5835425999976,1779881367.307481,732.421875,200000,0.0,0.0,0.0,2
900.7565446999943,1779881367.4804823,732.421875,200000,0.0,0.0,0.0,2
901.2814369999978,1779881368.005375,732.421875,200000,0.0,0.0,0.0,2
901.2858386000007,1779881368.0097783,732.421875,200000,0.0,0.0,0.0,2
901.3416616000031,1779881368.0655994,732.421875,200000,0.0,0.0,0.0,2
901.5538947000023,1779881368.2778323,732.421875,200000,0.0,0.0,0.0,2
901.775635900005,1779881368.4995732,732.421875,200000,0.0,0.0,0.0,2
901.9573590000073,1779881368.681296,732.421875,200000,0.0,0.0,0.0,2
902.1524524999986,1779881368.8763907,732.421875,200000,0.0,0.0,0.0,2
902.378118099994,1779881369.102056,732.421875,200000,0.0,0.0,0.0,2
902.5657785000076,1779881369.2897167,732.421875,200000,0.0,0.0,0.0,2
902.741663599998,1779881369.4656014,732.421875,200000,0.0,0.0,0.0,2
902.9380157999985,1779881369.6619542,732.421875,200000,0.0,0.0,0.0,2
903.1608950999944,1779881369.884834,732.421875,200000,0.0,0.0,0.0,2
903.335413599998,1779881370.059352,732.421875,200000,0.0,0.0,0.0,2
903.577166300005,1779881370.3011057,732.421875,200000,0.0,0.0,0.0,2
903.7562789999938,1779881370.480217,732.421875,200000,0.0,0.0,0.0,2
904.456360199998,1779881371.1802976,732.421875,200000,0.0,0.0,0.0,2
904.4612779000017,1779881371.185216,732.421875,200000,0.0,0.0,0.0,2
904.4696903000004,1779881371.1936283,732.421875,200000,0.0,0.0,0.0,2
904.5320608000038,1779881371.2559986,732.421875,200000,0.0,0.0,0.0,2
904.7305255999963,1779881371.4544644,732.421875,200000,0.0,0.0,0.0,2
904.9581624999992,1779881371.6821015,732.421875,200000,0.0,0.0,0.0,2
905.1352411999978,1779881371.859179,732.421875,200000,0.0,0.0,0.0,2
905.3212108000007,1779881372.0451498,732.421875,200000,0.0,0.0,0.0,2
905.5563473000075,1779881372.2802846,732.421875,200000,0.0,0.0,0.0,2
906.0308880999946,1779881372.7548254,732.421875,200000,0.0,0.0,0.0,2
906.0362343000015,1779881372.7601714,732.421875,200000,0.0,0.0,0.0,2
906.1239040000073,1779881372.847843,732.421875,200000,0.0,0.0,0.0,2
906.3349465000065,1779881373.0588856,732.421875,200000,0.0,0.0,0.0,2
906.5194463999942,1779881373.2433844,732.421875,200000,0.0,0.0,0.0,2
906.7507572000031,1779881373.4746962,732.421875,200000,0.0,0.0,0.0,2
906.9313747999986,1779881373.6553123,732.421875,200000,0.0,0.0,0.0,2
907.1066528999945,1779881373.8305905,732.421875,200000,0.0,0.0,0.0,2
907.6141153000062,1779881374.338054,732.421875,200000,0.0,0.0,0.0,2
907.6234750000003,1779881374.3474126,732.421875,200000,0.0,0.0,0.0,2
907.7090292000066,1779881374.4329674,732.421875,200000,0.0,0.0,0.0,2
907.9132460999972,1779881374.6371853,732.421875,200000,0.0,0.0,0.0,2
908.1041698000045,1779881374.8281078,732.421875,200000,0.0,0.0,0.0,2
908.3103372000041,1779881375.0342748,732.421875,200000,0.0,0.0,0.0,2
908.5527055999992,1779881375.2766438,732.421875,200000,0.0,0.0,0.0,2
908.7277536000038,1779881375.4516912,732.421875,200000,0.0,0.0,0.0,2
908.9146981999947,1779881375.6386359,732.421875,200000,0.0,0.0,0.0,2
909.1002920000028,1779881375.8242316,732.421875,200000,0.0,0.0,0.0,2
909.3032544000016,1779881376.0271926,732.421875,200000,0.0,0.0,0.0,2
909.5124565000006,1779881376.2363946,732.421875,200000,0.0,0.0,0.0,2
909.7005529000016,1779881376.4244933,732.421875,200000,0.0,0.0,0.0,2
909.9283682999958,1779881376.6523068,732.421875,200000,0.0,0.0,0.0,2
910.1113685000018,1779881376.8353071,732.421875,200000,0.0,0.0,0.0,2
910.7068071999965,1779881377.4307458,732.421875,200000,0.0,0.0,0.0,2
910.7124375999992,1779881377.4363766,732.421875,200000,0.0,0.0,0.0,2
910.7187110999948,1779881377.44265,732.421875,200000,0.0,0.0,0.0,2
910.8968702999991,1779881377.6208081,732.421875,200000,0.0,0.0,0.0,2
911.1215841999947,1779881377.8455222,732.421875,200000,0.0,0.0,0.0,2
911.3092601999961,1779881378.0331986,732.421875,200000,0.0,0.0,0.0,2
911.4906794999988,1779881378.214618,732.421875,200000,0.0,0.0,0.0,2
911.6667005000054,1779881378.3906388,732.421875,200000,0.0,0.0,0.0,2
912.2386726999976,1779881378.9626102,732.421875,200000,0.0,0.0,0.0,2
912.2410718000028,1779881378.965009,732.421875,200000,0.0,0.0,0.0,2
912.2929747000017,1779881379.0169132,732.421875,200000,0.0,0.0,0.0,2
912.4751932000072,1779881379.1991324,732.421875,200000,0.0,0.0,0.0,2
912.6927405000024,1779881379.416678,732.421875,200000,0.0,0.0,0.0,2
912.9282022999978,1779881379.6521418,732.421875,200000,0.0,0.0,0.0,2
913.1047927000036,1779881379.8287306,732.421875,200000,0.0,0.0,0.0,2
913.2884309999936,1779881380.0123687,732.421875,200000,0.0,0.0,0.0,2
913.8305449000036,1779881380.5544825,732.421875,200000,0.0,0.0,0.0,2
913.8331053000002,1779881380.5570424,732.421875,200000,0.0,0.0,0.0,2
913.8945215999993,1779881380.6184607,732.421875,200000,0.0,0.0,0.0,2
914.0821168999973,1779881380.806054,732.421875,200000,0.0,0.0,0.0,2
914.3063837999944,1779881381.0303216,732.421875,200000,0.0,0.0,0.0,2
914.4818530000048,1779881381.2057915,732.421875,200000,0.0,0.0,0.0,2
914.7233813000057,1779881381.4473195,732.421875,200000,0.0,0.0,0.0,2
914.9019127000065,1779881381.6258507,732.421875,200000,0.0,0.0,0.0,2
915.0812060000026,1779881381.8051445,732.421875,200000,0.0,0.0,0.0,2
915.2619854000077,1779881381.9859235,732.421875,200000,0.0,0.0,0.0,2
915.466465999998,1779881382.1904042,732.421875,200000,0.0,0.0,0.0,2
915.6802515000018,1779881382.40419,732.421875,200000,0.0,0.0,0.0,2
915.9198250000045,1779881382.6437626,732.421875,200000,0.0,0.0,0.0,2
916.4591095000069,1779881383.1830478,732.421875,200000,0.0,0.0,0.0,2
916.4632197000028,1779881383.1871574,732.421875,200000,0.0,0.0,0.0,2
916.5038695999974,1779881383.2278078,732.421875,200000,0.0,0.0,0.0,2
916.6598506000009,1779881383.3837917,732.421875,200000,0.0,0.0,0.0,2
916.8697345999972,1779881383.593673,732.421875,200000,0.0,0.0,0.0,2
917.0638352999958,1779881383.7877755,732.421875,200000,0.0,0.0,0.0,2
917.2623549999989,1779881383.9862933,732.421875,200000,0.0,0.0,0.0,2
917.4468153000053,1779881384.1707535,732.421875,200000,0.0,0.0,0.0,2
917.6667436999996,1779881384.3906813,732.421875,200000,0.0,0.0,0.0,2
917.9000098999968,1779881384.6239483,732.421875,200000,0.0,0.0,0.0,2
918.0742583999963,1779881384.7981963,732.421875,200000,0.0,0.0,0.0,2
918.2545366999984,1779881384.978475,732.421875,200000,0.0,0.0,0.0,2
918.4931431000005,1779881385.217083,732.421875,200000,0.0,0.0,0.0,2
919.0516697999992,1779881385.775607,732.421875,200000,0.0,0.0,0.0,2
919.0548235000024,1779881385.7787611,732.421875,200000,0.0,0.0,0.0,2
919.0965677000058,1779881385.820507,732.421875,200000,0.0,0.0,0.0,2
919.2535854000016,1779881385.9775226,732.421875,200000,0.0,0.0,0.0,2
919.4523454000009,1779881386.1762848,732.421875,200000,0.0,0.0,0.0,2
919.6434975000011,1779881386.367435,732.421875,200000,0.0,0.0,0.0,2
919.8761481999973,1779881386.6000874,732.421875,200000,0.0,0.0,0.0,2
920.0556091000035,1779881386.7795527,732.421875,200000,0.0,0.0,0.0,2
921.100806100003,1779881387.8247452,732.421875,200000,0.0,0.0,0.0,2
921.1098692999949,1779881387.833807,732.421875,200000,0.0,0.0,0.0,2
921.133845400007,1779881387.8577836,732.421875,200000,0.0,0.0,0.0,2
921.139989999996,1779881387.863928,732.421875,200000,0.0,0.0,0.0,2
921.1444939000066,1779881387.868433,732.421875,200000,0.0,0.0,0.0,2
921.2255758999963,1779881387.9495137,732.421875,200000,0.0,0.0,0.0,2
921.4348281999992,1779881388.158767,732.421875,200000,0.0,0.0,0.0,2
921.6293428000063,1779881388.353283,732.421875,200000,0.0,0.0,0.0,2
922.1478449999995,1779881388.8717823,732.421875,200000,0.0,0.0,0.0,2
922.1555492000043,1779881388.8794882,732.421875,200000,0.0,0.0,0.0,2
922.2382732999977,1779881388.9622123,732.421875,200000,0.0,0.0,0.0,2
922.4473895999981,1779881389.1713283,732.421875,200000,0.0,0.0,0.0,2
922.6363810000039,1779881389.3603208,732.421875,200000,0.0,0.0,0.0,2
922.8198859999975,1779881389.543824,732.421875,200000,0.0,0.0,0.0,2
923.049832699995,1779881389.7737703,732.421875,200000,0.0,0.0,0.0,2
923.2358917999954,1779881389.9598312,732.421875,200000,0.0,0.0,0.0,2
923.7037328000006,1779881390.4276712,732.421875,200000,0.0,0.0,0.0,2
923.7106751999963,1779881390.4346128,732.421875,200000,0.0,0.0,0.0,2
923.8110598000058,1779881390.5349984,732.421875,200000,0.0,0.0,0.0,2
924.0195685000072,1779881390.743507,732.421875,200000,0.0,0.0,0.0,2
924.2070371000009,1779881390.9309747,732.421875,200000,0.0,0.0,0.0,2
924.4299895000004,1779881391.1539292,732.421875,200000,0.0,0.0,0.0,2
924.6165525999968,1779881391.340491,732.421875,200000,0.0,0.0,0.0,2
924.8112724999955,1779881391.5352108,732.421875,200000,0.0,0.0,0.0,2
925.0274799000035,1779881391.7514174,732.421875,200000,0.0,0.0,0.0,2
925.2636615999945,1779881391.9876003,732.421875,200000,0.0,0.0,0.0,2
925.412508399997,1779881392.1364474,732.421875,200000,0.0,0.0,0.0,2
925.6282988000021,1779881392.3522372,732.421875,200000,0.0,0.0,0.0,2
925.8626279000018,1779881392.5865672,732.421875,200000,0.0,0.0,0.0,2
926.0432276000065,1779881392.7671652,732.421875,200000,0.0,0.0,0.0,2
926.2209873999964,1779881392.9449267,732.421875,200000,0.0,0.0,0.0,2
926.4045293999952,1779881393.1284685,732.421875,200000,0.0,0.0,0.0,2
926.6023138000019,1779881393.3262522,732.421875,200000,0.0,0.0,0.0,2
926.8212444999954,1779881393.545182,732.421875,200000,0.0,0.0,0.0,2
927.3037893000001,1779881394.0277276,732.421875,200000,0.0,0.0,0.0,2
927.3106912999938,1779881394.0346298,732.421875,200000,0.0,0.0,0.0,2
927.3992552999989,1779881394.1231935,732.421875,200000,0.0,0.0,0.0,2
927.6023132999981,1779881394.326252,732.421875,200000,0.0,0.0,0.0,2
927.7938435999968,1779881394.517782,732.421875,200000,0.0,0.0,0.0,2
928.029967399998,1779881394.753906,732.421875,200000,0.0,0.0,0.0,2
928.2031722999964,1779881394.927111,732.421875,200000,0.0,0.0,0.0,2
928.3894790000049,1779881395.1134222,732.421875,200000,0.0,0.0,0.0,2
928.6202909999993,1779881395.3442302,732.421875,200000,0.0,0.0,0.0,2
928.8034966999985,1779881395.527436,732.421875,200000,0.0,0.0,0.0,2
928.985403300001,1779881395.7093408,732.421875,200000,0.0,0.0,0.0,2
929.2196158000006,1779881395.943555,732.421875,200000,0.0,0.0,0.0,2
929.4049432000029,1779881396.1288826,732.421875,200000,0.0,0.0,0.0,2
929.5871005999943,1779881396.3110397,732.421875,200000,0.0,0.0,0.0,2
929.8247004000004,1779881396.5486393,732.421875,200000,0.0,0.0,0.0,2
930.0020862999954,1779881396.7260249,732.421875,200000,0.0,0.0,0.0,2
930.240553399999,1779881396.9644926,732.421875,200000,0.0,0.0,0.0,2
930.4210607999994,1779881397.1450005,732.421875,200000,0.0,0.0,0.0,2
930.5950583999947,1779881397.3189962,732.421875,200000,0.0,0.0,0.0,2
930.7823577999952,1779881397.506297,732.421875,200000,0.0,0.0,0.0,2
930.9806806999986,1779881397.7046185,732.421875,200000,0.0,0.0,0.0,2
931.1762101000058,1779881397.9001496,732.421875,200000,0.0,0.0,0.0,2
931.3865220000007,1779881398.110461,732.421875,200000,0.0,0.0,0.0,2
931.6148360999941,1779881398.3387737,732.421875,200000,0.0,0.0,0.0,2
931.8038662000035,1779881398.5278037,732.421875,200000,0.0,0.0,0.0,2
931.9789702999988,1779881398.7029085,732.421875,200000,0.0,0.0,0.0,2
932.2160710000026,1779881398.940009,732.421875,200000,0.0,0.0,0.0,2
932.3981975000061,1779881399.122136,732.421875,200000,0.0,0.0,0.0,2
932.5730563999969,1779881399.2969937,732.421875,200000,0.0,0.0,0.0,2
932.7634794000041,1779881399.487418,732.421875,200000,0.0,0.0,0.0,2
932.997219900004,1779881399.721157,732.421875,200000,0.0,0.0,0.0,2
933.1823338999966,1779881399.9062734,732.421875,200000,0.0,0.0,0.0,2
933.4194814999937,1779881400.1434188,732.421875,200000,0.0,0.0,0.0,2
933.5918972999934,1779881400.3158355,732.421875,200000,0.0,0.0,0.0,2
933.7765199999994,1779881400.5004833,732.421875,200000,0.0,0.0,0.0,2
933.957055100007,1779881400.6809945,732.421875,200000,0.0,0.0,0.0,2
934.1490456000029,1779881400.8729846,732.421875,200000,0.0,0.0,0.0,2
934.3742458000052,1779881401.0981846,732.421875,200000,0.0,0.0,0.0,2
934.5623054000025,1779881401.2862434,732.421875,200000,0.0,0.0,0.0,2
935.0335384000064,1779881401.757477,732.421875,200000,0.0,0.0,0.0,2
935.0393706000032,1779881401.7633095,732.421875,200000,0.0,0.0,0.0,2
935.1540441999969,1779881401.8779821,732.421875,200000,0.0,0.0,0.0,2
935.345825700002,1779881402.0697641,732.421875,200000,0.0,0.0,0.0,2
935.5743687000067,1779881402.2983081,732.421875,200000,0.0,0.0,0.0,2
935.7553503999952,1779881402.4792898,732.421875,200000,0.0,0.0,0.0,2
935.9937841000065,1779881402.717723,732.421875,200000,0.0,0.0,0.0,2
936.1752998000011,1779881402.8992379,732.421875,200000,0.0,0.0,0.0,2
936.4158148999995,1779881403.139754,732.421875,200000,0.0,0.0,0.0,2
936.5365554000018,1779881403.2604935,732.421875,200000,0.0,0.0,0.0,2
936.775676300007,1779881403.4996142,732.421875,200000,0.0,0.0,0.0,2
936.9488316000061,1779881403.67277,732.421875,200000,0.0,0.0,0.0,2
937.1420761000045,1779881403.8660138,732.421875,200000,0.0,0.0,0.0,2
937.3385925000039,1779881404.0625303,732.421875,200000,0.0,0.0,0.0,2
937.5559038000065,1779881404.279843,732.421875,200000,0.0,0.0,0.0,2
937.7879981000006,1779881404.5119367,732.421875,200000,0.0,0.0,0.0,2
937.9717907000013,1779881404.6957297,732.421875,200000,0.0,0.0,0.0,2
938.1515712999972,1779881404.87551,732.421875,200000,0.0,0.0,0.0,2
938.3891449000075,1779881405.113084,732.421875,200000,0.0,0.0,0.0,2
938.570415299997,1779881405.2943537,732.421875,200000,0.0,0.0,0.0,2
939.1672426000005,1779881405.89118,732.421875,200000,0.0,0.0,0.0,2
939.1711221000005,1779881405.895061,732.421875,200000,0.0,0.0,0.0,2
939.1759769000055,1779881405.8999155,732.421875,200000,0.0,0.0,0.0,2
939.3705224000005,1779881406.0944612,732.421875,200000,0.0,0.0,0.0,2
939.5844041999953,1779881406.3083427,732.421875,200000,0.0,0.0,0.0,2
939.7684128999972,1779881406.492351,732.421875,200000,0.0,0.0,0.0,2
939.9499185000022,1779881406.673857,732.421875,200000,0.0,0.0,0.0,2
940.1319064999989,1779881406.8558452,732.421875,200000,0.0,0.0,0.0,2
940.4323263999977,1779881407.1562634,732.421875,200000,0.0,0.0,0.0,2
940.5458868999995,1779881407.2698252,732.421875,200000,0.0,0.0,0.0,2
941.2436028999946,1779881407.9675407,732.421875,200000,0.0,0.0,0.0,2
941.2467789000075,1779881407.9707162,732.421875,200000,0.0,0.0,0.0,2
941.252084000007,1779881407.976022,732.421875,200000,0.0,0.0,0.0,2
941.3715290999971,1779881408.0954669,732.421875,200000,0.0,0.0,0.0,2
941.5221575000032,1779881408.246097,732.421875,200000,0.0,0.0,0.0,2
941.7419920999964,1779881408.4659302,732.421875,200000,0.0,0.0,0.0,2
941.9248496000073,1779881408.6487877,732.421875,200000,0.0,0.0,0.0,2
942.110826899996,1779881408.834765,732.421875,200000,0.0,0.0,0.0,2
942.3475635000068,1779881409.0715008,732.421875,200000,0.0,0.0,0.0,2
942.5220819999959,1779881409.2460208,732.421875,200000,0.0,0.0,0.0,2
942.7114822000003,1779881409.4354208,732.421875,200000,0.0,0.0,0.0,2
942.9435943999997,1779881409.6675334,732.421875,200000,0.0,0.0,0.0,2
943.1193410999986,1779881409.84328,732.421875,200000,0.0,0.0,0.0,2
943.3688770000008,1779881410.0928183,732.421875,200000,0.0,0.0,0.0,2
943.4912598999945,1779881410.215198,732.421875,200000,0.0,0.0,0.0,2
943.7200389000063,1779881410.443978,732.421875,200000,0.0,0.0,0.0,2
943.9020874999987,1779881410.626025,732.421875,200000,0.0,0.0,0.0,2
944.0988660000003,1779881410.822804,732.421875,200000,0.0,0.0,0.0,2
944.3403246999951,1779881411.064263,732.421875,200000,0.0,0.0,0.0,2
944.4970341000007,1779881411.2209716,732.421875,200000,0.0,0.0,0.0,2
944.7414524000051,1779881411.4653912,732.421875,200000,0.0,0.0,0.0,2
944.9145118000015,1779881411.6384506,732.421875,200000,0.0,0.0,0.0,2
945.0978678999963,1779881411.8218055,732.421875,200000,0.0,0.0,0.0,2
945.3431987000076,1779881412.067137,732.421875,200000,0.0,0.0,0.0,2
945.5173956000071,1779881412.2413342,732.421875,200000,0.0,0.0,0.0,2
945.7021913000062,1779881412.4261298,732.421875,200000,0.0,0.0,0.0,2
945.8843852999998,1779881412.608323,732.421875,200000,0.0,0.0,0.0,2
946.0864340999979,1779881412.8103728,732.421875,200000,0.0,0.0,0.0,2
946.3246765999938,1779881413.0486162,732.421875,200000,0.0,0.0,0.0,2
946.4844710000034,1779881413.2084098,732.421875,200000,0.0,0.0,0.0,2
946.6755539000005,1779881413.3994932,732.421875,200000,0.0,0.0,0.0,2
946.899235799996,1779881413.6231782,732.421875,200000,0.0,0.0,0.0,2
947.0832768999971,1779881413.8072145,732.421875,200000,0.0,0.0,0.0,2
947.3805251000013,1779881414.104465,732.421875,200000,0.0,0.0,0.0,2
947.4956233999983,1779881414.2195625,732.421875,200000,0.0,0.0,0.0,2
947.6859850000037,1779881414.4099238,732.421875,200000,0.0,0.0,0.0,2
947.8733020000072,1779881414.5972397,732.421875,200000,0.0,0.0,0.0,2
948.0935188000003,1779881414.8174582,732.421875,200000,0.0,0.0,0.0,2
948.3365607000014,1779881415.0605,732.421875,200000,0.0,0.0,0.0,2
948.5184982000064,1779881415.2424371,732.421875,200000,0.0,0.0,0.0,2
949.0746467999998,1779881415.7985852,732.421875,200000,0.0,0.0,0.0,2
949.0803537000029,1779881415.8042915,732.421875,200000,0.0,0.0,0.0,2
949.1106973999995,1779881415.834635,732.421875,200000,0.0,0.0,0.0,2
949.3035430000018,1779881416.027482,732.421875,200000,0.0,0.0,0.0,2
949.4619195999985,1779881416.1858582,732.421875,200000,0.0,0.0,0.0,2
950.1130860999983,1779881416.8370235,732.421875,200000,0.0,0.0,0.0,2
950.1160234999988,1779881416.839961,732.421875,200000,0.0,0.0,0.0,2
950.1202743000031,1779881416.8442125,732.421875,200000,0.0,0.0,0.0,2
950.3019783000054,1779881417.0259173,732.421875,200000,0.0,0.0,0.0,2
950.4562566999957,1779881417.1801968,732.421875,200000,0.0,0.0,0.0,2
950.6640227000025,1779881417.387961,732.421875,200000,0.0,0.0,0.0,2
950.869374700007,1779881417.5933127,732.421875,200000,0.0,0.0,0.0,2
951.0586839000025,1779881417.782623,732.421875,200000,0.0,0.0,0.0,2
951.3037268000044,1779881418.027667,732.421875,200000,0.0,0.0,0.0,2
951.4533603000018,1779881418.1773,732.421875,200000,0.0,0.0,0.0,2
951.6687968000042,1779881418.3927348,732.421875,200000,0.0,0.0,0.0,2
951.8789857999946,1779881418.6029253,732.421875,200000,0.0,0.0,0.0,2
952.0586845000071,1779881418.7826235,732.421875,200000,0.0,0.0,0.0,2
952.296150299997,1779881419.0200903,732.421875,200000,0.0,0.0,0.0,2
952.4541049999971,1779881419.1780438,732.421875,200000,0.0,0.0,0.0,2
952.6374366999953,1779881419.3613741,732.421875,200000,0.0,0.0,0.0,2
952.8574091000046,1779881419.5813465,732.421875,200000,0.0,0.0,0.0,2
953.0671304999996,1779881419.7910702,732.421875,200000,0.0,0.0,0.0,2
953.7118706000037,1779881420.4358094,732.421875,200000,0.0,0.0,0.0,2
953.7226064999995,1779881420.4465458,732.421875,200000,0.0,0.0,0.0,2
953.7325658000045,1779881420.456505,732.421875,200000,0.0,0.0,0.0,2
953.8433010000008,1779881420.5672393,732.421875,200000,0.0,0.0,0.0,2
954.0330730999995,1779881420.7570121,732.421875,200000,0.0,0.0,0.0,2
954.2741814000037,1779881420.9981196,732.421875,200000,0.0,0.0,0.0,2
954.444877300004,1779881421.168815,732.421875,200000,0.0,0.0,0.0,2
954.6902448000037,1779881421.4141834,732.421875,200000,0.0,0.0,0.0,2
954.861908100007,1779881421.5858471,732.421875,200000,0.0,0.0,0.0,2
955.0541555999953,1779881421.7780948,732.421875,200000,0.0,0.0,0.0,2
955.2925038999965,1779881422.0164425,732.421875,200000,0.0,0.0,0.0,2
955.4324947999994,1779881422.156434,732.421875,200000,0.0,0.0,0.0,2
955.6431287000014,1779881422.3670673,732.421875,200000,0.0,0.0,0.0,2
955.8331500000058,1779881422.557089,732.421875,200000,0.0,0.0,0.0,2
956.0206451999984,1779881422.7445848,732.421875,200000,0.0,0.0,0.0,2
956.2576605000068,1779881422.9815977,732.421875,200000,0.0,0.0,0.0,2
956.4276146000047,1779881423.1515539,732.421875,200000,0.0,0.0,0.0,2
956.6702510000032,1779881423.39419,732.421875,200000,0.0,0.0,0.0,2
956.8129347000067,1779881423.5368738,732.421875,200000,0.0,0.0,0.0,2
957.0276888999942,1779881423.7516277,732.421875,200000,0.0,0.0,0.0,2
957.2583507999952,1779881423.9822893,732.421875,200000,0.0,0.0,0.0,2
957.4446368000063,1779881424.1685746,732.421875,200000,0.0,0.0,0.0,2
957.6198280999961,1779881424.343766,732.421875,200000,0.0,0.0,0.0,2
957.8243847999984,1779881424.5483248,732.421875,200000,0.0,0.0,0.0,2
958.0062625999999,1779881424.7302005,732.421875,200000,0.0,0.0,0.0,2
958.2510837000009,1779881424.9750235,732.421875,200000,0.0,0.0,0.0,2
958.4297564000008,1779881425.153696,732.421875,200000,0.0,0.0,0.0,2
958.6091204999975,1779881425.3330584,732.421875,200000,0.0,0.0,0.0,2
958.8245317999972,1779881425.54847,732.421875,200000,0.0,0.0,0.0,2
959.0068996000045,1779881425.7308385,732.421875,200000,0.0,0.0,0.0,2
959.2356954999996,1779881425.9596345,732.421875,200000,0.0,0.0,0.0,2
959.4165678999998,1779881426.1405058,732.421875,200000,0.0,0.0,0.0,2
959.9727566000074,1779881426.6966965,732.421875,200000,0.0,0.0,0.0,2
959.9885848999984,1779881426.7125235,732.421875,200000,0.0,0.0,0.0,2
960.0662835999974,1779881426.790221,732.421875,200000,0.0,0.0,0.0,2
960.213211299997,1779881426.9371505,732.421875,200000,0.0,0.0,0.0,2
960.3876476000005,1779881427.1115844,732.421875,200000,0.0,0.0,0.0,2
960.6279100999964,1779881427.351849,732.421875,200000,0.0,0.0,0.0,2
960.7849992999982,1779881427.5089371,732.421875,200000,0.0,0.0,0.0,2
961.044676000005,1779881427.7686143,732.421875,200000,0.0,0.0,0.0,2
961.2189814000012,1779881427.9429207,732.421875,200000,0.0,0.0,0.0,2
961.3961959000007,1779881428.1201339,732.421875,200000,0.0,0.0,0.0,2
961.6365131000057,1779881428.3604505,732.421875,200000,0.0,0.0,0.0,2
961.8134752000042,1779881428.5374134,732.421875,200000,0.0,0.0,0.0,2
961.9984276000032,1779881428.722366,732.421875,200000,0.0,0.0,0.0,2
962.2339020999934,1779881428.95784,732.421875,200000,0.0,0.0,0.0,2
962.3761230999953,1779881429.1000626,732.421875,200000,0.0,0.0,0.0,2
962.5911035000026,1779881429.3150413,732.421875,200000,0.0,0.0,0.0,2
962.7822931999981,1779881429.5062325,732.421875,200000,0.0,0.0,0.0,2
962.9808240999992,1779881429.7047627,732.421875,200000,0.0,0.0,0.0,2
963.2035576000053,1779881429.9274974,732.421875,200000,0.0,0.0,0.0,2
963.3897001000005,1779881430.1136394,732.421875,200000,0.0,0.0,0.0,2
963.6214310000069,1779881430.3453689,732.421875,200000,0.0,0.0,0.0,2
964.146029800002,1779881430.8699684,732.421875,200000,0.0,0.0,0.0,2
964.1512193999952,1779881430.8751569,732.421875,200000,0.0,0.0,0.0,2
964.1937308000051,1779881430.9176688,732.421875,200000,0.0,0.0,0.0,2
964.379239700007,1779881431.103179,732.421875,200000,0.0,0.0,0.0,2
964.5672895000025,1779881431.2912285,732.421875,200000,0.0,0.0,0.0,2
964.7747442999971,1779881431.4986832,732.421875,200000,0.0,0.0,0.0,2
964.9677198999998,1779881431.691659,732.421875,200000,0.0,0.0,0.0,2
965.188725,1779881431.912665,732.421875,200000,0.0,0.0,0.0,2
965.3703393000033,1779881432.094279,732.421875,200000,0.0,0.0,0.0,2
965.5683816999954,1779881432.2923198,732.421875,200000,0.0,0.0,0.0,2
965.7603319000045,1779881432.4842703,732.421875,200000,0.0,0.0,0.0,2
965.9713381000038,1779881432.695276,732.421875,200000,0.0,0.0,0.0,2
966.1723143999989,1779881432.8962548,732.421875,200000,0.0,0.0,0.0,2
966.3642729999992,1779881433.088213,732.421875,200000,0.0,0.0,0.0,2
966.5540492,1779881433.277987,732.421875,200000,0.0,0.0,0.0,2
966.7763018999976,1779881433.5002398,732.421875,200000,0.0,0.0,0.0,2
966.9638309000002,1779881433.6877716,732.421875,200000,0.0,0.0,0.0,2
967.171382200002,1779881433.8953192,732.421875,200000,0.0,0.0,0.0,2
967.364144799998,1779881434.0880845,732.421875,200000,0.0,0.0,0.0,2
967.5521651000017,1779881434.2761047,732.421875,200000,0.0,0.0,0.0,2
967.7667382999934,1779881434.4906769,732.421875,200000,0.0,0.0,0.0,2
967.990569600006,1779881434.7145092,732.421875,200000,0.0,0.0,0.0,2
968.1778051000001,1779881434.9017453,732.421875,200000,0.0,0.0,0.0,2
968.3471733000042,1779881435.0711117,732.421875,200000,0.0,0.0,0.0,2
968.5627198000002,1779881435.286658,732.421875,200000,0.0,0.0,0.0,2
968.7752195000066,1779881435.4991596,732.421875,200000,0.0,0.0,0.0,2
968.951634099998,1779881435.6755726,732.421875,200000,0.0,0.0,0.0,2
969.1477607999987,1779881435.8716989,732.421875,200000,0.0,0.0,0.0,2
969.3638282000029,1779881436.0877674,732.421875,200000,0.0,0.0,0.0,2
969.5513859000057,1779881436.2753243,732.421875,200000,0.0,0.0,0.0,2
969.7370024999982,1779881436.4609408,732.421875,200000,0.0,0.0,0.0,2
969.9603689000069,1779881436.6843083,732.421875,200000,0.0,0.0,0.0,2
970.4241355999984,1779881437.1480744,732.421875,200000,0.0,0.0,0.0,2
970.4341024000023,1779881437.1580412,732.421875,200000,0.0,0.0,0.0,2
970.5397576999967,1779881437.2636955,732.421875,200000,0.0,0.0,0.0,2
970.735814700005,1779881437.4597533,732.421875,200000,0.0,0.0,0.0,2
970.9344509000075,1779881437.6583896,732.421875,200000,0.0,0.0,0.0,2
971.1687116999965,1779881437.8926497,732.421875,200000,0.0,0.0,0.0,2
971.3411171000043,1779881438.0650551,732.421875,200000,0.0,0.0,0.0,2
971.5299941999983,1779881438.2539341,732.421875,200000,0.0,0.0,0.0,2
971.7585158000002,1779881438.4824548,732.421875,200000,0.0,0.0,0.0,2
971.9385346000054,1779881438.6624722,732.421875,200000,0.0,0.0,0.0,2
972.1259587999957,1779881438.8498967,732.421875,200000,0.0,0.0,0.0,2
972.319488299996,1779881439.0434268,732.421875,200000,0.0,0.0,0.0,2
972.5416689999984,1779881439.2656078,732.421875,200000,0.0,0.0,0.0,2
972.7287964999996,1779881439.4527361,732.421875,200000,0.0,0.0,0.0,2
972.9240501000022,1779881439.6479883,732.421875,200000,0.0,0.0,0.0,2
973.1521114000061,1779881439.8760517,732.421875,200000,0.0,0.0,0.0,2
973.3790669000009,1779881440.1030047,732.421875,200000,0.0,0.0,0.0,2
973.5202974999993,1779881440.2442362,732.421875,200000,0.0,0.0,0.0,2
973.7199593999976,1779881440.4438987,732.421875,200000,0.0,0.0,0.0,2
973.9198334999965,1779881440.6437724,732.421875,200000,0.0,0.0,0.0,2
974.152672199998,1779881440.8766098,732.421875,200000,0.0,0.0,0.0,2
974.3384850000002,1779881441.062423,732.421875,200000,0.0,0.0,0.0,2
974.5161604000023,1779881441.2400978,732.421875,200000,0.0,0.0,0.0,2
975.0741625999945,1779881441.7981005,732.421875,200000,0.0,0.0,0.0,2
975.0795515000063,1779881441.8034892,732.421875,200000,0.0,0.0,0.0,2
975.1240636000002,1779881441.8480012,732.421875,200000,0.0,0.0,0.0,2
975.3204718000052,1779881442.0444124,732.421875,200000,0.0,0.0,0.0,2
975.5115570000053,1779881442.2354968,732.421875,200000,0.0,0.0,0.0,2
975.7840987999953,1779881442.5080376,732.421875,200000,0.0,0.0,0.0,2
975.9558649999963,1779881442.6798038,732.421875,200000,0.0,0.0,0.0,2
976.1399410000013,1779881442.86388,732.421875,200000,0.0,0.0,0.0,2
976.6410501000064,1779881443.3649874,732.421875,200000,0.0,0.0,0.0,2
976.6435813999997,1779881443.3675187,732.421875,200000,0.0,0.0,0.0,2
976.709107799994,1779881443.4330473,732.421875,200000,0.0,0.0,0.0,2
976.8951426999993,1779881443.6190815,732.421875,200000,0.0,0.0,0.0,2
977.1113406999939,1779881443.8352783,732.421875,200000,0.0,0.0,0.0,2
977.3395011999964,1779881444.0634408,732.421875,200000,0.0,0.0,0.0,2
977.5113716000051,1779881444.2353096,732.421875,200000,0.0,0.0,0.0,2
977.6933826000022,1779881444.417321,732.421875,200000,0.0,0.0,0.0,2
977.9341175000009,1779881444.6580567,732.421875,200000,0.0,0.0,0.0,2
978.1090096999978,1779881444.8329482,732.421875,200000,0.0,0.0,0.0,2
978.2964928000001,1779881445.0204308,732.421875,200000,0.0,0.0,0.0,2
978.5259052000038,1779881445.2498431,732.421875,200000,0.0,0.0,0.0,2
978.7178482000018,1779881445.4417884,732.421875,200000,0.0,0.0,0.0,2
978.8955844000011,1779881445.6195235,732.421875,200000,0.0,0.0,0.0,2
979.1288463999954,1779881445.8527849,732.421875,200000,0.0,0.0,0.0,2
979.3136597999983,1779881446.0375986,732.421875,200000,0.0,0.0,0.0,2
979.4896945999935,1779881446.2136338,732.421875,200000,0.0,0.0,0.0,2
979.7317681999994,1779881446.455707,732.421875,200000,0.0,0.0,0.0,2
979.9091885999951,1779881446.6331275,732.421875,200000,0.0,0.0,0.0,2
980.0901902000041,1779881446.8141286,732.421875,200000,0.0,0.0,0.0,2
980.2775031000056,1779881447.0014417,732.421875,200000,0.0,0.0,0.0,2
980.5130149000033,1779881447.2369528,732.421875,200000,0.0,0.0,0.0,2
980.6874900999974,1779881447.4114285,732.421875,200000,0.0,0.0,0.0,2
980.8813316000014,1779881447.6052697,732.421875,200000,0.0,0.0,0.0,2
981.1122421000036,1779881447.8361812,732.421875,200000,0.0,0.0,0.0,2
981.2874138000043,1779881448.0113533,732.421875,200000,0.0,0.0,0.0,2
981.4699232999992,1779881448.1938603,732.421875,200000,0.0,0.0,0.0,2
981.6660273000016,1779881448.3899658,732.421875,200000,0.0,0.0,0.0,2
981.8885875999986,1779881448.6125267,732.421875,200000,0.0,0.0,0.0,2
982.079802399996,1779881448.8037424,732.421875,200000,0.0,0.0,0.0,2
982.2687243999972,1779881448.9926627,732.421875,200000,0.0,0.0,0.0,2
982.4553587999981,1779881449.1792963,732.421875,200000,0.0,0.0,0.0,2
982.6706297000055,1779881449.394569,732.421875,200000,0.0,0.0,0.0,2
983.3598326000065,1779881450.0837698,732.421875,200000,0.0,0.0,0.0,2
983.3699900000065,1779881450.0939293,732.421875,200000,0.0,0.0,0.0,2
983.3801315000019,1779881450.1040695,732.421875,200000,0.0,0.0,0.0,2
983.9012794000009,1779881450.6252172,732.421875,200000,0.0,0.0,0.0,2
983.9090426000039,1779881450.632982,732.421875,200000,0.0,0.0,0.0,2
983.9190193999966,1779881450.642959,732.421875,200000,0.0,0.0,0.0,2
984.0643765999994,1779881450.788316,732.421875,200000,0.0,0.0,0.0,2
984.2558064000041,1779881450.9797447,732.421875,200000,0.0,0.0,0.0,2
984.4651332000067,1779881451.1890728,732.421875,200000,0.0,0.0,0.0,2
984.6605391000048,1779881451.3844764,732.421875,200000,0.0,0.0,0.0,2
984.8838573999965,1779881451.6077948,732.421875,200000,0.0,0.0,0.0,2
985.0591966000065,1779881451.783134,732.421875,200000,0.0,0.0,0.0,2
985.2542687999958,1779881451.9782085,732.421875,200000,0.0,0.0,0.0,2
985.4460952999943,1779881452.1700346,732.421875,200000,0.0,0.0,0.0,2
985.6610282000038,1779881452.3849676,732.421875,200000,0.0,0.0,0.0,2
985.8464396000054,1779881452.5703785,732.421875,200000,0.0,0.0,0.0,2
986.0803190000006,1779881452.8042562,732.421875,200000,0.0,0.0,0.0,2
986.2602532000019,1779881452.984192,732.421875,200000,0.0,0.0,0.0,2
986.4422530000011,1779881453.166191,732.421875,200000,0.0,0.0,0.0,2
986.6811730000045,1779881453.405111,732.421875,200000,0.0,0.0,0.0,2
986.8617849000002,1779881453.5857222,732.421875,200000,0.0,0.0,0.0,2
987.0453890000063,1779881453.7693284,732.421875,200000,0.0,0.0,0.0,2
987.279506100007,1779881454.0034459,732.421875,200000,0.0,0.0,0.0,2
987.4595733000024,1779881454.1835122,732.421875,200000,0.0,0.0,0.0,2
987.641088400007,1779881454.3650274,732.421875,200000,0.0,0.0,0.0,2
987.8264925999974,1779881454.5504322,732.421875,200000,0.0,0.0,0.0,2
988.0569423999987,1779881454.7808814,732.421875,200000,0.0,0.0,0.0,2
988.236716600004,1779881454.9606538,732.421875,200000,0.0,0.0,0.0,2
988.432756299997,1779881455.1566954,732.421875,200000,0.0,0.0,0.0,2
989.0682816000044,1779881455.792219,732.421875,200000,0.0,0.0,0.0,2
989.0736521000072,1779881455.7975905,732.421875,200000,0.0,0.0,0.0,2
989.0812812000077,1779881455.8052204,732.421875,200000,0.0,0.0,0.0,2
989.2260045000003,1779881455.9499438,732.421875,200000,0.0,0.0,0.0,2
989.4360641999956,1779881456.160002,732.421875,200000,0.0,0.0,0.0,2
989.6223372999957,1779881456.3462763,732.421875,200000,0.0,0.0,0.0,2
989.8557499000017,1779881456.5796893,732.421875,200000,0.0,0.0,0.0,2
990.0369521999964,1779881456.7608914,732.421875,200000,0.0,0.0,0.0,2
990.2209379999986,1779881456.9448774,732.421875,200000,0.0,0.0,0.0,2
990.4563924999966,1779881457.1803317,732.421875,200000,0.0,0.0,0.0,2
990.6374311999971,1779881457.36137,732.421875,200000,0.0,0.0,0.0,2
990.8168905000057,1779881457.5408297,732.421875,200000,0.0,0.0,0.0,2
991.0537706000032,1779881457.7777092,732.421875,200000,0.0,0.0,0.0,2
991.2359679999936,1779881457.959907,732.421875,200000,0.0,0.0,0.0,2
991.4120609999954,1779881458.1360002,732.421875,200000,0.0,0.0,0.0,2
991.6551227000018,1779881458.3790605,732.421875,200000,0.0,0.0,0.0,2
992.1914866000006,1779881458.9154255,732.421875,200000,0.0,0.0,0.0,2
992.1987152000074,1779881458.9226525,732.421875,200000,0.0,0.0,0.0,2
992.2295130999992,1779881458.9534504,732.421875,200000,0.0,0.0,0.0,2
992.4214474000037,1779881459.1453853,732.421875,200000,0.0,0.0,0.0,2
992.6139903000003,1779881459.3379285,732.421875,200000,0.0,0.0,0.0,2
992.8081676000002,1779881459.532107,732.421875,200000,0.0,0.0,0.0,2
993.0026918000076,1779881459.7266304,732.421875,200000,0.0,0.0,0.0,2
993.2096238999948,1779881459.9335635,732.421875,200000,0.0,0.0,0.0,2
993.7427248000022,1779881460.4666636,732.421875,200000,0.0,0.0,0.0,2
993.7496650999965,1779881460.4736018,732.421875,200000,0.0,0.0,0.0,2
993.801059999998,1779881460.524999,732.421875,200000,0.0,0.0,0.0,2
994.0182312999968,1779881460.7421687,732.421875,200000,0.0,0.0,0.0,2
994.2275985000015,1779881460.9515357,732.421875,200000,0.0,0.0,0.0,2
994.4088178999955,1779881461.132757,732.421875,200000,0.0,0.0,0.0,2
994.5966003000067,1779881461.3205392,732.421875,200000,0.0,0.0,0.0,2
994.7886082000041,1779881461.5125473,732.421875,200000,0.0,0.0,0.0,2
995.0118264000048,1779881461.735765,732.421875,200000,0.0,0.0,0.0,2
995.1912917000009,1779881461.9152308,732.421875,200000,0.0,0.0,0.0,2
995.3929885999969,1779881462.1169271,732.421875,200000,0.0,0.0,0.0,2
995.6088848000072,1779881462.3328238,732.421875,200000,0.0,0.0,0.0,2
995.8495585000055,1779881462.573498,732.421875,200000,0.0,0.0,0.0,2
996.399170699995,1779881463.123109,732.421875,200000,0.0,0.0,0.0,2
996.4038654000033,1779881463.1278036,732.421875,200000,0.0,0.0,0.0,2
996.4098353000009,1779881463.1337724,732.421875,200000,0.0,0.0,0.0,2
996.5844619999989,1779881463.3084013,732.421875,200000,0.0,0.0,0.0,2
996.8044821000076,1779881463.5284212,732.421875,200000,0.0,0.0,0.0,2
996.9889435000077,1779881463.7128832,732.421875,200000,0.0,0.0,0.0,2
997.1790555000043,1779881463.9029944,732.421875,200000,0.0,0.0,0.0,2
997.3705206000013,1779881464.09446,732.421875,200000,0.0,0.0,0.0,2
997.5903398999944,1779881464.3142774,732.421875,200000,0.0,0.0,0.0,2
997.8243165000022,1779881464.548256,732.421875,200000,0.0,0.0,0.0,2
998.0049510999961,1779881464.7288902,732.421875,200000,0.0,0.0,0.0,2
998.4542586000025,1779881465.178196,732.421875,200000,0.0,0.0,0.0,2
998.4598723999952,1779881465.1838112,732.421875,200000,0.0,0.0,0.0,2
998.5786955000076,1779881465.3026345,732.421875,200000,0.0,0.0,0.0,2
998.7816270000039,1779881465.5055664,732.421875,200000,0.0,0.0,0.0,2
998.9670595000061,1779881465.6909966,732.421875,200000,0.0,0.0,0.0,2
999.4926027000038,1779881466.2165399,732.421875,200000,0.0,0.0,0.0,2
999.4982132000005,1779881466.222152,732.421875,200000,0.0,0.0,0.0,2
999.5599443999963,1779881466.2838836,732.421875,200000,0.0,0.0,0.0,2
999.7757673000015,1779881466.4997063,732.421875,200000,0.0,0.0,0.0,2
999.9852106000035,1779881466.7091491,732.421875,200000,0.0,0.0,0.0,2
1000.1695394999988,1779881466.8934786,732.421875,200000,0.0,0.0,0.0,2
1000.3538456999959,1779881467.077785,732.421875,200000,0.0,0.0,0.0,2
1000.5818058000004,1779881467.3057451,732.421875,200000,0.0,0.0,0.0,2
1001.0759783999965,1779881467.7999172,732.421875,200000,0.0,0.0,0.0,2
1001.0830400999985,1779881467.8069773,732.421875,200000,0.0,0.0,0.0,2
1001.1508460000041,1779881467.8747847,732.421875,200000,0.0,0.0,0.0,2
1001.3431211999996,1779881468.0670602,732.421875,200000,0.0,0.0,0.0,2
1001.5929952000006,1779881468.3169332,732.421875,200000,0.0,0.0,0.0,2
1001.7780879000056,1779881468.5020275,732.421875,200000,0.0,0.0,0.0,2
1001.9587428999948,1779881468.682683,732.421875,200000,0.0,0.0,0.0,2
1002.1424382999976,1779881468.8663778,732.421875,200000,0.0,0.0,0.0,2
1002.3747202999948,1779881469.098658,732.421875,200000,0.0,0.0,0.0,2
1002.5547854000033,1779881469.2787251,732.421875,200000,0.0,0.0,0.0,2
1002.7446099999943,1779881469.4685495,732.421875,200000,0.0,0.0,0.0,2
1002.9367564999993,1779881469.6606958,732.421875,200000,0.0,0.0,0.0,2
1003.6115832000069,1779881470.3355207,732.421875,200000,0.0,0.0,0.0,2
1003.6140944000072,1779881470.338031,732.421875,200000,0.0,0.0,0.0,2
1003.6165634000063,1779881470.3404999,732.421875,200000,0.0,0.0,0.0,2
1003.7333866999979,1779881470.4573267,732.421875,200000,0.0,0.0,0.0,2
1003.9529259999981,1779881470.6768634,732.421875,200000,0.0,0.0,0.0,2
1004.176369199995,1779881470.9003081,732.421875,200000,0.0,0.0,0.0,2
1004.681387699995,1779881471.4053266,732.421875,200000,0.0,0.0,0.0,2
1004.6885686000023,1779881471.412506,732.421875,200000,0.0,0.0,0.0,2
1004.7372784000036,1779881471.461216,732.421875,200000,0.0,0.0,0.0,2
1004.9522436999978,1779881471.6761816,732.421875,200000,0.0,0.0,0.0,2
1005.1315504999948,1779881471.8554893,732.421875,200000,0.0,0.0,0.0,2
1005.3317214999988,1779881472.0556607,732.421875,200000,0.0,0.0,0.0,2
1005.5506668000016,1779881472.2746043,732.421875,200000,0.0,0.0,0.0,2
1005.7323646000004,1779881472.456304,732.421875,200000,0.0,0.0,0.0,2
1006.2800650999998,1779881473.004004,732.421875,200000,0.0,0.0,0.0,2
1006.2875499999936,1779881473.011489,732.421875,200000,0.0,0.0,0.0,2
1006.3476635999978,1779881473.0716014,732.421875,200000,0.0,0.0,0.0,2
1006.512172200004,1779881473.2361104,732.421875,200000,0.0,0.0,0.0,2
1006.7495923999959,1779881473.4735312,732.421875,200000,0.0,0.0,0.0,2
1007.2943308999966,1779881474.01827,732.421875,200000,0.0,0.0,0.0,2
1007.3006278999965,1779881474.024567,732.421875,200000,0.0,0.0,0.0,2
1007.3505241999956,1779881474.074463,732.421875,200000,0.0,0.0,0.0,2
1007.5268001000077,1779881474.2507377,732.421875,200000,0.0,0.0,0.0,2
1007.7151603999955,1779881474.4390986,732.421875,200000,0.0,0.0,0.0,2
1007.9481535999948,1779881474.6720927,732.421875,200000,0.0,0.0,0.0,2
1008.1238596000039,1779881474.8477972,732.421875,200000,0.0,0.0,0.0,2
1008.8135954000027,1779881475.5375333,732.421875,200000,0.0,0.0,0.0,2
1008.8161850000033,1779881475.540122,732.421875,200000,0.0,0.0,0.0,2
1008.8185643000033,1779881475.5425012,732.421875,200000,0.0,0.0,0.0,2
1008.9050247999985,1779881475.6289635,732.421875,200000,0.0,0.0,0.0,2
1009.0973412000021,1779881475.82128,732.421875,200000,0.0,0.0,0.0,2
1009.3279072000005,1779881476.051847,732.421875,200000,0.0,0.0,0.0,2
1009.5048452000046,1779881476.2287848,732.421875,200000,0.0,0.0,0.0,2
1009.7408175000019,1779881476.4647553,732.421875,200000,0.0,0.0,0.0,2
1009.9237813000072,1779881476.6477191,732.421875,200000,0.0,0.0,0.0,2
1010.4245278000017,1779881477.1484666,732.421875,200000,0.0,0.0,0.0,2
1010.4319625000062,1779881477.1559014,732.421875,200000,0.0,0.0,0.0,2
1010.4972223999939,1779881477.2211602,732.421875,200000,0.0,0.0,0.0,2
1010.7040557,1779881477.4279933,732.421875,200000,0.0,0.0,0.0,2
1010.8899410000013,1779881477.6138794,732.421875,200000,0.0,0.0,0.0,2
1011.1221280000027,1779881477.846066,732.421875,200000,0.0,0.0,0.0,2
1011.3042826000019,1779881478.028221,732.421875,200000,0.0,0.0,0.0,2
1011.9541133000021,1779881478.678051,732.421875,200000,0.0,0.0,0.0,2
1011.9603493000031,1779881478.684289,732.421875,200000,0.0,0.0,0.0,2
1011.9671761000063,1779881478.691115,732.421875,200000,0.0,0.0,0.0,2
1012.0854365999985,1779881478.8093755,732.421875,200000,0.0,0.0,0.0,2
1012.3261046999978,1779881479.0500438,732.421875,200000,0.0,0.0,0.0,2
1012.5041882000078,1779881479.2281275,732.421875,200000,0.0,0.0,0.0,2
1013.058684699994,1779881479.782622,732.421875,200000,0.0,0.0,0.0,2
1013.0629902999935,1779881479.7869287,732.421875,200000,0.0,0.0,0.0,2
1013.1055601999979,1779881479.8294985,732.421875,200000,0.0,0.0,0.0,2
1013.273016799998,1779881479.9969566,732.421875,200000,0.0,0.0,0.0,2
1013.4867671999964,1779881480.2107065,732.421875,200000,0.0,0.0,0.0,2
1013.7033055000065,1779881480.4272437,732.421875,200000,0.0,0.0,0.0,2
1013.8830841000017,1779881480.607022,732.421875,200000,0.0,0.0,0.0,2
1014.0686929999938,1779881480.7926314,732.421875,200000,0.0,0.0,0.0,2
1014.6097311000049,1779881481.3336704,732.421875,200000,0.0,0.0,0.0,2
1014.6168081000069,1779881481.3407466,732.421875,200000,0.0,0.0,0.0,2
1014.6794030000019,1779881481.4033415,732.421875,200000,0.0,0.0,0.0,2
1014.8639909000049,1779881481.5879295,732.421875,200000,0.0,0.0,0.0,2
1015.080051500001,1779881481.8039908,732.421875,200000,0.0,0.0,0.0,2
1015.3223281999963,1779881482.0462656,732.421875,200000,0.0,0.0,0.0,2
1015.5119375000068,1779881482.2358768,732.421875,200000,0.0,0.0,0.0,2
1015.6804231999995,1779881482.4043636,732.421875,200000,0.0,0.0,0.0,2
1015.8628997000051,1779881482.5868387,732.421875,200000,0.0,0.0,0.0,2
1016.106784699994,1779881482.8307235,732.421875,200000,0.0,0.0,0.0,2
1016.2785502000042,1779881483.0024881,732.421875,200000,0.0,0.0,0.0,2
1016.4593062000058,1779881483.1832454,732.421875,200000,0.0,0.0,0.0,2
1016.6501475999976,1779881483.3740864,732.421875,200000,0.0,0.0,0.0,2
1016.8546217999974,1779881483.5785594,732.421875,200000,0.0,0.0,0.0,2
1017.0573260999954,1779881483.7812643,732.421875,200000,0.0,0.0,0.0,2
1017.7616497999988,1779881484.4855874,732.421875,200000,0.0,0.0,0.0,2
1017.7648962999956,1779881484.488834,732.421875,200000,0.0,0.0,0.0,2
1017.7684749000036,1779881484.4924126,732.421875,200000,0.0,0.0,0.0,2
1017.8653904999956,1779881484.5893283,732.421875,200000,0.0,0.0,0.0,2
1018.0514163000043,1779881484.7753553,732.421875,200000,0.0,0.0,0.0,2
1018.2885758000048,1779881485.0125146,732.421875,200000,0.0,0.0,0.0,2
1018.4583427000034,1779881485.1822822,732.421875,200000,0.0,0.0,0.0,2
1018.6744767000055,1779881485.3984158,732.421875,200000,0.0,0.0,0.0,2
1018.8559596999985,1779881485.5798988,732.421875,200000,0.0,0.0,0.0,2
1019.0419041999994,1779881485.7658422,732.421875,200000,0.0,0.0,0.0,2
1019.2800663999951,1779881486.0040042,732.421875,200000,0.0,0.0,0.0,2
1019.4502365999942,1779881486.1741743,732.421875,200000,0.0,0.0,0.0,2
1019.6357255000039,1779881486.3596637,732.421875,200000,0.0,0.0,0.0,2
1019.8732568999985,1779881486.5971947,732.421875,200000,0.0,0.0,0.0,2
1020.0560721000074,1779881486.7800162,732.421875,200000,0.0,0.0,0.0,2
1020.2938780999975,1779881487.0178158,732.421875,200000,0.0,0.0,0.0,2
1020.4362775000045,1779881487.1602163,732.421875,200000,0.0,0.0,0.0,2
1020.9035605999961,1779881487.6274996,732.421875,200000,0.0,0.0,0.0,2
1020.9106625999993,1779881487.6346004,732.421875,200000,0.0,0.0,0.0,2
1021.030193700004,1779881487.7541313,732.421875,200000,0.0,0.0,0.0,2
1021.2704194999969,1779881487.994358,732.421875,200000,0.0,0.0,0.0,2
1021.4317066999938,1779881488.1556456,732.421875,200000,0.0,0.0,0.0,2
1021.6828117999976,1779881488.4067526,732.421875,200000,0.0,0.0,0.0,2
1021.8503192000062,1779881488.5742583,732.421875,200000,0.0,0.0,0.0,2
1022.0292236999958,1779881488.753163,732.421875,200000,0.0,0.0,0.0,2
1022.2715320999996,1779881488.9954703,732.421875,200000,0.0,0.0,0.0,2
1022.4494559000013,1779881489.1733942,732.421875,200000,0.0,0.0,0.0,2
1022.6367161999951,1779881489.3606536,732.421875,200000,0.0,0.0,0.0,2
1022.8169040000066,1779881489.540843,732.421875,200000,0.0,0.0,0.0,2
1023.0512233000045,1779881489.7751622,732.421875,200000,0.0,0.0,0.0,2
1023.544092199998,1779881490.2680316,732.421875,200000,0.0,0.0,0.0,2
1023.5512503000064,1779881490.2751894,732.421875,200000,0.0,0.0,0.0,2
1023.6142368000001,1779881490.3381753,732.421875,200000,0.0,0.0,0.0,2
1023.8163179999974,1779881490.540257,732.421875,200000,0.0,0.0,0.0,2
1024.0146421999962,1779881490.738581,732.421875,200000,0.0,0.0,0.0,2
1024.2523654999968,1779881490.9763043,732.421875,200000,0.0,0.0,0.0,2
1024.441397600007,1779881491.1653373,732.421875,200000,0.0,0.0,0.0,2
1024.6631408999965,1779881491.3870804,732.421875,200000,0.0,0.0,0.0,2
1024.8466603999987,1779881491.5705988,732.421875,200000,0.0,0.0,0.0,2
1025.0278849000024,1779881491.7518234,732.421875,200000,0.0,0.0,0.0,2
1025.2662531999958,1779881491.9901903,732.421875,200000,0.0,0.0,0.0,2
1025.3988542000006,1779881492.1227925,732.421875,200000,0.0,0.0,0.0,2
1026.1046142999985,1779881492.8285537,732.421875,200000,0.0,0.0,0.0,2
1026.1143224999978,1779881492.838261,732.421875,200000,0.0,0.0,0.0,2
1026.1214085999964,1779881492.845347,732.421875,200000,0.0,0.0,0.0,2
1026.2359584000078,1779881492.9598963,732.421875,200000,0.0,0.0,0.0,2
1026.3939664000063,1779881493.1179092,732.421875,200000,0.0,0.0,0.0,2
1026.5956714000058,1779881493.3196094,732.421875,200000,0.0,0.0,0.0,2
1026.7902545999968,1779881493.5141938,732.421875,200000,0.0,0.0,0.0,2
1027.0071061000053,1779881493.7310455,732.421875,200000,0.0,0.0,0.0,2
1027.2380981000024,1779881493.962037,732.421875,200000,0.0,0.0,0.0,2
1027.426201299997,1779881494.1501396,732.421875,200000,0.0,0.0,0.0,2
1027.6035787,1779881494.327517,732.421875,200000,0.0,0.0,0.0,2
1027.8428554999991,1779881494.5667942,732.421875,200000,0.0,0.0,0.0,2
1028.021203299999,1779881494.7451425,732.421875,200000,0.0,0.0,0.0,2
1028.2619159000024,1779881494.9858546,732.421875,200000,0.0,0.0,0.0,2
1028.3861142999958,1779881495.1100523,732.421875,200000,0.0,0.0,0.0,2
1028.5946877999959,1779881495.3186262,732.421875,200000,0.0,0.0,0.0,2
1028.7900586000032,1779881495.513998,732.421875,200000,0.0,0.0,0.0,2
1028.974204099999,1779881495.6981418,732.421875,200000,0.0,0.0,0.0,2
1029.2253399000037,1779881495.949279,732.421875,200000,0.0,0.0,0.0,2
1029.752365799999,1779881496.4763043,732.421875,200000,0.0,0.0,0.0,2
1029.755307200001,1779881496.4792445,732.421875,200000,0.0,0.0,0.0,2
1029.7998923999985,1779881496.5238311,732.421875,200000,0.0,0.0,0.0,2
1029.9858451000036,1779881496.7097826,732.421875,200000,0.0,0.0,0.0,2
1030.2021516999957,1779881496.9260902,732.421875,200000,0.0,0.0,0.0,2
1030.3837137999944,1779881497.1076531,732.421875,200000,0.0,0.0,0.0,2
1030.5950113,1779881497.3189487,732.421875,200000,0.0,0.0,0.0,2
1030.7793235999998,1779881497.503263,732.421875,200000,0.0,0.0,0.0,2
1031.3288080000057,1779881498.052746,732.421875,200000,0.0,0.0,0.0,2
1031.3332152000075,1779881498.0571532,732.421875,200000,0.0,0.0,0.0,2
1031.4039690000063,1779881498.1279075,732.421875,200000,0.0,0.0,0.0,2
1031.5691869000002,1779881498.2931263,732.421875,200000,0.0,0.0,0.0,2
1031.7670925999992,1779881498.4910321,732.421875,200000,0.0,0.0,0.0,2
1031.9783336999972,1779881498.7022727,732.421875,200000,0.0,0.0,0.0,2
1032.217821600003,1779881498.9417613,732.421875,200000,0.0,0.0,0.0,2
1032.393907699996,1779881499.1178467,732.421875,200000,0.0,0.0,0.0,2
1032.5745823000034,1779881499.298522,732.421875,200000,0.0,0.0,0.0,2
1032.7618297000008,1779881499.48577,732.421875,200000,0.0,0.0,0.0,2
1032.9573125000024,1779881499.6812499,732.421875,200000,0.0,0.0,0.0,2
1033.1874360000074,1779881499.9113755,732.421875,200000,0.0,0.0,0.0,2
1033.4127851999947,1779881500.1367223,732.421875,200000,0.0,0.0,0.0,2
1033.595869900004,1779881500.3198104,732.421875,200000,0.0,0.0,0.0,2
1033.7723320000077,1779881500.49627,732.421875,200000,0.0,0.0,0.0,2
1034.4220683000021,1779881501.146013,732.421875,200000,0.0,0.0,0.0,2
1034.4259406000056,1779881501.149878,732.421875,200000,0.0,0.0,0.0,2
1034.4311886000069,1779881501.1551266,732.421875,200000,0.0,0.0,0.0,2
1034.5632125999982,1779881501.2871516,732.421875,200000,0.0,0.0,0.0,2
1034.7474331999983,1779881501.4713714,732.421875,200000,0.0,0.0,0.0,2
1034.9754663000058,1779881501.699405,732.421875,200000,0.0,0.0,0.0,2
1035.2114239000075,1779881501.935362,732.421875,200000,0.0,0.0,0.0,2
1035.3389064000075,1779881502.0628462,732.421875,200000,0.0,0.0,0.0,2
1035.5693193000043,1779881502.2932577,732.421875,200000,0.0,0.0,0.0,2
1035.756615499995,1779881502.4805555,732.421875,200000,0.0,0.0,0.0,2
1035.9460554999969,1779881502.6699982,732.421875,200000,0.0,0.0,0.0,2
1036.168149899997,1779881502.8920877,732.421875,200000,0.0,0.0,0.0,2
1036.345565399999,1779881503.069503,732.421875,200000,0.0,0.0,0.0,2
1036.535331200008,1779881503.2592695,732.421875,200000,0.0,0.0,0.0,2
1036.7696977000014,1779881503.4936368,732.421875,200000,0.0,0.0,0.0,2
1036.9463614999986,1779881503.6703,732.421875,200000,0.0,0.0,0.0,2
1037.5478096000006,1779881504.271747,732.421875,200000,0.0,0.0,0.0,2
1037.5509374999965,1779881504.274875,732.421875,200000,0.0,0.0,0.0,2
1037.5714076000004,1779881504.2953455,732.421875,200000,0.0,0.0,0.0,2
1037.735925999994,1779881504.4598646,732.421875,200000,0.0,0.0,0.0,2
1037.9382222999993,1779881504.6621616,732.421875,200000,0.0,0.0,0.0,2
1038.2103553000052,1779881504.9342933,732.421875,200000,0.0,0.0,0.0,2
1038.3318559000036,1779881505.0557942,732.421875,200000,0.0,0.0,0.0,2
1038.5227185999975,1779881505.2466567,732.421875,200000,0.0,0.0,0.0,2
1038.713764,1779881505.4377024,732.421875,200000,0.0,0.0,0.0,2
1038.9279451000039,1779881505.6518838,732.421875,200000,0.0,0.0,0.0,2
1039.1661232000042,1779881505.8900614,732.421875,200000,0.0,0.0,0.0,2
1039.3470052000048,1779881506.0709438,732.421875,200000,0.0,0.0,0.0,2
1039.527514100002,1779881506.2514532,732.421875,200000,0.0,0.0,0.0,2
1039.7661924999993,1779881506.4901316,732.421875,200000,0.0,0.0,0.0,2
1039.9479932999966,1779881506.671933,732.421875,200000,0.0,0.0,0.0,2
1040.1359120999987,1779881506.8598514,732.421875,200000,0.0,0.0,0.0,2
1040.3088787000015,1779881507.032817,732.421875,200000,0.0,0.0,0.0,2
1040.5465444000001,1779881507.270482,732.421875,200000,0.0,0.0,0.0,2
1040.7233015999955,1779881507.4472406,732.421875,200000,0.0,0.0,0.0,2
1040.9150646000053,1779881507.639003,732.421875,200000,0.0,0.0,0.0,2
1041.1475534000056,1779881507.8714905,732.421875,200000,0.0,0.0,0.0,2
1041.295623900005,1779881508.0195625,732.421875,200000,0.0,0.0,0.0,2
1041.511159600006,1779881508.2350981,732.421875,200000,0.0,0.0,0.0,2
1041.7403150000027,1779881508.4642532,732.421875,200000,0.0,0.0,0.0,2
1041.9212062000006,1779881508.6451445,732.421875,200000,0.0,0.0,0.0,2
1042.1632802999957,1779881508.8872197,732.421875,200000,0.0,0.0,0.0,2
1042.7766009000043,1779881509.500539,732.421875,200000,0.0,0.0,0.0,2
1042.7822716999945,1779881509.5062108,732.421875,200000,0.0,0.0,0.0,2
1042.7873483000003,1779881509.511286,732.421875,200000,0.0,0.0,0.0,2
1042.9006769999978,1779881509.6246145,732.421875,200000,0.0,0.0,0.0,2
1043.111177800005,1779881509.8351164,732.421875,200000,0.0,0.0,0.0,2
1043.2921543999983,1779881510.0160933,732.421875,200000,0.0,0.0,0.0,2
1043.8167479999975,1779881510.5406857,732.421875,200000,0.0,0.0,0.0,2
1043.8227375999995,1779881510.5466757,732.421875,200000,0.0,0.0,0.0,2
1043.9067982999986,1779881510.6307387,732.421875,200000,0.0,0.0,0.0,2
1044.1009397000016,1779881510.8248773,732.421875,200000,0.0,0.0,0.0,2
1044.3185400999937,1779881511.0424778,732.421875,200000,0.0,0.0,0.0,2
1044.8715861999954,1779881511.5955245,732.421875,200000,0.0,0.0,0.0,2
1044.878475999998,1779881511.6024141,732.421875,200000,0.0,0.0,0.0,2
1044.9180900000065,1779881511.6420286,732.421875,200000,0.0,0.0,0.0,2
1045.0937841999985,1779881511.8177226,732.421875,200000,0.0,0.0,0.0,2
1045.2875003999943,1779881512.011439,732.421875,200000,0.0,0.0,0.0,2
1045.476932000005,1779881512.2008712,732.421875,200000,0.0,0.0,0.0,2
1045.6961332000064,1779881512.4200718,732.421875,200000,0.0,0.0,0.0,2
1046.3984234999953,1779881513.122362,732.421875,200000,0.0,0.0,0.0,2
1046.4085556000064,1779881513.1324964,732.421875,200000,0.0,0.0,0.0,2
1046.4168586000014,1779881513.1407976,732.421875,200000,0.0,0.0,0.0,2
1046.4934360000043,1779881513.2173734,732.421875,200000,0.0,0.0,0.0,2
1046.6733625000052,1779881513.3973002,732.421875,200000,0.0,0.0,0.0,2
1046.8767187000049,1779881513.6006577,732.421875,200000,0.0,0.0,0.0,2
1047.086361499998,1779881513.8103004,732.421875,200000,0.0,0.0,0.0,2
1047.275248200007,1779881513.999186,732.421875,200000,0.0,0.0,0.0,2
1047.4933963999938,1779881514.2173355,732.421875,200000,0.0,0.0,0.0,2
1047.6776742999937,1779881514.4016135,732.421875,200000,0.0,0.0,0.0,2
1047.8675605000026,1779881514.5915003,732.421875,200000,0.0,0.0,0.0,2
1048.4801754999935,1779881515.2041142,732.421875,200000,0.0,0.0,0.0,2
1048.4864645000052,1779881515.2104027,732.421875,200000,0.0,0.0,0.0,2
1048.4925483999978,1779881515.2164867,732.421875,200000,0.0,0.0,0.0,2
1048.6688532999979,1779881515.3927917,732.421875,200000,0.0,0.0,0.0,2
1048.8691208999953,1779881515.5930595,732.421875,200000,0.0,0.0,0.0,2
1049.109864099999,1779881515.8338013,732.421875,200000,0.0,0.0,0.0,2
1049.2560005999985,1779881515.9799407,732.421875,200000,0.0,0.0,0.0,2
1049.4668542,1779881516.190792,732.421875,200000,0.0,0.0,0.0,2
1049.7153461999987,1779881516.4392843,732.421875,200000,0.0,0.0,0.0,2
1049.8923648000055,1779881516.6163032,732.421875,200000,0.0,0.0,0.0,2
1050.0801399000047,1779881516.8040774,732.421875,200000,0.0,0.0,0.0,2
1050.263015500008,1779881516.986954,732.421875,200000,0.0,0.0,0.0,2
1050.489074600002,1779881517.2130132,732.421875,200000,0.0,0.0,0.0,2
1051.0954697999987,1779881517.8194084,732.421875,200000,0.0,0.0,0.0,2
1051.101093499994,1779881517.825032,732.421875,200000,0.0,0.0,0.0,2
1051.1068953000067,1779881517.830833,732.421875,200000,0.0,0.0,0.0,2
1051.2530889000045,1779881517.9770281,732.421875,200000,0.0,0.0,0.0,2
1051.442760799997,1779881518.1666987,732.421875,200000,0.0,0.0,0.0,2
1051.6913184000005,1779881518.4152563,732.421875,200000,0.0,0.0,0.0,2
1051.8681737000006,1779881518.5921123,732.421875,200000,0.0,0.0,0.0,2
1052.0524168999982,1779881518.7763553,732.421875,200000,0.0,0.0,0.0,2
1052.2380511999945,1779881518.9619894,732.421875,200000,0.0,0.0,0.0,2
1052.4679767000052,1779881519.191915,732.421875,200000,0.0,0.0,0.0,2
1052.6481710999942,1779881519.3721085,732.421875,200000,0.0,0.0,0.0,2
1052.8825241000013,1779881519.6064622,732.421875,200000,0.0,0.0,0.0,2
1053.0638319999998,1779881519.7877696,732.421875,200000,0.0,0.0,0.0,2
1053.2483064999979,1779881519.9722455,732.421875,200000,0.0,0.0,0.0,2
1053.4407083999977,1779881520.1646476,732.421875,200000,0.0,0.0,0.0,2
1053.6270803999942,1779881520.3510187,732.421875,200000,0.0,0.0,0.0,2
1053.8469406000077,1779881520.5708802,732.421875,200000,0.0,0.0,0.0,2
1054.039542300001,1779881520.7634816,732.421875,200000,0.0,0.0,0.0,2
1054.2621478999936,1779881520.9860854,732.421875,200000,0.0,0.0,0.0,2
1054.4418068999948,1779881521.1657457,732.421875,200000,0.0,0.0,0.0,2
1054.6836022000061,1779881521.4075396,732.421875,200000,0.0,0.0,0.0,2
1055.2466366000008,1779881521.970575,732.421875,200000,0.0,0.0,0.0,2
1055.2544873000006,1779881521.9784262,732.421875,200000,0.0,0.0,0.0,2
1055.275361699998,1779881521.9993002,732.421875,200000,0.0,0.0,0.0,2
1055.427058100002,1779881522.1510277,732.421875,200000,0.0,0.0,0.0,2
1055.6159756999987,1779881522.3399134,732.421875,200000,0.0,0.0,0.0,2
1055.8381465999992,1779881522.5620842,732.421875,200000,0.0,0.0,0.0,2
1056.0593818000052,1779881522.7833197,732.421875,200000,0.0,0.0,0.0,2
1056.2455229000043,1779881522.9694622,732.421875,200000,0.0,0.0,0.0,2
1056.4283939000015,1779881523.1523316,732.421875,200000,0.0,0.0,0.0,2
1056.6126043999975,1779881523.3365436,732.421875,200000,0.0,0.0,0.0,2
1056.8411259999993,1779881523.5650635,732.421875,200000,0.0,0.0,0.0,2
1057.024374600005,1779881523.748314,732.421875,200000,0.0,0.0,0.0,2
1057.213175099998,1779881523.9371135,732.421875,200000,0.0,0.0,0.0,2
1057.404690700001,1779881524.12863,732.421875,200000,0.0,0.0,0.0,2
1057.8804523,1779881524.6043894,732.421875,200000,0.0,0.0,0.0,2
1057.8832422999985,1779881524.6071792,732.421875,200000,0.0,0.0,0.0,2
1058.0120270000043,1779881524.7359657,732.421875,200000,0.0,0.0,0.0,2
1058.202601099998,1779881524.9265394,732.421875,200000,0.0,0.0,0.0,2
1058.9005444000068,1779881525.6244843,732.421875,200000,0.0,0.0,0.0,2
1058.9116394000011,1779881525.6355796,732.421875,200000,0.0,0.0,0.0,2
1058.9192528999993,1779881525.6431923,732.421875,200000,0.0,0.0,0.0,2
1059.000615099998,1779881525.7245538,732.421875,200000,0.0,0.0,0.0,2
1059.2083209999983,1779881525.9322598,732.421875,200000,0.0,0.0,0.0,2
1059.3978069000004,1779881526.1217449,732.421875,200000,0.0,0.0,0.0,2
1059.6588506999979,1779881526.3827896,732.421875,200000,0.0,0.0,0.0,2
1059.8337955000025,1779881526.5577343,732.421875,200000,0.0,0.0,0.0,2
1060.0153752000042,1779881526.739314,732.421875,200000,0.0,0.0,0.0,2
1060.2015593999968,1779881526.9254975,732.421875,200000,0.0,0.0,0.0,2
1060.4323723999987,1779881527.1563106,732.421875,200000,0.0,0.0,0.0,2
1060.6168445000076,1779881527.3407826,732.421875,200000,0.0,0.0,0.0,2
1060.8006462000048,1779881527.5245855,732.421875,200000,0.0,0.0,0.0,2
1061.4964527999982,1779881528.2203913,732.421875,200000,0.0,0.0,0.0,2
1061.5019193000044,1779881528.225857,732.421875,200000,0.0,0.0,0.0,2
1061.5055044000037,1779881528.2294424,732.421875,200000,0.0,0.0,0.0,2
1061.5920456000022,1779881528.315983,732.421875,200000,0.0,0.0,0.0,2
1061.8148465999984,1779881528.5387847,732.421875,200000,0.0,0.0,0.0,2
1061.9922974000074,1779881528.7162356,732.421875,200000,0.0,0.0,0.0,2
1062.2373152000073,1779881528.9612541,732.421875,200000,0.0,0.0,0.0,2
1062.4102112999972,1779881529.134149,732.421875,200000,0.0,0.0,0.0,2
1062.6018108999997,1779881529.325751,732.421875,200000,0.0,0.0,0.0,2
1063.1141602999996,1779881529.8380983,732.421875,200000,0.0,0.0,0.0,2
1063.1197297000035,1779881529.8436673,732.421875,200000,0.0,0.0,0.0,2
1063.1829796999955,1779881529.9069173,732.421875,200000,0.0,0.0,0.0,2
1063.387324299998,1779881530.1112633,732.421875,200000,0.0,0.0,0.0,2
1063.614037499996,1779881530.3379748,732.421875,200000,0.0,0.0,0.0,2
1063.795676099995,1779881530.5196166,732.421875,200000,0.0,0.0,0.0,2
1063.975755499996,1779881530.6996942,732.421875,200000,0.0,0.0,0.0,2
1064.217453899997,1779881530.9413924,732.421875,200000,0.0,0.0,0.0,2
1064.3914708999946,1779881531.115409,732.421875,200000,0.0,0.0,0.0,2
1064.5755055000045,1779881531.2994447,732.421875,200000,0.0,0.0,0.0,2
1064.7683812000032,1779881531.492321,732.421875,200000,0.0,0.0,0.0,2
1064.9925823999947,1779881531.7165213,732.421875,200000,0.0,0.0,0.0,2
1065.1705853000021,1779881531.8945243,732.421875,200000,0.0,0.0,0.0,2
1065.4114533999964,1779881532.1353927,732.421875,200000,0.0,0.0,0.0,2
1065.5611528000009,1779881532.285092,732.421875,200000,0.0,0.0,0.0,2
1065.8281487000058,1779881532.552087,732.421875,200000,0.0,0.0,0.0,2
1066.0114630000025,1779881532.7354007,732.421875,200000,0.0,0.0,0.0,2
1066.193336299999,1779881532.9172754,732.421875,200000,0.0,0.0,0.0,2
1066.3680488999962,1779881533.0919876,732.421875,200000,0.0,0.0,0.0,2
1066.556768800001,1779881533.2807071,732.421875,200000,0.0,0.0,0.0,2
1066.7847040000051,1779881533.5086412,732.421875,200000,0.0,0.0,0.0,2
1067.2190520000004,1779881533.9429905,732.421875,200000,0.0,0.0,0.0,2
1067.225575400007,1779881533.9495132,732.421875,200000,0.0,0.0,0.0,2
1067.3462998000032,1779881534.070238,732.421875,200000,0.0,0.0,0.0,2
1067.553369000001,1779881534.2773063,732.421875,200000,0.0,0.0,0.0,2
1067.7461910999991,1779881534.4701293,732.421875,200000,0.0,0.0,0.0,2
1067.9899627999985,1779881534.713901,732.421875,200000,0.0,0.0,0.0,2
1068.1625112000038,1779881534.8864503,732.421875,200000,0.0,0.0,0.0,2
1068.3517354000069,1779881535.075674,732.421875,200000,0.0,0.0,0.0,2
1068.5853336,1779881535.3092716,732.421875,200000,0.0,0.0,0.0,2
1068.762089900003,1779881535.4860282,732.421875,200000,0.0,0.0,0.0,2
1068.956180699999,1779881535.6801193,732.421875,200000,0.0,0.0,0.0,2
1069.1861977999943,1779881535.9101365,732.421875,200000,0.0,0.0,0.0,2
1069.3668228000024,1779881536.0907612,732.421875,200000,0.0,0.0,0.0,2
1069.5506991000002,1779881536.2746365,732.421875,200000,0.0,0.0,0.0,2
1069.7840150999982,1779881536.5079541,732.421875,200000,0.0,0.0,0.0,2
1069.9672346000007,1779881536.691174,732.421875,200000,0.0,0.0,0.0,2
1070.1459871999978,1779881536.8699274,732.421875,200000,0.0,0.0,0.0,2
1070.3855597999936,1779881537.109498,732.421875,200000,0.0,0.0,0.0,2
1070.560702200004,1779881537.28464,732.421875,200000,0.0,0.0,0.0,2
1070.7448965999938,1779881537.4688354,732.421875,200000,0.0,0.0,0.0,2
1070.931823699997,1779881537.6557617,732.421875,200000,0.0,0.0,0.0,2
1071.1644323999935,1779881537.8883715,732.421875,200000,0.0,0.0,0.0,2
1071.3417680999992,1779881538.0657072,732.421875,200000,0.0,0.0,0.0,2
1071.580938500003,1779881538.3048775,732.421875,200000,0.0,0.0,0.0,2
1071.757280699996,1779881538.481219,732.421875,200000,0.0,0.0,0.0,2
1071.944442299995,1779881538.6683812,732.421875,200000,0.0,0.0,0.0,2
1072.1249614999979,1779881538.8488994,732.421875,200000,0.0,0.0,0.0,2
1072.3549441000068,1779881539.0788813,732.421875,200000,0.0,0.0,0.0,2
1072.5374159000057,1779881539.2613547,732.421875,200000,0.0,0.0,0.0,2
1072.7173286000034,1779881539.441268,732.421875,200000,0.0,0.0,0.0,2
1073.3659058000048,1779881540.0898442,732.421875,200000,0.0,0.0,0.0,2
1073.3735747000028,1779881540.0975142,732.421875,200000,0.0,0.0,0.0,2
1073.3823766999994,1779881540.1063156,732.421875,200000,0.0,0.0,0.0,2
1073.5253162000008,1779881540.249254,732.421875,200000,0.0,0.0,0.0,2
1073.7469289,1779881540.4708686,732.421875,200000,0.0,0.0,0.0,2
1073.9226544999983,1779881540.6465929,732.421875,200000,0.0,0.0,0.0,2
1074.1577835000062,1779881540.8817215,732.421875,200000,0.0,0.0,0.0,2
1074.339060600003,1779881541.0629978,732.421875,200000,0.0,0.0,0.0,2
1074.5273376999976,1779881541.2512758,732.421875,200000,0.0,0.0,0.0,2
1074.7097968000016,1779881541.4337356,732.421875,200000,0.0,0.0,0.0,2
1074.9363211000018,1779881541.6602595,732.421875,200000,0.0,0.0,0.0,2
1075.1141878000053,1779881541.8381257,732.421875,200000,0.0,0.0,0.0,2
1075.3571080999973,1779881542.0810468,732.421875,200000,0.0,0.0,0.0,2
1075.539138799999,1779881542.2630785,732.421875,200000,0.0,0.0,0.0,2
1075.7174562,1779881542.441395,732.421875,200000,0.0,0.0,0.0,2
1075.9051141999953,1779881542.6290524,732.421875,200000,0.0,0.0,0.0,2
1076.0992802999972,1779881542.8232203,732.421875,200000,0.0,0.0,0.0,2
1076.316355300005,1779881543.0402937,732.421875,200000,0.0,0.0,0.0,2
1076.500700100005,1779881543.224638,732.421875,200000,0.0,0.0,0.0,2
1076.7372994000034,1779881543.461239,732.421875,200000,0.0,0.0,0.0,2
1076.9132370000007,1779881543.6371758,732.421875,200000,0.0,0.0,0.0,2
1077.0982981999987,1779881543.8222363,732.421875,200000,0.0,0.0,0.0,2
1077.294201800003,1779881544.0181415,732.421875,200000,0.0,0.0,0.0,2
1077.5103129000054,1779881544.234251,732.421875,200000,0.0,0.0,0.0,2
1077.6995429999952,1779881544.4234807,732.421875,200000,0.0,0.0,0.0,2
1077.8953376999998,1779881544.6192765,732.421875,200000,0.0,0.0,0.0,2
1078.113586899999,1779881544.837525,732.421875,200000,0.0,0.0,0.0,2
1078.3559819999937,1779881545.0799205,732.421875,200000,0.0,0.0,0.0,2
1078.5295406000077,1779881545.2534893,732.421875,200000,0.0,0.0,0.0,2
1079.0698580000026,1779881545.793795,732.421875,200000,0.0,0.0,0.0,2
1079.074565300005,1779881545.798503,732.421875,200000,0.0,0.0,0.0,2
1079.1173462000006,1779881545.8412836,732.421875,200000,0.0,0.0,0.0,2
1079.2853823000041,1779881546.009321,732.421875,200000,0.0,0.0,0.0,2
1079.5003563000064,1779881546.2242942,732.421875,200000,0.0,0.0,0.0,2
1079.734093200008,1779881546.458032,732.421875,200000,0.0,0.0,0.0,2
1079.9186330999946,1779881546.6425729,732.421875,200000,0.0,0.0,0.0,2
1080.083976199996,1779881546.8079138,732.421875,200000,0.0,0.0,0.0,2
1081.1495925000054,1779881547.8735313,732.421875,200000,0.0,0.0,0.0,2
1081.1569293000066,1779881547.8808665,732.421875,200000,0.0,0.0,0.0,2
1081.1831028000015,1779881547.907041,732.421875,200000,0.0,0.0,0.0,2
1081.1885305000033,1779881547.9124677,732.421875,200000,0.0,0.0,0.0,2
1081.194246900006,1779881547.9181848,732.421875,200000,0.0,0.0,0.0,2
1081.2837537000014,1779881548.0076911,732.421875,200000,0.0,0.0,0.0,2
1081.4683290999965,1779881548.192268,732.421875,200000,0.0,0.0,0.0,2
1081.679787000001,1779881548.4037263,732.421875,200000,0.0,0.0,0.0,2
1081.8892901000072,1779881548.6132278,732.421875,200000,0.0,0.0,0.0,2
1082.1391278999945,1779881548.8630672,732.421875,200000,0.0,0.0,0.0,2
1082.3059760000033,1779881549.029914,732.421875,200000,0.0,0.0,0.0,2
1082.4845044999965,1779881549.2084427,732.421875,200000,0.0,0.0,0.0,2
1082.6644793000014,1779881549.3884172,732.421875,200000,0.0,0.0,0.0,2
1082.864954699995,1779881549.588893,732.421875,200000,0.0,0.0,0.0,2
1083.0531432999996,1779881549.7770805,732.421875,200000,0.0,0.0,0.0,2
1083.2707809999993,1779881549.9947195,732.421875,200000,0.0,0.0,0.0,2
1083.4583030000067,1779881550.1822412,732.421875,200000,0.0,0.0,0.0,2
1083.6839920000057,1779881550.4079301,732.421875,200000,0.0,0.0,0.0,2
1083.8649203999958,1779881550.588861,732.421875,200000,0.0,0.0,0.0,2
1084.100126300007,1779881550.824065,732.421875,200000,0.0,0.0,0.0,2
1084.289795100005,1779881551.0137339,732.421875,200000,0.0,0.0,0.0,2
1084.4636656999937,1779881551.187615,732.421875,200000,0.0,0.0,0.0,2
1084.646162799996,1779881551.3701015,732.421875,200000,0.0,0.0,0.0,2
1084.8842245999986,1779881551.608164,732.421875,200000,0.0,0.0,0.0,2
1085.3084649999946,1779881552.0324032,732.421875,200000,0.0,0.0,0.0,2
1085.3138387000072,1779881552.037777,732.421875,200000,0.0,0.0,0.0,2
1085.4445762999967,1779881552.1685147,732.421875,200000,0.0,0.0,0.0,2
1085.6571126000053,1779881552.3810506,732.421875,200000,0.0,0.0,0.0,2
1085.9019921,1779881552.6259308,732.421875,200000,0.0,0.0,0.0,2
1086.0812499000021,1779881552.805188,732.421875,200000,0.0,0.0,0.0,2
1086.257902700003,1779881552.9818423,732.421875,200000,0.0,0.0,0.0,2
1086.4461754000076,1779881553.170114,732.421875,200000,0.0,0.0,0.0,2
1086.6792164000071,1779881553.4031565,732.421875,200000,0.0,0.0,0.0,2
1086.8616479000048,1779881553.5855875,732.421875,200000,0.0,0.0,0.0,2
1087.0430245000025,1779881553.7669628,732.421875,200000,0.0,0.0,0.0,2
1087.2403327000065,1779881553.9642708,732.421875,200000,0.0,0.0,0.0,2
1087.4365147000062,1779881554.1604538,732.421875,200000,0.0,0.0,0.0,2
1087.9003190999938,1779881554.6242585,732.421875,200000,0.0,0.0,0.0,2
1087.907802600006,1779881554.6317413,732.421875,200000,0.0,0.0,0.0,2
1088.0385352000012,1779881554.7624738,732.421875,200000,0.0,0.0,0.0,2
1088.2358755000023,1779881554.9598138,732.421875,200000,0.0,0.0,0.0,2
1088.4404299000016,1779881555.1643698,732.421875,200000,0.0,0.0,0.0,2
1088.6269147999992,1779881555.3508532,732.421875,200000,0.0,0.0,0.0,2
1088.844617099996,1779881555.568555,732.421875,200000,0.0,0.0,0.0,2
1089.0720116000011,1779881555.7959507,732.421875,200000,0.0,0.0,0.0,2
1089.2539303999947,1779881555.9778693,732.421875,200000,0.0,0.0,0.0,2
1089.4353530999942,1779881556.1592922,732.421875,200000,0.0,0.0,0.0,2
1089.678100899997,1779881556.4020402,732.421875,200000,0.0,0.0,0.0,2
1089.8523997000011,1779881556.5763388,732.421875,200000,0.0,0.0,0.0,2
1090.4435664000048,1779881557.1675038,732.421875,200000,0.0,0.0,0.0,2
1090.4483308000054,1779881557.1722696,732.421875,200000,0.0,0.0,0.0,2
1090.4551901999948,1779881557.1791286,732.421875,200000,0.0,0.0,0.0,2
1090.6181527000008,1779881557.3420901,732.421875,200000,0.0,0.0,0.0,2
1090.8298686000053,1779881557.553808,732.421875,200000,0.0,0.0,0.0,2
1091.0190915999992,1779881557.7430298,732.421875,200000,0.0,0.0,0.0,2
1091.2316220000066,1779881557.9555607,732.421875,200000,0.0,0.0,0.0,2
1091.4171831999993,1779881558.1411214,732.421875,200000,0.0,0.0,0.0,2
1091.6509131000057,1779881558.3748515,732.421875,200000,0.0,0.0,0.0,2
1091.8362625000009,1779881558.5602016,732.421875,200000,0.0,0.0,0.0,2
1092.070271699995,1779881558.794211,732.421875,200000,0.0,0.0,0.0,2
1092.5711649000004,1779881559.2951038,732.421875,200000,0.0,0.0,0.0,2
1092.5775895999977,1779881559.3015275,732.421875,200000,0.0,0.0,0.0,2
1092.6174370999943,1779881559.3413746,732.421875,200000,0.0,0.0,0.0,2
1092.8095937000035,1779881559.5335321,732.421875,200000,0.0,0.0,0.0,2
1093.0335188000026,1779881559.7574575,732.421875,200000,0.0,0.0,0.0,2
1093.5814626000065,1779881560.3054004,732.421875,200000,0.0,0.0,0.0,2
1093.5871115000045,1779881560.31105,732.421875,200000,0.0,0.0,0.0,2
1093.6286076999968,1779881560.3525453,732.421875,200000,0.0,0.0,0.0,2
1093.8195444000012,1779881560.543482,732.421875,200000,0.0,0.0,0.0,2
1094.0024437999964,1779881560.7263815,732.421875,200000,0.0,0.0,0.0,2
1094.285851499997,1779881561.0097897,732.421875,200000,0.0,0.0,0.0,2
1094.4079729000077,1779881561.1319113,732.421875,200000,0.0,0.0,0.0,2
1095.1041190999968,1779881561.828057,732.421875,200000,0.0,0.0,0.0,2
1095.1134230000025,1779881561.8373618,732.421875,200000,0.0,0.0,0.0,2
1095.1246952000074,1779881561.8486333,732.421875,200000,0.0,0.0,0.0,2
1095.2402307000011,1779881561.9641697,732.421875,200000,0.0,0.0,0.0,2
1095.4016587000078,1779881562.1255984,732.421875,200000,0.0,0.0,0.0,2
1095.5920033000002,1779881562.3159409,732.421875,200000,0.0,0.0,0.0,2
1095.8018888000079,1779881562.5258262,732.421875,200000,0.0,0.0,0.0,2
1096.0247786999971,1779881562.7487175,732.421875,200000,0.0,0.0,0.0,2
1096.2646214999986,1779881562.98856,732.421875,200000,0.0,0.0,0.0,2
1096.391185200002,1779881563.115124,732.421875,200000,0.0,0.0,0.0,2
1096.6250398999982,1779881563.3489776,732.421875,200000,0.0,0.0,0.0,2
1096.802966400006,1779881563.5269043,732.421875,200000,0.0,0.0,0.0,2
1096.9942680999957,1779881563.7182062,732.421875,200000,0.0,0.0,0.0,2
1097.6851793999958,1779881564.409117,732.421875,200000,0.0,0.0,0.0,2
1097.6954200000037,1779881564.4193594,732.421875,200000,0.0,0.0,0.0,2
1097.7015388,1779881564.4254763,732.421875,200000,0.0,0.0,0.0,2
1097.7965932999941,1779881564.5205305,732.421875,200000,0.0,0.0,0.0,2
1097.9816120000032,1779881564.7055502,732.421875,200000,0.0,0.0,0.0,2
1098.2419697000005,1779881564.965907,732.421875,200000,0.0,0.0,0.0,2
1098.3743869000027,1779881565.0983255,732.421875,200000,0.0,0.0,0.0,2
1098.5983624000073,1779881565.3223,732.421875,200000,0.0,0.0,0.0,2
1098.7887959000072,1779881565.5127342,732.421875,200000,0.0,0.0,0.0,2
1099.0193963000056,1779881565.743335,732.421875,200000,0.0,0.0,0.0,2
1099.2189515000064,1779881565.9428892,732.421875,200000,0.0,0.0,0.0,2
1099.3855531000008,1779881566.1094923,732.421875,200000,0.0,0.0,0.0,2
1099.621718800001,1779881566.3456576,732.421875,200000,0.0,0.0,0.0,2
1099.740474499995,1779881566.4644134,732.421875,200000,0.0,0.0,0.0,2
1099.9841302999994,1779881566.7080705,732.421875,200000,0.0,0.0,0.0,2
1100.1675398999942,1779881566.8914776,732.421875,200000,0.0,0.0,0.0,2
1100.4008899000037,1779881567.1248298,732.421875,200000,0.0,0.0,0.0,2
1100.5815151999996,1779881567.3054528,732.421875,200000,0.0,0.0,0.0,2
1100.766028900005,1779881567.4899683,732.421875,200000,0.0,0.0,0.0,2
1100.9977927,1779881567.721732,732.421875,200000,0.0,0.0,0.0,2
1101.2384366000042,1779881567.9623752,732.421875,200000,0.0,0.0,0.0,2
1101.3648545000033,1779881568.088792,732.421875,200000,0.0,0.0,0.0,2
1101.597593700004,1779881568.3215325,732.421875,200000,0.0,0.0,0.0,2
1101.7766422999994,1779881568.5005798,732.421875,200000,0.0,0.0,0.0,2
1101.968280400004,1779881568.6922219,732.421875,200000,0.0,0.0,0.0,2
1102.2026127999998,1779881568.9265509,732.421875,200000,0.0,0.0,0.0,2
1102.3800695999962,1779881569.104008,732.421875,200000,0.0,0.0,0.0,2
1102.5554333000036,1779881569.279371,732.421875,200000,0.0,0.0,0.0,2
1102.7576240000053,1779881569.4815638,732.421875,200000,0.0,0.0,0.0,2
1102.9432149000058,1779881569.6671538,732.421875,200000,0.0,0.0,0.0,2
1103.2178386000014,1779881569.9417775,732.421875,200000,0.0,0.0,0.0,2
1103.3931920000032,1779881570.1171293,732.421875,200000,0.0,0.0,0.0,2
1103.5764482999948,1779881570.3003874,732.421875,200000,0.0,0.0,0.0,2
1103.7714032000076,1779881570.4953427,732.421875,200000,0.0,0.0,0.0,2
1103.942717500002,1779881570.6666553,732.421875,200000,0.0,0.0,0.0,2
1104.186746499996,1779881570.9106863,732.421875,200000,0.0,0.0,0.0,2
1104.3561948999995,1779881571.0801332,732.421875,200000,0.0,0.0,0.0,2
1104.5357487,1779881571.259687,732.421875,200000,0.0,0.0,0.0,2
1104.743709100003,1779881571.467648,732.421875,200000,0.0,0.0,0.0,2
1104.9304374000058,1779881571.654375,732.421875,200000,0.0,0.0,0.0,2
1105.4415308000025,1779881572.1654696,732.421875,200000,0.0,0.0,0.0,2
1105.4491628999967,1779881572.173102,732.421875,200000,0.0,0.0,0.0,2
1105.533262900004,1779881572.2572005,732.421875,200000,0.0,0.0,0.0,2
1105.7345226000034,1779881572.4584615,732.421875,200000,0.0,0.0,0.0,2
1105.969081400006,1779881572.6930206,732.421875,200000,0.0,0.0,0.0,2
1106.2124422000052,1779881572.9363806,732.421875,200000,0.0,0.0,0.0,2
1106.3394679000048,1779881573.0634062,732.421875,200000,0.0,0.0,0.0,2
1106.5197086999979,1779881573.243646,732.421875,200000,0.0,0.0,0.0,2
1106.751678600005,1779881573.4756165,732.421875,200000,0.0,0.0,0.0,2
1106.9311617000058,1779881573.6550999,732.421875,200000,0.0,0.0,0.0,2
1107.1742318000033,1779881573.8981695,732.421875,200000,0.0,0.0,0.0,2
1107.352992500004,1779881574.0769322,732.421875,200000,0.0,0.0,0.0,2
1107.5369976999937,1779881574.2609363,732.421875,200000,0.0,0.0,0.0,2
1107.7778027000022,1779881574.5017436,732.421875,200000,0.0,0.0,0.0,2
1107.9495452999981,1779881574.6734827,732.421875,200000,0.0,0.0,0.0,2
1108.5510628000047,1779881575.2750018,732.421875,200000,0.0,0.0,0.0,2
1108.5554158000014,1779881575.2793536,732.421875,200000,0.0,0.0,0.0,2
1108.5638583999971,1779881575.2877965,732.421875,200000,0.0,0.0,0.0,2
1108.7310605999955,1779881575.455,732.421875,200000,0.0,0.0,0.0,2
1108.9664805000066,1779881575.6904185,732.421875,200000,0.0,0.0,0.0,2
1109.1493503999955,1779881575.8732886,732.421875,200000,0.0,0.0,0.0,2
1109.3279802000034,1779881576.0519197,732.421875,200000,0.0,0.0,0.0,2
1109.5109591000073,1779881576.2348964,732.421875,200000,0.0,0.0,0.0,2
1109.7069944999967,1779881576.4309332,732.421875,200000,0.0,0.0,0.0,2
1109.9217930000013,1779881576.6457303,732.421875,200000,0.0,0.0,0.0,2
1110.1662824999948,1779881576.8902206,732.421875,200000,0.0,0.0,0.0,2
1110.3450775999954,1779881577.0690167,732.421875,200000,0.0,0.0,0.0,2
1110.5211282999953,1779881577.245066,732.421875,200000,0.0,0.0,0.0,2
1110.7155437000038,1779881577.4394827,732.421875,200000,0.0,0.0,0.0,2
1110.901754000006,1779881577.6256928,732.421875,200000,0.0,0.0,0.0,2
1111.1869236000057,1779881577.910863,732.421875,200000,0.0,0.0,0.0,2
1111.3040118000063,1779881578.0279498,732.421875,200000,0.0,0.0,0.0,2
1111.5086597000045,1779881578.232598,732.421875,200000,0.0,0.0,0.0,2
1111.694809099994,1779881578.418748,732.421875,200000,0.0,0.0,0.0,2
1111.9102371000045,1779881578.6341758,732.421875,200000,0.0,0.0,0.0,2
1112.1443306,1779881578.8682685,732.421875,200000,0.0,0.0,0.0,2
1112.3242304000014,1779881579.0481687,732.421875,200000,0.0,0.0,0.0,2
1112.5025974000018,1779881579.2265358,732.421875,200000,0.0,0.0,0.0,2
1112.7470341000007,1779881579.4709733,732.421875,200000,0.0,0.0,0.0,2
1112.924061800004,1779881579.6480005,732.421875,200000,0.0,0.0,0.0,2
1113.1635340000066,1779881579.887472,732.421875,200000,0.0,0.0,0.0,2
1113.7757045000035,1779881580.4996426,732.421875,200000,0.0,0.0,0.0,2
1113.778668400002,1779881580.502606,732.421875,200000,0.0,0.0,0.0,2
1113.781597699999,1779881580.5055346,732.421875,200000,0.0,0.0,0.0,2
1113.889124399997,1779881580.6130617,732.421875,200000,0.0,0.0,0.0,2
1114.1221470000019,1779881580.8460848,732.421875,200000,0.0,0.0,0.0,2
1114.3001965000003,1779881581.024134,732.421875,200000,0.0,0.0,0.0,2
1114.4832349000062,1779881581.2071738,732.421875,200000,0.0,0.0,0.0,2
1114.7246933999995,1779881581.4486325,732.421875,200000,0.0,0.0,0.0,2
1114.9013492999948,1779881581.6252882,732.421875,200000,0.0,0.0,0.0,2
1115.142749999999,1779881581.866687,732.421875,200000,0.0,0.0,0.0,2
1115.2767381000012,1779881582.0006762,732.421875,200000,0.0,0.0,0.0,2
1115.5046115000005,1779881582.2285511,732.421875,200000,0.0,0.0,0.0,2
1115.6881786000013,1779881582.412117,732.421875,200000,0.0,0.0,0.0,2
1115.8792687999958,1779881582.6032069,732.421875,200000,0.0,0.0,0.0,2
1116.1039953,1779881582.8279338,732.421875,200000,0.0,0.0,0.0,2
1116.2816090999986,1779881583.0055478,732.421875,200000,0.0,0.0,0.0,2
1116.4721750000026,1779881583.196113,732.421875,200000,0.0,0.0,0.0,2
1116.7066026999964,1779881583.4305418,732.421875,200000,0.0,0.0,0.0,2
1116.8808243999956,1779881583.6047626,732.421875,200000,0.0,0.0,0.0,2
1117.444907099998,1779881584.1688454,732.421875,200000,0.0,0.0,0.0,2
1117.450900900003,1779881584.1748388,732.421875,200000,0.0,0.0,0.0,2
1117.4960272000026,1779881584.2199655,732.421875,200000,0.0,0.0,0.0,2
1117.6626089000056,1779881584.386548,732.421875,200000,0.0,0.0,0.0,2
1117.8965747000038,1779881584.6205125,732.421875,200000,0.0,0.0,0.0,2
1118.0798152000061,1779881584.8037543,732.421875,200000,0.0,0.0,0.0,2
1118.249139499996,1779881584.9730773,732.421875,200000,0.0,0.0,0.0,2
1118.493306999997,1779881585.2172456,732.421875,200000,0.0,0.0,0.0,2
1118.6740435999964,1779881585.3979812,732.421875,200000,0.0,0.0,0.0,2
1118.8534192999941,1779881585.5773573,732.421875,200000,0.0,0.0,0.0,2
1119.485268599994,1779881586.2092063,732.421875,200000,0.0,0.0,0.0,2
1119.4911911999952,1779881586.2151296,732.421875,200000,0.0,0.0,0.0,2
1119.4976704,1779881586.2216082,732.421875,200000,0.0,0.0,0.0,2
1119.6514232000045,1779881586.3753622,732.421875,200000,0.0,0.0,0.0,2
1119.8716068000067,1779881586.5955455,732.421875,200000,0.0,0.0,0.0,2
1120.1136704999954,1779881586.8376088,732.421875,200000,0.0,0.0,0.0,2
1120.2970817000023,1779881587.0210195,732.421875,200000,0.0,0.0,0.0,2
1120.4731203999982,1779881587.197059,732.421875,200000,0.0,0.0,0.0,2
1120.651500699998,1779881587.375439,732.421875,200000,0.0,0.0,0.0,2
1120.8461309999984,1779881587.5700696,732.421875,200000,0.0,0.0,0.0,2
1121.0684220999974,1779881587.7923615,732.421875,200000,0.0,0.0,0.0,2
1121.6216874999955,1779881588.3456252,732.421875,200000,0.0,0.0,0.0,2
1121.6285749999952,1779881588.352513,732.421875,200000,0.0,0.0,0.0,2
1121.6717320000025,1779881588.3956714,732.421875,200000,0.0,0.0,0.0,2
1121.8326603000023,1779881588.5565982,732.421875,200000,0.0,0.0,0.0,2
1122.0898325000016,1779881588.8137698,732.421875,200000,0.0,0.0,0.0,2
1122.233104400002,1779881588.9570436,732.421875,200000,0.0,0.0,0.0,2
1122.4515000999963,1779881589.1754396,732.421875,200000,0.0,0.0,0.0,2
1123.1504994999996,1779881589.8744376,732.421875,200000,0.0,0.0,0.0,2
1123.1564937999938,1779881589.8804321,732.421875,200000,0.0,0.0,0.0,2
1123.1623890000046,1779881589.8863273,732.421875,200000,0.0,0.0,0.0,2
1123.239440999998,1779881589.9633787,732.421875,200000,0.0,0.0,0.0,2
1123.4654019000009,1779881590.1893408,732.421875,200000,0.0,0.0,0.0,2
1123.6544802999997,1779881590.3784182,732.421875,200000,0.0,0.0,0.0,2
1123.8263254000049,1779881590.5502634,732.421875,200000,0.0,0.0,0.0,2
1124.0710550999938,1779881590.7949927,732.421875,200000,0.0,0.0,0.0,2
1124.2204025999963,1779881590.9443405,732.421875,200000,0.0,0.0,0.0,2
1124.4825431000063,1779881591.2064953,732.421875,200000,0.0,0.0,0.0,2
1124.6659560999979,1779881591.3898945,732.421875,200000,0.0,0.0,0.0,2
1125.2641154000012,1779881591.988053,732.421875,200000,0.0,0.0,0.0,2
1125.269744899997,1779881591.993684,732.421875,200000,0.0,0.0,0.0,2
1125.2771831999999,1779881592.0011222,732.421875,200000,0.0,0.0,0.0,2
1125.4122530000022,1779881592.1361918,732.421875,200000,0.0,0.0,0.0,2
1125.6269199999952,1779881592.350858,732.421875,200000,0.0,0.0,0.0,2
1125.809967299996,1779881592.5339065,732.421875,200000,0.0,0.0,0.0,2
1126.0466901000036,1779881592.7706292,732.421875,200000,0.0,0.0,0.0,2
1126.225804200003,1779881592.9497435,732.421875,200000,0.0,0.0,0.0,2
1126.4670253000077,1779881593.1909645,732.421875,200000,0.0,0.0,0.0,2
1126.639718499995,1779881593.3636565,732.421875,200000,0.0,0.0,0.0,2
1126.8194290999963,1779881593.5433671,732.421875,200000,0.0,0.0,0.0,2
1127.3566156000015,1779881594.0805535,732.421875,200000,0.0,0.0,0.0,2
1127.3627304999973,1779881594.0866678,732.421875,200000,0.0,0.0,0.0,2
1127.412050400002,1779881594.135989,732.421875,200000,0.0,0.0,0.0,2
1127.6065441999963,1779881594.330482,732.421875,200000,0.0,0.0,0.0,2
1127.8093803999946,1779881594.533319,732.421875,200000,0.0,0.0,0.0,2
1128.0282817999978,1779881594.752221,732.421875,200000,0.0,0.0,0.0,2
1128.260814399997,1779881594.9847527,732.421875,200000,0.0,0.0,0.0,2
1128.4423087000032,1779881595.1662474,732.421875,200000,0.0,0.0,0.0,2
1128.933737200001,1779881595.657675,732.421875,200000,0.0,0.0,0.0,2
1128.936676600002,1779881595.6606135,732.421875,200000,0.0,0.0,0.0,2
1129.0013088999985,1779881595.725247,732.421875,200000,0.0,0.0,0.0,2
1129.1954807000002,1779881595.919419,732.421875,200000,0.0,0.0,0.0,2
1129.4120105000038,1779881596.1359499,732.421875,200000,0.0,0.0,0.0,2
1129.916081400006,1779881596.6400204,732.421875,200000,0.0,0.0,0.0,2
1129.9212180000031,1779881596.6451554,732.421875,200000,0.0,0.0,0.0,2
1130.0049470999948,1779881596.7288854,732.421875,200000,0.0,0.0,0.0,2
1130.1985965000058,1779881596.9225345,732.421875,200000,0.0,0.0,0.0,2
1130.3969436000043,1779881597.1208808,732.421875,200000,0.0,0.0,0.0,2
1130.5989980000013,1779881597.322937,732.421875,200000,0.0,0.0,0.0,2
1130.7843799999973,1779881597.5083175,732.421875,200000,0.0,0.0,0.0,2
1130.9995568000013,1779881597.7234972,732.421875,200000,0.0,0.0,0.0,2
1131.4876853000023,1779881598.2116237,732.421875,200000,0.0,0.0,0.0,2
1131.4943342000042,1779881598.2182724,732.421875,200000,0.0,0.0,0.0,2
1131.587118800002,1779881598.3110573,732.421875,200000,0.0,0.0,0.0,2
1131.793604999999,1779881598.5175447,732.421875,200000,0.0,0.0,0.0,2
1131.9910129000054,1779881598.7149541,732.421875,200000,0.0,0.0,0.0,2
1132.1809023999958,1779881598.90484,732.421875,200000,0.0,0.0,0.0,2
1132.401382199998,1779881599.1253211,732.421875,200000,0.0,0.0,0.0,2
1132.6383415000018,1779881599.3622854,732.421875,200000,0.0,0.0,0.0,2
1132.8149116999994,1779881599.5388503,732.421875,200000,0.0,0.0,0.0,2
1132.9965426999988,1779881599.7204816,732.421875,200000,0.0,0.0,0.0,2
1133.1760046999989,1779881599.8999429,732.421875,200000,0.0,0.0,0.0,2
1133.3818112000008,1779881600.1057491,732.421875,200000,0.0,0.0,0.0,2
1133.5730253000074,1779881600.2969637,732.421875,200000,0.0,0.0,0.0,2
1134.0904341999994,1779881600.8143737,732.421875,200000,0.0,0.0,0.0,2
1134.0957171000045,1779881600.819655,732.421875,200000,0.0,0.0,0.0,2
1134.1773635999998,1779881600.9013033,732.421875,200000,0.0,0.0,0.0,2
1134.3806039000046,1779881601.1045415,732.421875,200000,0.0,0.0,0.0,2
1134.562769199998,1779881601.2867076,732.421875,200000,0.0,0.0,0.0,2
1134.7666436,1779881601.490582,732.421875,200000,0.0,0.0,0.0,2
1134.985515399996,1779881601.7094529,732.421875,200000,0.0,0.0,0.0,2
1135.2165953000076,1779881601.9405344,732.421875,200000,0.0,0.0,0.0,2
1135.3881120000005,1779881602.1120493,732.421875,200000,0.0,0.0,0.0,2
1135.5715200999985,1779881602.2954586,732.421875,200000,0.0,0.0,0.0,2
1135.7590257999982,1779881602.4829648,732.421875,200000,0.0,0.0,0.0,2
1135.984787399997,1779881602.7087257,732.421875,200000,0.0,0.0,0.0,2
1136.1753336999973,1779881602.8992722,732.421875,200000,0.0,0.0,0.0,2
1136.367230799995,1779881603.091169,732.421875,200000,0.0,0.0,0.0,2
1136.5556578999967,1779881603.2795963,732.421875,200000,0.0,0.0,0.0,2
1136.7742791000055,1779881603.4982188,732.421875,200000,0.0,0.0,0.0,2
1136.9562758999964,1779881603.6802151,732.421875,200000,0.0,0.0,0.0,2
1137.189597500008,1779881603.913535,732.421875,200000,0.0,0.0,0.0,2
1137.7411876999977,1779881604.4651272,732.421875,200000,0.0,0.0,0.0,2
1137.748999500007,1779881604.4729388,732.421875,200000,0.0,0.0,0.0,2
1137.7808504999994,1779881604.5047898,732.421875,200000,0.0,0.0,0.0,2
1137.9565727000008,1779881604.6805103,732.421875,200000,0.0,0.0,0.0,2
1138.1547154,1779881604.878656,732.421875,200000,0.0,0.0,0.0,2
1138.3467106000026,1779881605.07065,732.421875,200000,0.0,0.0,0.0,2
1138.5697554000071,1779881605.2936938,732.421875,200000,0.0,0.0,0.0,2
1138.807766900005,1779881605.531706,732.421875,200000,0.0,0.0,0.0,2
1138.949300399996,1779881605.673238,732.421875,200000,0.0,0.0,0.0,2
1139.1646290000062,1779881605.8885682,732.421875,200000,0.0,0.0,0.0,2
1139.8096996999957,1779881606.533637,732.421875,200000,0.0,0.0,0.0,2
1139.8179801000078,1779881606.5419183,732.421875,200000,0.0,0.0,0.0,2
1139.824219999995,1779881606.548158,732.421875,200000,0.0,0.0,0.0,2
1139.9420868000016,1779881606.6660254,732.421875,200000,0.0,0.0,0.0,2
1140.1368436000048,1779881606.860783,732.421875,200000,0.0,0.0,0.0,2
1140.3586694999976,1779881607.0826075,732.421875,200000,0.0,0.0,0.0,2
1140.547080400007,1779881607.2710192,732.421875,200000,0.0,0.0,0.0,2
1140.7761350000073,1779881607.5000727,732.421875,200000,0.0,0.0,0.0,2
1140.9623361999984,1779881607.6862755,732.421875,200000,0.0,0.0,0.0,2
1141.1421566000063,1779881607.866096,732.421875,200000,0.0,0.0,0.0,2
1141.3324665999971,1779881608.0564053,732.421875,200000,0.0,0.0,0.0,2
1141.5228445999965,1779881608.2467825,732.421875,200000,0.0,0.0,0.0,2
1141.7358280000044,1779881608.4597654,732.421875,200000,0.0,0.0,0.0,2
1142.3820759999944,1779881609.1060143,732.421875,200000,0.0,0.0,0.0,2
1142.3921546000056,1779881609.1160936,732.421875,200000,0.0,0.0,0.0,2
1142.3997227999935,1779881609.1236608,732.421875,200000,0.0,0.0,0.0,2
1142.528362500001,1779881609.252301,732.421875,200000,0.0,0.0,0.0,2
1142.7178948000073,1779881609.4418325,732.421875,200000,0.0,0.0,0.0,2
1142.9476832000073,1779881609.6716216,732.421875,200000,0.0,0.0,0.0,2
1143.4365451000049,1779881610.160484,732.421875,200000,0.0,0.0,0.0,2
1143.4432447,1779881610.1671836,732.421875,200000,0.0,0.0,0.0,2
1143.5189018999954,1779881610.242841,732.421875,200000,0.0,0.0,0.0,2
1143.713367400007,1779881610.4373066,732.421875,200000,0.0,0.0,0.0,2
1143.9387376999948,1779881610.6626763,732.421875,200000,0.0,0.0,0.0,2
1144.1482774000033,1779881610.872216,732.421875,200000,0.0,0.0,0.0,2
1144.3259094999958,1779881611.049852,732.421875,200000,0.0,0.0,0.0,2
1144.521099599995,1779881611.2450378,732.421875,200000,0.0,0.0,0.0,2
1144.7119355000032,1779881611.4358742,732.421875,200000,0.0,0.0,0.0,2
1144.9342028999963,1779881611.6581419,732.421875,200000,0.0,0.0,0.0,2
1145.4856321999978,1779881612.2095697,732.421875,200000,0.0,0.0,0.0,2
1145.488486400005,1779881612.212424,732.421875,200000,0.0,0.0,0.0,2
1145.5352124000055,1779881612.2591512,732.421875,200000,0.0,0.0,0.0,2
1145.7228499000048,1779881612.446788,732.421875,200000,0.0,0.0,0.0,2
1145.9394723000005,1779881612.6634107,732.421875,200000,0.0,0.0,0.0,2
1146.127803299998,1779881612.8517418,732.421875,200000,0.0,0.0,0.0,2
1146.3078148000059,1779881613.031754,732.421875,200000,0.0,0.0,0.0,2
1146.539613999994,1779881613.2635515,732.421875,200000,0.0,0.0,0.0,2
1146.7174735000008,1779881613.4414122,732.421875,200000,0.0,0.0,0.0,2
1146.966849000004,1779881613.69079,732.421875,200000,0.0,0.0,0.0,2
1147.1406452999945,1779881613.864585,732.421875,200000,0.0,0.0,0.0,2
1147.322020599997,1779881614.0459597,732.421875,200000,0.0,0.0,0.0,2
1147.5054552000074,1779881614.2293947,732.421875,200000,0.0,0.0,0.0,2
1147.6904693999968,1779881614.4144075,732.421875,200000,0.0,0.0,0.0,2
1147.912882699995,1779881614.6368215,732.421875,200000,0.0,0.0,0.0,2
1148.1003408999968,1779881614.8242803,732.421875,200000,0.0,0.0,0.0,2
1148.2968936999969,1779881615.0208318,732.421875,200000,0.0,0.0,0.0,2
1148.4870408999996,1779881615.2109802,732.421875,200000,0.0,0.0,0.0,2
1148.6976089999953,1779881615.4215465,732.421875,200000,0.0,0.0,0.0,2
1148.9254061999964,1779881615.6493435,732.421875,200000,0.0,0.0,0.0,2
1149.1130774000048,1779881615.8370163,732.421875,200000,0.0,0.0,0.0,2
1149.6958950999979,1779881616.4198332,732.421875,200000,0.0,0.0,0.0,2
1149.7000803999981,1779881616.424019,732.421875,200000,0.0,0.0,0.0,2
1149.7553939000063,1779881616.4793339,732.421875,200000,0.0,0.0,0.0,2
1149.8838567000057,1779881616.6077962,732.421875,200000,0.0,0.0,0.0,2
1150.083138899994,1779881616.8070784,732.421875,200000,0.0,0.0,0.0,2
1150.3102872000018,1779881617.0342262,732.421875,200000,0.0,0.0,0.0,2
1150.486908699997,1779881617.2108462,732.421875,200000,0.0,0.0,0.0,2
1150.7296345000068,1779881617.4535737,732.421875,200000,0.0,0.0,0.0,2
1150.908058400004,1779881617.6319964,732.421875,200000,0.0,0.0,0.0,2
1151.087297799997,1779881617.811237,732.421875,200000,0.0,0.0,0.0,2
1151.327667000005,1779881618.0516057,732.421875,200000,0.0,0.0,0.0,2
1151.5104821999994,1779881618.234421,732.421875,200000,0.0,0.0,0.0,2
1151.6864853000006,1779881618.4104228,732.421875,200000,0.0,0.0,0.0,2
1151.871372099995,1779881618.5953107,732.421875,200000,0.0,0.0,0.0,2
1152.107116900006,1779881618.8310566,732.421875,200000,0.0,0.0,0.0,2
1152.2900933000055,1779881619.014032,732.421875,200000,0.0,0.0,0.0,2
1152.4736548999936,1779881619.197594,732.421875,200000,0.0,0.0,0.0,2
1152.6646411999973,1779881619.3885803,732.421875,200000,0.0,0.0,0.0,2
1152.8876076000015,1779881619.6115465,732.421875,200000,0.0,0.0,0.0,2
1153.0787227999972,1779881619.8026624,732.421875,200000,0.0,0.0,0.0,2
1153.3097607999953,1779881620.033701,732.421875,200000,0.0,0.0,0.0,2
1153.4902546999947,1779881620.214194,732.421875,200000,0.0,0.0,0.0,2
1153.6555711999972,1779881620.3795097,732.421875,200000,0.0,0.0,0.0,2
1153.9056370000035,1779881620.6295762,732.421875,200000,0.0,0.0,0.0,2
1154.085145799996,1779881620.8090835,732.421875,200000,0.0,0.0,0.0,2
1154.2712135000038,1779881620.9951513,732.421875,200000,0.0,0.0,0.0,2
1154.4528431000072,1779881621.1767821,732.421875,200000,0.0,0.0,0.0,2
1154.6603165999986,1779881621.3842552,732.421875,200000,0.0,0.0,0.0,2
1154.9246424000012,1779881621.6485803,732.421875,200000,0.0,0.0,0.0,2
1155.1041232999996,1779881621.8280613,732.421875,200000,0.0,0.0,0.0,2
1155.2829520999949,1779881622.0068917,732.421875,200000,0.0,0.0,0.0,2
1155.4584955000028,1779881622.1824353,732.421875,200000,0.0,0.0,0.0,2
1155.648907900002,1779881622.3728461,732.421875,200000,0.0,0.0,0.0,2
1155.8788224000018,1779881622.6027615,732.421875,200000,0.0,0.0,0.0,2
1156.0606909000053,1779881622.7846305,732.421875,200000,0.0,0.0,0.0,2
1156.2547798000014,1779881622.9787188,732.421875,200000,0.0,0.0,0.0,2
1156.4809740000055,1779881623.2049136,732.421875,200000,0.0,0.0,0.0,2
1156.6590782999992,1779881623.383016,732.421875,200000,0.0,0.0,0.0,2
1156.9023514,1779881623.6262908,732.421875,200000,0.0,0.0,0.0,2
1157.0804736999999,1779881623.8044126,732.421875,200000,0.0,0.0,0.0,2
1157.2613352000044,1779881623.9852736,732.421875,200000,0.0,0.0,0.0,2
1157.443469699996,1779881624.1674082,732.421875,200000,0.0,0.0,0.0,2
1157.6801854000078,1779881624.404125,732.421875,200000,0.0,0.0,0.0,2
1157.8598697999987,1779881624.5838072,732.421875,200000,0.0,0.0,0.0,2
1158.0509127999976,1779881624.7748513,732.421875,200000,0.0,0.0,0.0,2
1158.230468499998,1779881624.9544075,732.421875,200000,0.0,0.0,0.0,2
1158.4672717000067,1779881625.1912117,732.421875,200000,0.0,0.0,0.0,2
1158.645745700007,1779881625.3696854,732.421875,200000,0.0,0.0,0.0,2
1158.8795783999958,1779881625.6035166,732.421875,200000,0.0,0.0,0.0,2
1159.0722648999945,1779881625.796206,732.421875,200000,0.0,0.0,0.0,2
1159.2372418000014,1779881625.9611814,732.421875,200000,0.0,0.0,0.0,2
1159.4280582000065,1779881626.1519973,732.421875,200000,0.0,0.0,0.0,2
1159.6565405000001,1779881626.3804796,732.421875,200000,0.0,0.0,0.0,2
1159.8357219000027,1779881626.559659,732.421875,200000,0.0,0.0,0.0,2
1160.0383563000069,1779881626.7622976,732.421875,200000,0.0,0.0,0.0,2
1160.263502300004,1779881626.987441,732.421875,200000,0.0,0.0,0.0,2
1160.4401614999952,1779881627.1641011,732.421875,200000,0.0,0.0,0.0,2
1160.6799148999999,1779881627.4038546,732.421875,200000,0.0,0.0,0.0,2
1160.8524028999964,1779881627.5763407,732.421875,200000,0.0,0.0,0.0,2
1161.0377257000073,1779881627.7616627,732.421875,200000,0.0,0.0,0.0,2
1161.6123088000022,1779881628.3362467,732.421875,200000,0.0,0.0,0.0,2
1161.6193730999948,1779881628.3433118,732.421875,200000,0.0,0.0,0.0,2
1161.6600060000055,1779881628.383944,732.421875,200000,0.0,0.0,0.0,2
1161.8194474000047,1779881628.5433848,732.421875,200000,0.0,0.0,0.0,2
1162.061455300005,1779881628.785394,732.421875,200000,0.0,0.0,0.0,2
1162.234465200003,1779881628.9584029,732.421875,200000,0.0,0.0,0.0,2
1162.4303203000018,1779881629.1542597,732.421875,200000,0.0,0.0,0.0,2
1162.6477851999953,1779881629.371723,732.421875,200000,0.0,0.0,0.0,2
1162.8358977000025,1779881629.5598373,732.421875,200000,0.0,0.0,0.0,2
1163.0090006999962,1779881629.7329385,732.421875,200000,0.0,0.0,0.0,2
1163.2131453000038,1779881629.9370842,732.421875,200000,0.0,0.0,0.0,2
1163.6803630000068,1779881630.404302,732.421875,200000,0.0,0.0,0.0,2
1163.6871748999984,1779881630.4111128,732.421875,200000,0.0,0.0,0.0,2
1163.8063905000017,1779881630.530329,732.421875,200000,0.0,0.0,0.0,2
1163.9961668000033,1779881630.720106,732.421875,200000,0.0,0.0,0.0,2
1164.2128991000063,1779881630.9368372,732.421875,200000,0.0,0.0,0.0,2
1164.395346300007,1779881631.1192846,732.421875,200000,0.0,0.0,0.0,2
1164.6279930000019,1779881631.3519306,732.421875,200000,0.0,0.0,0.0,2
1164.8133117999969,1779881631.5372508,732.421875,200000,0.0,0.0,0.0,2
1164.9989430999995,1779881631.7228816,732.421875,200000,0.0,0.0,0.0,2
1165.2325513999967,1779881631.9564888,732.421875,200000,0.0,0.0,0.0,2
1165.7453002999973,1779881632.4692385,732.421875,200000,0.0,0.0,0.0,2
1165.751858500007,1779881632.4757965,732.421875,200000,0.0,0.0,0.0,2
1165.8098554000026,1779881632.5337942,732.421875,200000,0.0,0.0,0.0,2
1165.9937921999954,1779881632.7177298,732.421875,200000,0.0,0.0,0.0,2
1166.1947630000068,1779881632.9187014,732.421875,200000,0.0,0.0,0.0,2
1166.429274299997,1779881633.1532123,732.421875,200000,0.0,0.0,0.0,2
1166.606541400004,1779881633.3304808,732.421875,200000,0.0,0.0,0.0,2
1166.8046082999936,1779881633.528548,732.421875,200000,0.0,0.0,0.0,2
1167.0247341000068,1779881633.7486732,732.421875,200000,0.0,0.0,0.0,2
1167.2078531000006,1779881633.931791,732.421875,200000,0.0,0.0,0.0,2
1167.8122986999952,1779881634.5362368,732.421875,200000,0.0,0.0,0.0,2
1167.8167160000012,1779881634.5406535,732.421875,200000,0.0,0.0,0.0,2
1167.8239323000016,1779881634.5478716,732.421875,200000,0.0,0.0,0.0,2
1167.979552100005,1779881634.7034912,732.421875,200000,0.0,0.0,0.0,2
1168.1731428000057,1779881634.897082,732.421875,200000,0.0,0.0,0.0,2
1168.381212799999,1779881635.105153,732.421875,200000,0.0,0.0,0.0,2
1168.862059399995,1779881635.5859969,732.421875,200000,0.0,0.0,0.0,2
1168.8650856000022,1779881635.589023,732.421875,200000,0.0,0.0,0.0,2
1168.9779307999997,1779881635.701869,732.421875,200000,0.0,0.0,0.0,2
1169.2392645000073,1779881635.9632018,732.421875,200000,0.0,0.0,0.0,2
1169.3781633000035,1779881636.1021025,732.421875,200000,0.0,0.0,0.0,2
1169.8717863000056,1779881636.5957243,732.421875,200000,0.0,0.0,0.0,2
1169.8765972999972,1779881636.6005356,732.421875,200000,0.0,0.0,0.0,2
1169.9762297999987,1779881636.7001672,732.421875,200000,0.0,0.0,0.0,2
1170.1732017000031,1779881636.897141,732.421875,200000,0.0,0.0,0.0,2
1170.3825443999958,1779881637.106482,732.421875,200000,0.0,0.0,0.0,2
1170.921671899996,1779881637.64561,732.421875,200000,0.0,0.0,0.0,2
1170.9260044999974,1779881637.6499429,732.421875,200000,0.0,0.0,0.0,2
1170.9669047000061,1779881637.6908429,732.421875,200000,0.0,0.0,0.0,2
1171.2246205999982,1779881637.9485588,732.421875,200000,0.0,0.0,0.0,2
1171.3560698000074,1779881638.0800085,732.421875,200000,0.0,0.0,0.0,2
1171.5767538000073,1779881638.3006914,732.421875,200000,0.0,0.0,0.0,2
1171.760304800002,1779881638.4842422,732.421875,200000,0.0,0.0,0.0,2
1172.0060371,1779881638.7299745,732.421875,200000,0.0,0.0,0.0,2
1172.2392443999997,1779881638.9631834,732.421875,200000,0.0,0.0,0.0,2
1172.358705999999,1779881639.0826435,732.421875,200000,0.0,0.0,0.0,2
1172.9929148999945,1779881639.7168524,732.421875,200000,0.0,0.0,0.0,2
1172.9970914000005,1779881639.7210305,732.421875,200000,0.0,0.0,0.0,2
1173.0034872999968,1779881639.7274249,732.421875,200000,0.0,0.0,0.0,2
1173.204805500005,1779881639.928743,732.421875,200000,0.0,0.0,0.0,2
1173.3932226000034,1779881640.1171615,732.421875,200000,0.0,0.0,0.0,2
1173.5585169999977,1779881640.2824552,732.421875,200000,0.0,0.0,0.0,2
1173.793262399995,1779881640.5172002,732.421875,200000,0.0,0.0,0.0,2
1173.977475199994,1779881640.7014132,732.421875,200000,0.0,0.0,0.0,2
1174.221477900006,1779881640.9454167,732.421875,200000,0.0,0.0,0.0,2
1174.3376494999975,1779881641.0615878,732.421875,200000,0.0,0.0,0.0,2
1174.556556800002,1779881641.2804956,732.421875,200000,0.0,0.0,0.0,2
1174.7661783000076,1779881641.4901166,732.421875,200000,0.0,0.0,0.0,2
1174.937661799995,1779881641.6616,732.421875,200000,0.0,0.0,0.0,2
1175.2363893000002,1779881641.9603274,732.421875,200000,0.0,0.0,0.0,2
1175.3508975000004,1779881642.0748358,732.421875,200000,0.0,0.0,0.0,2
1175.5550439000071,1779881642.278983,732.421875,200000,0.0,0.0,0.0,2
1175.7271082999941,1779881642.4510465,732.421875,200000,0.0,0.0,0.0,2
1175.9345402000035,1779881642.6584802,732.421875,200000,0.0,0.0,0.0,2
1176.1949858000007,1779881642.918924,732.421875,200000,0.0,0.0,0.0,2
1176.3743990000075,1779881643.0983372,732.421875,200000,0.0,0.0,0.0,2
1176.558468000003,1779881643.2824068,732.421875,200000,0.0,0.0,0.0,2
1177.1606786000048,1779881643.8846161,732.421875,200000,0.0,0.0,0.0,2
1177.1634538000071,1779881643.8873913,732.421875,200000,0.0,0.0,0.0,2
1177.1993455000047,1779881643.9232838,732.421875,200000,0.0,0.0,0.0,2
1177.3220359999978,1779881644.045974,732.421875,200000,0.0,0.0,0.0,2
1177.5538044999994,1779881644.2777438,732.421875,200000,0.0,0.0,0.0,2
1177.7410788999987,1779881644.4650185,732.421875,200000,0.0,0.0,0.0,2
1178.2477884999971,1779881644.9717267,732.421875,200000,0.0,0.0,0.0,2
1178.2536401999969,1779881644.9775784,732.421875,200000,0.0,0.0,0.0,2
1178.3203951000032,1779881645.0443342,732.421875,200000,0.0,0.0,0.0,2
1178.524246400004,1779881645.2481856,732.421875,200000,0.0,0.0,0.0,2
1178.7128424999974,1779881645.4367805,732.421875,200000,0.0,0.0,0.0,2
1178.9220653999946,1779881645.646005,732.421875,200000,0.0,0.0,0.0,2
1179.159870699994,1779881645.8838098,732.421875,200000,0.0,0.0,0.0,2
1179.323780599996,1779881646.0477207,732.421875,200000,0.0,0.0,0.0,2
1179.5541522999993,1779881646.2780907,732.421875,200000,0.0,0.0,0.0,2
1179.7253894000023,1779881646.4493268,732.421875,200000,0.0,0.0,0.0,2
1179.9133426000044,1779881646.637282,732.421875,200000,0.0,0.0,0.0,2
1180.1526720999973,1779881646.8766103,732.421875,200000,0.0,0.0,0.0,2
1180.3321514999989,1779881647.0560904,732.421875,200000,0.0,0.0,0.0,2
1180.8123057000048,1779881647.5362437,732.421875,200000,0.0,0.0,0.0,2
1180.8172470999998,1779881647.541186,732.421875,200000,0.0,0.0,0.0,2
1180.9112456000003,1779881647.6351833,732.421875,200000,0.0,0.0,0.0,2
1181.1750857000006,1779881647.8990254,732.421875,200000,0.0,0.0,0.0,2
1181.2991723000014,1779881648.0231104,732.421875,200000,0.0,0.0,0.0,2
1181.5318021999992,1779881648.25574,732.421875,200000,0.0,0.0,0.0,2
1181.708857599995,1779881648.432795,732.421875,200000,0.0,0.0,0.0,2
1182.3661886000045,1779881649.090129,732.421875,200000,0.0,0.0,0.0,2
1182.374350099999,1779881649.0982902,732.421875,200000,0.0,0.0,0.0,2
1182.3809389999951,1779881649.1048777,732.421875,200000,0.0,0.0,0.0,2
1182.5013011999981,1779881649.2252393,732.421875,200000,0.0,0.0,0.0,2
1182.6991555999994,1779881649.4230938,732.421875,200000,0.0,0.0,0.0,2
1182.9042532000021,1779881649.6281912,732.421875,200000,0.0,0.0,0.0,2
1183.1304507000023,1779881649.8543894,732.421875,200000,0.0,0.0,0.0,2
1183.326365800007,1779881650.0503054,732.421875,200000,0.0,0.0,0.0,2
1183.501361600007,1779881650.2252996,732.421875,200000,0.0,0.0,0.0,2
1183.6927661999944,1779881650.4167051,732.421875,200000,0.0,0.0,0.0,2
1183.9284394999995,1779881650.6523778,732.421875,200000,0.0,0.0,0.0,2
1184.4839994000067,1779881651.2079391,732.421875,200000,0.0,0.0,0.0,2
1184.4940560999967,1779881651.2179947,732.421875,200000,0.0,0.0,0.0,2
1184.5489398000063,1779881651.2728786,732.421875,200000,0.0,0.0,0.0,2
1184.6751962999988,1779881651.3991342,732.421875,200000,0.0,0.0,0.0,2
1184.8833760999987,1779881651.6073158,732.421875,200000,0.0,0.0,0.0,2
1185.1264691999968,1779881651.850408,732.421875,200000,0.0,0.0,0.0,2
1185.2934988000052,1779881652.0174363,732.421875,200000,0.0,0.0,0.0,2
1185.4872367000062,1779881652.211176,732.421875,200000,0.0,0.0,0.0,2
1186.0325314000074,1779881652.7564712,732.421875,200000,0.0,0.0,0.0,2
1186.0399391999963,1779881652.7638786,732.421875,200000,0.0,0.0,0.0,2
1186.1106212000013,1779881652.8345594,732.421875,200000,0.0,0.0,0.0,2
1186.2725549000024,1779881652.996493,732.421875,200000,0.0,0.0,0.0,2
1186.5067739000078,1779881653.2307115,732.421875,200000,0.0,0.0,0.0,2
1186.683602300007,1779881653.4075396,732.421875,200000,0.0,0.0,0.0,2
1186.8661106000072,1779881653.590049,732.421875,200000,0.0,0.0,0.0,2
1187.623218000008,1779881654.347157,732.421875,200000,0.0,0.0,0.0,2
1187.627228700003,1779881654.3511662,732.421875,200000,0.0,0.0,0.0,2
1187.6300995000056,1779881654.3540368,732.421875,200000,0.0,0.0,0.0,2
1187.6757613999944,1779881654.3996994,732.421875,200000,0.0,0.0,0.0,2
1187.8721344000078,1779881654.5960732,732.421875,200000,0.0,0.0,0.0,2
1188.120363599999,1779881654.8443036,732.421875,200000,0.0,0.0,0.0,2
1188.2970923999965,1779881655.0210307,732.421875,200000,0.0,0.0,0.0,2
1188.4823143999965,1779881655.2062538,732.421875,200000,0.0,0.0,0.0,2
1188.665688699999,1779881655.389627,732.421875,200000,0.0,0.0,0.0,2
1188.8576356999984,1779881655.5815756,732.421875,200000,0.0,0.0,0.0,2
1189.0984066999954,1779881655.8223462,732.421875,200000,0.0,0.0,0.0,2
1189.2659752000036,1779881655.9899147,732.421875,200000,0.0,0.0,0.0,2
1189.4939107999962,1779881656.2178502,732.421875,200000,0.0,0.0,0.0,2
1189.670137299996,1779881656.3940747,732.421875,200000,0.0,0.0,0.0,2
1189.8592256999982,1779881656.5831647,732.421875,200000,0.0,0.0,0.0,2
1190.0941824000038,1779881656.818122,732.421875,200000,0.0,0.0,0.0,2
1190.2874415999977,1779881657.0113814,732.421875,200000,0.0,0.0,0.0,2
1190.766426999995,1779881657.4903653,732.421875,200000,0.0,0.0,0.0,2
1190.7739123000065,1779881657.4978511,732.421875,200000,0.0,0.0,0.0,2
1190.8550344999967,1779881657.5789742,732.421875,200000,0.0,0.0,0.0,2
1191.0766153000004,1779881657.8005545,732.421875,200000,0.0,0.0,0.0,2
1191.2504654000077,1779881657.974405,732.421875,200000,0.0,0.0,0.0,2
1191.7822304000001,1779881658.5061686,732.421875,200000,0.0,0.0,0.0,2
1191.7883012999955,1779881658.5122392,732.421875,200000,0.0,0.0,0.0,2
1191.8464314000012,1779881658.570369,732.421875,200000,0.0,0.0,0.0,2
1192.0670286999957,1779881658.7909663,732.421875,200000,0.0,0.0,0.0,2
1192.247379499997,1779881658.971317,732.421875,200000,0.0,0.0,0.0,2
1192.449185599995,1779881659.1731238,732.421875,200000,0.0,0.0,0.0,2
1192.678774,1779881659.4027128,732.421875,200000,0.0,0.0,0.0,2
1192.852161200004,1779881659.5761,732.421875,200000,0.0,0.0,0.0,2
1193.0967135999963,1779881659.8206532,732.421875,200000,0.0,0.0,0.0,2
1193.243350699995,1779881659.9672883,732.421875,200000,0.0,0.0,0.0,2
1193.446075800006,1779881660.1700134,732.421875,200000,0.0,0.0,0.0,2
1193.6336617000052,1779881660.3576005,732.421875,200000,0.0,0.0,0.0,2
1193.871499300003,1779881660.5954373,732.421875,200000,0.0,0.0,0.0,2
1194.4055840999936,1779881661.1295228,732.421875,200000,0.0,0.0,0.0,2
1194.4140196999942,1779881661.1379604,732.421875,200000,0.0,0.0,0.0,2
1194.4527419000078,1779881661.1766794,732.421875,200000,0.0,0.0,0.0,2
1194.633518799994,1779881661.357457,732.421875,200000,0.0,0.0,0.0,2
1194.8257482000045,1779881661.5496862,732.421875,200000,0.0,0.0,0.0,2
1195.0703158999968,1779881661.7942548,732.421875,200000,0.0,0.0,0.0,2
1195.2517564000009,1779881661.9756958,732.421875,200000,0.0,0.0,0.0,2
1195.4359685999952,1779881662.159907,732.421875,200000,0.0,0.0,0.0,2
1195.6280898999976,1779881662.3520293,732.421875,200000,0.0,0.0,0.0,2
1195.8166679999995,1779881662.5406065,732.421875,200000,0.0,0.0,0.0,2
1196.038575700004,1779881662.7625144,732.421875,200000,0.0,0.0,0.0,2
1196.274353300003,1779881662.9982913,732.421875,200000,0.0,0.0,0.0,2
1196.4270596999995,1779881663.1509995,732.421875,200000,0.0,0.0,0.0,2
1196.9408473000076,1779881663.664785,732.421875,200000,0.0,0.0,0.0,2
1196.9445237000036,1779881663.6684613,732.421875,200000,0.0,0.0,0.0,2
1197.0297056999989,1779881663.753644,732.421875,200000,0.0,0.0,0.0,2
1197.2345789999963,1779881663.958518,732.421875,200000,0.0,0.0,0.0,2
1197.4109434999991,1779881664.1348817,732.421875,200000,0.0,0.0,0.0,2
1197.6065227000072,1779881664.330461,732.421875,200000,0.0,0.0,0.0,2
1197.8265934999945,1779881664.5505326,732.421875,200000,0.0,0.0,0.0,2
1198.0240094000037,1779881664.7479496,732.421875,200000,0.0,0.0,0.0,2
1198.253391499995,1779881664.9773304,732.421875,200000,0.0,0.0,0.0,2
1198.4302807000058,1779881665.1542199,732.421875,200000,0.0,0.0,0.0,2
1199.0351063999988,1779881665.759045,732.421875,200000,0.0,0.0,0.0,2
1199.0418361000047,1779881665.7657754,732.421875,200000,0.0,0.0,0.0,2
1199.0513155999943,1779881665.7752552,732.421875,200000,0.0,0.0,0.0,2
1199.2199609999952,1779881665.9438992,732.421875,200000,0.0,0.0,0.0,2
1199.404046399999,1779881666.1279852,732.421875,200000,0.0,0.0,0.0,2
1199.6194333000021,1779881666.3433728,732.421875,200000,0.0,0.0,0.0,2
1199.8058027999941,1779881666.5297408,732.421875,200000,0.0,0.0,0.0,2
1200.0385472000053,1779881666.7624853,732.421875,200000,0.0,0.0,0.0,2
1200.5780375000031,1779881667.3019772,732.421875,200000,0.0,0.0,0.0,2
1200.5891660000052,1779881667.3131037,732.421875,200000,0.0,0.0,0.0,2
1200.6255854000046,1779881667.3495243,732.421875,200000,0.0,0.0,0.0,2
1200.7965957999986,1779881667.520534,732.421875,200000,0.0,0.0,0.0,2
1201.0081482999958,1779881667.732087,732.421875,200000,0.0,0.0,0.0,2
1201.1848508999974,1779881667.9087894,732.421875,200000,0.0,0.0,0.0,2
1201.3926640999998,1779881668.1166031,732.421875,200000,0.0,0.0,0.0,2
1201.5859739000007,1779881668.309912,732.421875,200000,0.0,0.0,0.0,2
1201.7958463999967,1779881668.5197852,732.421875,200000,0.0,0.0,0.0,2
1202.0236784000008,1779881668.7476194,732.421875,200000,0.0,0.0,0.0,2
1202.1953574000072,1779881668.9192972,732.421875,200000,0.0,0.0,0.0,2
1202.3861133000028,1779881669.1100528,732.421875,200000,0.0,0.0,0.0,2
1202.6166238000005,1779881669.3405619,732.421875,200000,0.0,0.0,0.0,2
1203.169932100005,1779881669.8938704,732.421875,200000,0.0,0.0,0.0,2
1203.1765693000052,1779881669.9005084,732.421875,200000,0.0,0.0,0.0,2
1203.2093158000062,1779881669.933254,732.421875,200000,0.0,0.0,0.0,2
1203.3845404000022,1779881670.1084788,732.421875,200000,0.0,0.0,0.0,2
1203.5902774999995,1779881670.314216,732.421875,200000,0.0,0.0,0.0,2
1203.7704590000067,1779881670.494397,732.421875,200000,0.0,0.0,0.0,2
1203.9982085999945,1779881670.722148,732.421875,200000,0.0,0.0,0.0,2
1204.173438800004,1779881670.8973773,732.421875,200000,0.0,0.0,0.0,2
1204.4068195,1779881671.130757,732.421875,200000,0.0,0.0,0.0,2
1204.5945624000015,1779881671.3185,732.421875,200000,0.0,0.0,0.0,2
1204.785329899998,1779881671.509269,732.421875,200000,0.0,0.0,0.0,2
1205.0095500000025,1779881671.7334883,732.421875,200000,0.0,0.0,0.0,2
1205.196863499994,1779881671.9208028,732.421875,200000,0.0,0.0,0.0,2
1205.3761121999996,1779881672.10005,732.421875,200000,0.0,0.0,0.0,2
1205.6142102000013,1779881672.3381495,732.421875,200000,0.0,0.0,0.0,2
1205.7899507999973,1779881672.513889,732.421875,200000,0.0,0.0,0.0,2
1206.0351961999986,1779881672.7591357,732.421875,200000,0.0,0.0,0.0,2
1206.1746419999981,1779881672.8985813,732.421875,200000,0.0,0.0,0.0,2
1206.3965195000055,1779881673.1204576,732.421875,200000,0.0,0.0,0.0,2
1206.5733754999965,1779881673.297315,732.421875,200000,0.0,0.0,0.0,2
1206.7622478999983,1779881673.486188,732.421875,200000,0.0,0.0,0.0,2
1206.9901939999982,1779881673.7141337,732.421875,200000,0.0,0.0,0.0,2
1207.1792550999962,1779881673.903193,732.421875,200000,0.0,0.0,0.0,2
1207.360931400006,1779881674.0848699,732.421875,200000,0.0,0.0,0.0,2
1207.549839600004,1779881674.2737775,732.421875,200000,0.0,0.0,0.0,2
1207.748497499997,1779881674.4724362,732.421875,200000,0.0,0.0,0.0,2
1207.9613267999957,1779881674.685265,732.421875,200000,0.0,0.0,0.0,2
1208.1444339000009,1779881674.868373,732.421875,200000,0.0,0.0,0.0,2
1208.3588753999938,1779881675.0828156,732.421875,200000,0.0,0.0,0.0,2
1208.8456812000077,1779881675.5696192,732.421875,200000,0.0,0.0,0.0,2
1208.8510839999944,1779881675.5750222,732.421875,200000,0.0,0.0,0.0,2
1208.956908799999,1779881675.6808472,732.421875,200000,0.0,0.0,0.0,2
1209.1509750999976,1779881675.8749144,732.421875,200000,0.0,0.0,0.0,2
1209.3397318000061,1779881676.0636697,732.421875,200000,0.0,0.0,0.0,2
1209.537312600005,1779881676.2612517,732.421875,200000,0.0,0.0,0.0,2
1209.7486492000025,1779881676.4725878,732.421875,200000,0.0,0.0,0.0,2
1209.9915054000012,1779881676.7154443,732.421875,200000,0.0,0.0,0.0,2
1210.1690379000065,1779881676.892976,732.421875,200000,0.0,0.0,0.0,2
1210.3520461000007,1779881677.0759852,732.421875,200000,0.0,0.0,0.0,2
1210.5400133999938,1779881677.2639518,732.421875,200000,0.0,0.0,0.0,2
1210.768846299994,1779881677.4928234,732.421875,200000,0.0,0.0,0.0,2
1210.9480220999976,1779881677.67196,732.421875,200000,0.0,0.0,0.0,2
1211.1304051000043,1779881677.8543444,732.421875,200000,0.0,0.0,0.0,2
1211.3627781999967,1779881678.0867164,732.421875,200000,0.0,0.0,0.0,2
1211.546994400007,1779881678.270935,732.421875,200000,0.0,0.0,0.0,2
1211.7418665000005,1779881678.465805,732.421875,200000,0.0,0.0,0.0,2
1211.9722985999979,1779881678.6962397,732.421875,200000,0.0,0.0,0.0,2
1212.1385118000035,1779881678.8624494,732.421875,200000,0.0,0.0,0.0,2
1212.3839752000058,1779881679.107914,732.421875,200000,0.0,0.0,0.0,2
1212.5603092999954,1779881679.284248,732.421875,200000,0.0,0.0,0.0,2
1212.7477377000032,1779881679.4716768,732.421875,200000,0.0,0.0,0.0,2
1212.9321321000025,1779881679.656071,732.421875,200000,0.0,0.0,0.0,2
1213.5249215000076,1779881680.248859,732.421875,200000,0.0,0.0,0.0,2
1213.5278426000004,1779881680.25178,732.421875,200000,0.0,0.0,0.0,2
1213.5582918,1779881680.28223,732.421875,200000,0.0,0.0,0.0,2
1213.7234083000076,1779881680.4473486,732.421875,200000,0.0,0.0,0.0,2
1213.916373400003,1779881680.6403115,732.421875,200000,0.0,0.0,0.0,2
1214.1176376999938,1779881680.841576,732.421875,200000,0.0,0.0,0.0,2
1214.3175623999996,1779881681.0415006,732.421875,200000,0.0,0.0,0.0,2
1214.5393227000022,1779881681.263262,732.421875,200000,0.0,0.0,0.0,2
1214.718220900002,1779881681.44216,732.421875,200000,0.0,0.0,0.0,2
1214.9185873999959,1779881681.6425257,732.421875,200000,0.0,0.0,0.0,2
1215.1442287999962,1779881681.8681676,732.421875,200000,0.0,0.0,0.0,2
1215.3283867999999,1779881682.0523262,732.421875,200000,0.0,0.0,0.0,2
1215.5076211999985,1779881682.2315595,732.421875,200000,0.0,0.0,0.0,2
1216.1425299999974,1779881682.8664672,732.421875,200000,0.0,0.0,0.0,2
1216.1499793999974,1779881682.873918,732.421875,200000,0.0,0.0,0.0,2
1216.1582767999935,1779881682.8822155,732.421875,200000,0.0,0.0,0.0,2
1216.3177581000054,1779881683.041696,732.421875,200000,0.0,0.0,0.0,2
1216.5209271000058,1779881683.2448664,732.421875,200000,0.0,0.0,0.0,2
1216.7031684999965,1779881683.4271064,732.421875,200000,0.0,0.0,0.0,2
1216.8958567999944,1779881683.6197956,732.421875,200000,0.0,0.0,0.0,2
1217.1182961000013,1779881683.8422353,732.421875,200000,0.0,0.0,0.0,2
1217.3034140999953,1779881684.0273526,732.421875,200000,0.0,0.0,0.0,2
1217.5373601000028,1779881684.2612991,732.421875,200000,0.0,0.0,0.0,2
1217.715575299997,1779881684.4395142,732.421875,200000,0.0,0.0,0.0,2
1218.2853615000058,1779881685.0093007,732.421875,200000,0.0,0.0,0.0,2
1218.2947838999971,1779881685.0187223,732.421875,200000,0.0,0.0,0.0,2
1218.332862700001,1779881685.0568018,732.421875,200000,0.0,0.0,0.0,2
1218.5083789000055,1779881685.2323177,732.421875,200000,0.0,0.0,0.0,2
1218.7450771000003,1779881685.4690154,732.421875,200000,0.0,0.0,0.0,2
1218.9107955999934,1779881685.6347332,732.421875,200000,0.0,0.0,0.0,2
1219.096475600003,1779881685.8204136,732.421875,200000,0.0,0.0,0.0,2
1219.8038974999945,1779881686.5278373,732.421875,200000,0.0,0.0,0.0,2
1219.8113503000059,1779881686.5352893,732.421875,200000,0.0,0.0,0.0,2
1219.8168260999955,1779881686.540765,732.421875,200000,0.0,0.0,0.0,2
1219.8993257999973,1779881686.623265,732.421875,200000,0.0,0.0,0.0,2
1220.0926062000071,1779881686.8165443,732.421875,200000,0.0,0.0,0.0,2
1220.2837349000038,1779881687.007675,732.421875,200000,0.0,0.0,0.0,2
1220.504115200005,1779881687.2280545,732.421875,200000,0.0,0.0,0.0,2
1220.708284799999,1779881687.4322224,732.421875,200000,0.0,0.0,0.0,2
1220.8956469999976,1779881687.6195858,732.421875,200000,0.0,0.0,0.0,2
1221.0839936999982,1779881687.8079333,732.421875,200000,0.0,0.0,0.0,2
1221.2731434000016,1779881687.9970825,732.421875,200000,0.0,0.0,0.0,2
1221.484348500002,1779881688.2082863,732.421875,200000,0.0,0.0,0.0,2
1221.7297627999942,1779881688.4537013,732.421875,200000,0.0,0.0,0.0,2
1221.912093100007,1779881688.6360312,732.421875,200000,0.0,0.0,0.0,2
1222.0903896999953,1779881688.8143275,732.421875,200000,0.0,0.0,0.0,2
1222.327969799997,1779881689.051908,732.421875,200000,0.0,0.0,0.0,2
1222.9406955000013,1779881689.6646335,732.421875,200000,0.0,0.0,0.0,2
1222.9456590000045,1779881689.6695967,732.421875,200000,0.0,0.0,0.0,2
1222.9503776000056,1779881689.674317,732.421875,200000,0.0,0.0,0.0,2
1223.0640740999952,1779881689.7880127,732.421875,200000,0.0,0.0,0.0,2
1223.2900636999984,1779881690.0140069,732.421875,200000,0.0,0.0,0.0,2
1223.4802445999958,1779881690.2041848,732.421875,200000,0.0,0.0,0.0,2
1223.6705513000052,1779881690.3944905,732.421875,200000,0.0,0.0,0.0,2
1223.886683699995,1779881690.610623,732.421875,200000,0.0,0.0,0.0,2
1224.1220534000022,1779881690.8459914,732.421875,200000,0.0,0.0,0.0,2
1224.3112650999974,1779881691.0352032,732.421875,200000,0.0,0.0,0.0,2
1224.469050700005,1779881691.1929896,732.421875,200000,0.0,0.0,0.0,2
1224.6704785000038,1779881691.3944168,732.421875,200000,0.0,0.0,0.0,2
1224.9058068000013,1779881691.6297464,732.421875,200000,0.0,0.0,0.0,2
1225.0805609999952,1779881691.804499,732.421875,200000,0.0,0.0,0.0,2
1225.2680944000022,1779881691.9920347,732.421875,200000,0.0,0.0,0.0,2
1225.4561657000013,1779881692.180103,732.421875,200000,0.0,0.0,0.0,2
1225.682303499998,1779881692.4062428,732.421875,200000,0.0,0.0,0.0,2
1225.8683218000078,1779881692.5922608,732.421875,200000,0.0,0.0,0.0,2
1226.1030209000019,1779881692.82696,732.421875,200000,0.0,0.0,0.0,2
1226.6069293000037,1779881693.3308673,732.421875,200000,0.0,0.0,0.0,2
1226.609843600003,1779881693.333781,732.421875,200000,0.0,0.0,0.0,2
1226.6588693999947,1779881693.3828077,732.421875,200000,0.0,0.0,0.0,2
1226.850992000007,1779881693.5749307,732.421875,200000,0.0,0.0,0.0,2
1227.0419106000045,1779881693.7658498,732.421875,200000,0.0,0.0,0.0,2
1227.2509337999945,1779881693.9748735,732.421875,200000,0.0,0.0,0.0,2
1227.4410586000013,1779881694.1649976,732.421875,200000,0.0,0.0,0.0,2
1227.6555347999965,1779881694.3794725,732.421875,200000,0.0,0.0,0.0,2
1228.1616460000077,1779881694.885584,732.421875,200000,0.0,0.0,0.0,2
1228.1674618999969,1779881694.8914,732.421875,200000,0.0,0.0,0.0,2
1228.2460118000017,1779881694.9699492,732.421875,200000,0.0,0.0,0.0,2
1228.449622500004,1779881695.173561,732.421875,200000,0.0,0.0,0.0,2
1228.6442896999943,1779881695.3682287,732.421875,200000,0.0,0.0,0.0,2
1228.8295448999997,1779881695.5534825,732.421875,200000,0.0,0.0,0.0,2
1229.1051289000025,1779881695.8290687,732.421875,200000,0.0,0.0,0.0,2
1229.2323283000005,1779881695.9562674,732.421875,200000,0.0,0.0,0.0,2
1229.461280100004,1779881696.1852179,732.421875,200000,0.0,0.0,0.0,2
1229.6377419000055,1779881696.3616803,732.421875,200000,0.0,0.0,0.0,2
1229.8912630999985,1779881696.6152031,732.421875,200000,0.0,0.0,0.0,2
1230.062200500004,1779881696.7861392,732.421875,200000,0.0,0.0,0.0,2
1230.2360998000077,1779881696.960039,732.421875,200000,0.0,0.0,0.0,2
1230.4259695999936,1779881697.1499078,732.421875,200000,0.0,0.0,0.0,2
1230.6610350999981,1779881697.3849733,732.421875,200000,0.0,0.0,0.0,2
1230.8376426000032,1779881697.561582,732.421875,200000,0.0,0.0,0.0,2
1231.0148972000025,1779881697.7388346,732.421875,200000,0.0,0.0,0.0,2
1231.2525844000047,1779881697.976522,732.421875,200000,0.0,0.0,0.0,2
1231.7922942000005,1779881698.516232,732.421875,200000,0.0,0.0,0.0,2
1231.797869300004,1779881698.5218074,732.421875,200000,0.0,0.0,0.0,2
1231.839452900007,1779881698.5633903,732.421875,200000,0.0,0.0,0.0,2
1232.018080199996,1779881698.7420194,732.421875,200000,0.0,0.0,0.0,2
1232.2117537000013,1779881698.9356928,732.421875,200000,0.0,0.0,0.0,2
1232.4201678999962,1779881699.144107,732.421875,200000,0.0,0.0,0.0,2
1232.6317133999983,1779881699.3556526,732.421875,200000,0.0,0.0,0.0,2
1233.341110399997,1779881700.0650477,732.421875,200000,0.0,0.0,0.0,2
1233.3513858000078,1779881700.0753262,732.421875,200000,0.0,0.0,0.0,2
1233.358633099997,1779881700.0825717,732.421875,200000,0.0,0.0,0.0,2
1233.428843600006,1779881700.1527817,732.421875,200000,0.0,0.0,0.0,2
1233.6025437000062,1779881700.3264825,732.421875,200000,0.0,0.0,0.0,2
1233.8335720000032,1779881700.5575104,732.421875,200000,0.0,0.0,0.0,2
1234.007121600007,1779881700.7310593,732.421875,200000,0.0,0.0,0.0,2
1234.2102863000036,1779881700.934226,732.421875,200000,0.0,0.0,0.0,2
1234.3980541000055,1779881701.1219916,732.421875,200000,0.0,0.0,0.0,2
1234.9250203999982,1779881701.648959,732.421875,200000,0.0,0.0,0.0,2
1234.9325520999992,1779881701.656491,732.421875,200000,0.0,0.0,0.0,2
1235.0186535999965,1779881701.7425911,732.421875,200000,0.0,0.0,0.0,2
1235.204496899998,1779881701.9284346,732.421875,200000,0.0,0.0,0.0,2
1235.4491037999978,1779881702.1730418,732.421875,200000,0.0,0.0,0.0,2
1235.999943200004,1779881702.7238824,732.421875,200000,0.0,0.0,0.0,2
1236.0074672000046,1779881702.7314065,732.421875,200000,0.0,0.0,0.0,2
1236.0533345000003,1779881702.7772741,732.421875,200000,0.0,0.0,0.0,2
1236.1929238000012,1779881702.9168627,732.421875,200000,0.0,0.0,0.0,2
1236.4102471000078,1779881703.134186,732.421875,200000,0.0,0.0,0.0,2
1236.6004691999988,1779881703.324407,732.421875,200000,0.0,0.0,0.0,2
1236.7974218000018,1779881703.5213597,732.421875,200000,0.0,0.0,0.0,2
1237.0053215999942,1779881703.7292593,732.421875,200000,0.0,0.0,0.0,2
1237.5767057000048,1779881704.3006437,732.421875,200000,0.0,0.0,0.0,2
1237.5800677999941,1779881704.304005,732.421875,200000,0.0,0.0,0.0,2
1237.617853600008,1779881704.3417923,732.421875,200000,0.0,0.0,0.0,2
1237.7983493000065,1779881704.5222883,732.421875,200000,0.0,0.0,0.0,2
1237.980890100007,1779881704.7048297,732.421875,200000,0.0,0.0,0.0,2
1238.2062308000022,1779881704.93017,732.421875,200000,0.0,0.0,0.0,2
1238.3908252999972,1779881705.1147642,732.421875,200000,0.0,0.0,0.0,2
1238.6260895000014,1779881705.3500288,732.421875,200000,0.0,0.0,0.0,2
1238.8089884000074,1779881705.5329273,732.421875,200000,0.0,0.0,0.0,2
1238.9973656000075,1779881705.721305,732.421875,200000,0.0,0.0,0.0,2
1239.177005999998,1779881705.9009433,732.421875,200000,0.0,0.0,0.0,2
1239.4005059000046,1779881706.1244445,732.421875,200000,0.0,0.0,0.0,2
1239.5897207999951,1779881706.3136587,732.421875,200000,0.0,0.0,0.0,2
1239.7717395999935,1779881706.4956791,732.421875,200000,0.0,0.0,0.0,2
1240.0049478,1779881706.7288854,732.421875,200000,0.0,0.0,0.0,2
1240.1839108999993,1779881706.9078507,732.421875,200000,0.0,0.0,0.0,2
1240.3809084999957,1779881707.1048493,732.421875,200000,0.0,0.0,0.0,2
1240.6018743000022,1779881707.3258128,732.421875,200000,0.0,0.0,0.0,2
1240.7828741999983,1779881707.5068123,732.421875,200000,0.0,0.0,0.0,2
1241.0215010999964,1779881707.74544,732.421875,200000,0.0,0.0,0.0,2
1241.2618092000048,1779881707.985749,732.421875,200000,0.0,0.0,0.0,2
1241.3839708000014,1779881708.1079104,732.421875,200000,0.0,0.0,0.0,2
1241.577250000002,1779881708.3011894,732.421875,200000,0.0,0.0,0.0,2
1241.7664472000033,1779881708.4903853,732.421875,200000,0.0,0.0,0.0,2
1241.983049500006,1779881708.706987,732.421875,200000,0.0,0.0,0.0,2
1242.2157683999976,1779881708.9397058,732.421875,200000,0.0,0.0,0.0,2
1242.4003880999953,1779881709.1243274,732.421875,200000,0.0,0.0,0.0,2
1242.580096100006,1779881709.3040354,732.421875,200000,0.0,0.0,0.0,2
1242.7612945,1779881709.4852324,732.421875,200000,0.0,0.0,0.0,2
1242.9626030000072,1779881709.6865416,732.421875,200000,0.0,0.0,0.0,2
1243.1776127000048,1779881709.901551,732.421875,200000,0.0,0.0,0.0,2
1243.370466399996,1779881710.094407,732.421875,200000,0.0,0.0,0.0,2
1243.5536584999936,1779881710.2775974,732.421875,200000,0.0,0.0,0.0,2
1243.7868299999973,1779881710.5107682,732.421875,200000,0.0,0.0,0.0,2
1243.9590217000077,1779881710.6829598,732.421875,200000,0.0,0.0,0.0,2
1244.2523786999955,1779881710.9763172,732.421875,200000,0.0,0.0,0.0,2
1244.8078636999999,1779881711.531803,732.421875,200000,0.0,0.0,0.0,2
1244.8122074999992,1779881711.5361452,732.421875,200000,0.0,0.0,0.0,2
1244.8179497999954,1779881711.541888,732.421875,200000,0.0,0.0,0.0,2
1244.9419070000004,1779881711.6658454,732.421875,200000,0.0,0.0,0.0,2
1245.1963732000004,1779881711.9203115,732.421875,200000,0.0,0.0,0.0,2
1245.3505761999986,1779881712.074515,732.421875,200000,0.0,0.0,0.0,2
1245.5748947999964,1779881712.2988331,732.421875,200000,0.0,0.0,0.0,2
1245.7582431000046,1779881712.4821827,732.421875,200000,0.0,0.0,0.0,2
1246.0090392999991,1779881712.7329764,732.421875,200000,0.0,0.0,0.0,2
1246.237427400003,1779881712.9613676,732.421875,200000,0.0,0.0,0.0,2
1246.3551267000003,1779881713.0790646,732.421875,200000,0.0,0.0,0.0,2
1246.541824,1779881713.265764,732.421875,200000,0.0,0.0,0.0,2
1246.7795804000052,1779881713.503521,732.421875,200000,0.0,0.0,0.0,2
1246.9340222000028,1779881713.65796,732.421875,200000,0.0,0.0,0.0,2
1247.198599700001,1779881713.922539,732.421875,200000,0.0,0.0,0.0,2
1247.3732908999955,1779881714.0972292,732.421875,200000,0.0,0.0,0.0,2
1247.9102837999963,1779881714.6342218,732.421875,200000,0.0,0.0,0.0,2
1247.9165721000027,1779881714.640511,732.421875,200000,0.0,0.0,0.0,2
1247.9622918999958,1779881714.68623,732.421875,200000,0.0,0.0,0.0,2
1248.1954779999942,1779881714.9194152,732.421875,200000,0.0,0.0,0.0,2
1248.329330099994,1779881715.0532675,732.421875,200000,0.0,0.0,0.0,2
1248.570128899999,1779881715.2940671,732.421875,200000,0.0,0.0,0.0,2
1248.7476520000055,1779881715.4715898,732.421875,200000,0.0,0.0,0.0,2
1248.9308486999944,1779881715.6547868,732.421875,200000,0.0,0.0,0.0,2
1249.4667854,1779881716.1907234,732.421875,200000,0.0,0.0,0.0,2
1249.4764544000063,1779881716.2003925,732.421875,200000,0.0,0.0,0.0,2
1249.5397326999955,1779881716.2636702,732.421875,200000,0.0,0.0,0.0,2
1249.7328596000007,1779881716.4567978,732.421875,200000,0.0,0.0,0.0,2
1249.9164307000028,1779881716.640369,732.421875,200000,0.0,0.0,0.0,2
1250.1895124000002,1779881716.9134524,732.421875,200000,0.0,0.0,0.0,2
1250.3648610999953,1779881717.0887995,732.421875,200000,0.0,0.0,0.0,2
1250.5473638999974,1779881717.2713008,732.421875,200000,0.0,0.0,0.0,2
1250.7243667000002,1779881717.448306,732.421875,200000,0.0,0.0,0.0,2
1250.9144356000033,1779881717.6383731,732.421875,200000,0.0,0.0,0.0,2
1251.2097615999955,1779881717.933701,732.421875,200000,0.0,0.0,0.0,2
1251.3299819999957,1779881718.0539207,732.421875,200000,0.0,0.0,0.0,2
1251.5167766999948,1779881718.2407165,732.421875,200000,0.0,0.0,0.0,2
1251.743158199999,1779881718.4670966,732.421875,200000,0.0,0.0,0.0,2
1251.9262855999987,1779881718.6502233,732.421875,200000,0.0,0.0,0.0,2
1252.4955637999956,1779881719.2195015,732.421875,200000,0.0,0.0,0.0,2
1252.4986808999965,1779881719.2226183,732.421875,200000,0.0,0.0,0.0,2
1252.5319010999956,1779881719.2558386,732.421875,200000,0.0,0.0,0.0,2
1252.7036976999952,1779881719.4276364,732.421875,200000,0.0,0.0,0.0,2
1252.9134322000027,1779881719.637372,732.421875,200000,0.0,0.0,0.0,2
1253.1471710000042,1779881719.8711095,732.421875,200000,0.0,0.0,0.0,2
1253.3148409999994,1779881720.0387788,732.421875,200000,0.0,0.0,0.0,2
1253.5476481000078,1779881720.2715874,732.421875,200000,0.0,0.0,0.0,2
1254.0883542999945,1779881720.812292,732.421875,200000,0.0,0.0,0.0,2
1254.093057399994,1779881720.8169966,732.421875,200000,0.0,0.0,0.0,2
1254.1535642999952,1779881720.8775027,732.421875,200000,0.0,0.0,0.0,2
1254.3245083999936,1779881721.0484478,732.421875,200000,0.0,0.0,0.0,2
1254.5054455000063,1779881721.2293837,732.421875,200000,0.0,0.0,0.0,2
1254.6992963999946,1779881721.4232366,732.421875,200000,0.0,0.0,0.0,2
1254.918652399996,1779881721.642591,732.421875,200000,0.0,0.0,0.0,2
1255.165128499997,1779881721.889066,732.421875,200000,0.0,0.0,0.0,2
1255.6610230000078,1779881722.3849614,732.421875,200000,0.0,0.0,0.0,2
1255.6690267999948,1779881722.392966,732.421875,200000,0.0,0.0,0.0,2
1255.717541799997,1779881722.4414797,732.421875,200000,0.0,0.0,0.0,2
1255.898180899996,1779881722.6221192,732.421875,200000,0.0,0.0,0.0,2
1256.1380823000072,1779881722.8620217,732.421875,200000,0.0,0.0,0.0,2
1256.2930081999948,1779881723.0169468,732.421875,200000,0.0,0.0,0.0,2
1256.4865453999955,1779881723.2104843,732.421875,200000,0.0,0.0,0.0,2
1256.6925173000054,1779881723.4164567,732.421875,200000,0.0,0.0,0.0,2
1257.195111699999,1779881723.9190497,732.421875,200000,0.0,0.0,0.0,2
1257.203807400001,1779881723.927746,732.421875,200000,0.0,0.0,0.0,2
1257.2918061999953,1779881724.0157456,732.421875,200000,0.0,0.0,0.0,2
1257.4988525999943,1779881724.2227914,732.421875,200000,0.0,0.0,0.0,2
1257.6841784999997,1779881724.4081168,732.421875,200000,0.0,0.0,0.0,2
1257.8707161000057,1779881724.5946543,732.421875,200000,0.0,0.0,0.0,2
1258.1584975000005,1779881724.882435,732.421875,200000,0.0,0.0,0.0,2
1258.2824397999939,1779881725.006378,732.421875,200000,0.0,0.0,0.0,2
1258.4729297000013,1779881725.196867,732.421875,200000,0.0,0.0,0.0,2
1258.6873174000066,1779881725.4112575,732.421875,200000,0.0,0.0,0.0,2
1259.2694579999952,1779881725.9933963,732.421875,200000,0.0,0.0,0.0,2
1259.2936926999973,1779881726.0176318,732.421875,200000,0.0,0.0,0.0,2
1259.3671417000005,1779881726.0910797,732.421875,200000,0.0,0.0,0.0,2
1259.4713191000046,1779881726.1952589,732.421875,200000,0.0,0.0,0.0,2
1259.6774626999977,1779881726.4014015,732.421875,200000,0.0,0.0,0.0,2
1259.8688041999994,1779881726.5927424,732.421875,200000,0.0,0.0,0.0,2
1260.104472299994,1779881726.828411,732.421875,200000,0.0,0.0,0.0,2
1260.268712899997,1779881726.9926515,732.421875,200000,0.0,0.0,0.0,2
1260.786683600003,1779881727.5106232,732.421875,200000,0.0,0.0,0.0,2
1260.7972771000059,1779881727.521215,732.421875,200000,0.0,0.0,0.0,2
1260.8737529000064,1779881727.5976903,732.421875,200000,0.0,0.0,0.0,2
1261.147475699996,1779881727.8714137,732.421875,200000,0.0,0.0,0.0,2
1261.2930928999995,1779881728.0170343,732.421875,200000,0.0,0.0,0.0,2
1261.8383803000033,1779881728.5623193,732.421875,200000,0.0,0.0,0.0,2
1261.8446999000007,1779881728.5686374,732.421875,200000,0.0,0.0,0.0,2
1261.9015548000025,1779881728.6254947,732.421875,200000,0.0,0.0,0.0,2
1262.0878935999935,1779881728.8118327,732.421875,200000,0.0,0.0,0.0,2
1262.2580476000003,1779881728.9819853,732.421875,200000,0.0,0.0,0.0,2
1262.4507885000057,1779881729.1747272,732.421875,200000,0.0,0.0,0.0,2
1262.660460900006,1779881729.384398,732.421875,200000,0.0,0.0,0.0,2
1262.8880691999948,1779881729.6120079,732.421875,200000,0.0,0.0,0.0,2
1263.1289386999997,1779881729.8528762,732.421875,200000,0.0,0.0,0.0,2
1263.2581479000073,1779881729.982086,732.421875,200000,0.0,0.0,0.0,2
1263.4873453000037,1779881730.2112837,732.421875,200000,0.0,0.0,0.0,2
1263.666881199999,1779881730.3908188,732.421875,200000,0.0,0.0,0.0,2
1263.8474820999982,1779881730.5714204,732.421875,200000,0.0,0.0,0.0,2
1264.0909897999954,1779881730.8149278,732.421875,200000,0.0,0.0,0.0,2
1264.263178299996,1779881730.987116,732.421875,200000,0.0,0.0,0.0,2
1264.4495345000032,1779881731.1734731,732.421875,200000,0.0,0.0,0.0,2
1264.6842800000013,1779881731.4082174,732.421875,200000,0.0,0.0,0.0,2
1264.8672513000056,1779881731.59119,732.421875,200000,0.0,0.0,0.0,2
1265.1047565000044,1779881731.8286948,732.421875,200000,0.0,0.0,0.0,2
1265.2860091000039,1779881732.0099463,732.421875,200000,0.0,0.0,0.0,2
1265.463690699995,1779881732.1876292,732.421875,200000,0.0,0.0,0.0,2
1265.6528982000018,1779881732.376837,732.421875,200000,0.0,0.0,0.0,2
1265.8281490999943,1779881732.5520868,732.421875,200000,0.0,0.0,0.0,2
1266.4637478000077,1779881733.1876879,732.421875,200000,0.0,0.0,0.0,2
1266.475989700004,1779881733.199929,732.421875,200000,0.0,0.0,0.0,2
1266.4841026000067,1779881733.2080417,732.421875,200000,0.0,0.0,0.0,2
1267.004798599999,1779881733.7287362,732.421875,200000,0.0,0.0,0.0,2
1267.007614400005,1779881733.7315514,732.421875,200000,0.0,0.0,0.0,2
1267.0661952999944,1779881733.7901335,732.421875,200000,0.0,0.0,0.0,2
1267.226178900004,1779881733.9501164,732.421875,200000,0.0,0.0,0.0,2
1267.4401504999987,1779881734.1640882,732.421875,200000,0.0,0.0,0.0,2
1267.6236302000034,1779881734.3475683,732.421875,200000,0.0,0.0,0.0,2
1267.8253708999982,1779881734.5493095,732.421875,200000,0.0,0.0,0.0,2
1268.0485907999973,1779881734.772529,732.421875,200000,0.0,0.0,0.0,2
1268.2771146000014,1779881735.0010526,732.421875,200000,0.0,0.0,0.0,2
1268.4606105999992,1779881735.1845489,732.421875,200000,0.0,0.0,0.0,2
1268.6402095999947,1779881735.364148,732.421875,200000,0.0,0.0,0.0,2
1268.8354533999955,1779881735.5593917,732.421875,200000,0.0,0.0,0.0,2
1269.0599169000052,1779881735.7838542,732.421875,200000,0.0,0.0,0.0,2
1269.2364906000003,1779881735.9604282,732.421875,200000,0.0,0.0,0.0,2
1269.4172760999936,1779881736.1412137,732.421875,200000,0.0,0.0,0.0,2
1269.6175024999975,1779881736.34144,732.421875,200000,0.0,0.0,0.0,2
1269.8365317999996,1779881736.5604715,732.421875,200000,0.0,0.0,0.0,2
1270.0314696999994,1779881736.755408,732.421875,200000,0.0,0.0,0.0,2
1270.2037778999947,1779881736.9277153,732.421875,200000,0.0,0.0,0.0,2
1270.4363919000025,1779881737.1603305,732.421875,200000,0.0,0.0,0.0,2
1270.6215115999948,1779881737.3454502,732.421875,200000,0.0,0.0,0.0,2
1270.8585803000024,1779881737.5825186,732.421875,200000,0.0,0.0,0.0,2
1271.0322000000015,1779881737.7561374,732.421875,200000,0.0,0.0,0.0,2
1271.2152702000021,1779881737.9392085,732.421875,200000,0.0,0.0,0.0,2
1271.406291899999,1779881738.1302292,732.421875,200000,0.0,0.0,0.0,2
1271.5969006999949,1779881738.320839,732.421875,200000,0.0,0.0,0.0,2
1271.8181106999982,1779881738.5420482,732.421875,200000,0.0,0.0,0.0,2
1272.0580427999957,1779881738.781981,732.421875,200000,0.0,0.0,0.0,2
1272.2008883999952,1779881738.9248257,732.421875,200000,0.0,0.0,0.0,2
1272.3982651999977,1779881739.1222036,732.421875,200000,0.0,0.0,0.0,2
1272.6566534000012,1779881739.380591,732.421875,200000,0.0,0.0,0.0,2
1273.2186852000013,1779881739.942623,732.421875,200000,0.0,0.0,0.0,2
1273.2238021999947,1779881739.94774,732.421875,200000,0.0,0.0,0.0,2
1273.2393123999937,1779881739.96325,732.421875,200000,0.0,0.0,0.0,2
1273.398845100004,1779881740.1227825,732.421875,200000,0.0,0.0,0.0,2
1273.624142200002,1779881740.348081,732.421875,200000,0.0,0.0,0.0,2
1273.7923607999983,1779881740.5162985,732.421875,200000,0.0,0.0,0.0,2
1274.0294147999957,1779881740.7533524,732.421875,200000,0.0,0.0,0.0,2
1274.2187279000063,1779881740.9426663,732.421875,200000,0.0,0.0,0.0,2
1274.394620399995,1779881741.1185584,732.421875,200000,0.0,0.0,0.0,2
1274.5810964999982,1779881741.3050337,732.421875,200000,0.0,0.0,0.0,2
1274.8080994000047,1779881741.5320365,732.421875,200000,0.0,0.0,0.0,2
1275.0487958000012,1779881741.7727332,732.421875,200000,0.0,0.0,0.0,2
1275.1829616000032,1779881741.9068997,732.421875,200000,0.0,0.0,0.0,2
1275.4131538000074,1779881742.137092,732.421875,200000,0.0,0.0,0.0,2
1275.590186500005,1779881742.314124,732.421875,200000,0.0,0.0,0.0,2
1275.8327875999967,1779881742.5567255,732.421875,200000,0.0,0.0,0.0,2
1276.3474724999978,1779881743.071411,732.421875,200000,0.0,0.0,0.0,2
1276.3542357999977,1779881743.0781734,732.421875,200000,0.0,0.0,0.0,2
1276.3923131000047,1779881743.1162505,732.421875,200000,0.0,0.0,0.0,2
1276.577445700008,1779881743.3013835,732.421875,200000,0.0,0.0,0.0,2
1276.7689580000006,1779881743.4928956,732.421875,200000,0.0,0.0,0.0,2
1277.0256691999966,1779881743.7496068,732.421875,200000,0.0,0.0,0.0,2
1277.205871500002,1779881743.9298089,732.421875,200000,0.0,0.0,0.0,2
1277.379477399998,1779881744.1034162,732.421875,200000,0.0,0.0,0.0,2
1277.8664164999936,1779881744.5903542,732.421875,200000,0.0,0.0,0.0,2
1277.869268800001,1779881744.593206,732.421875,200000,0.0,0.0,0.0,2
1277.9790395000018,1779881744.7029774,732.421875,200000,0.0,0.0,0.0,2
1278.1666115999979,1779881744.89055,732.421875,200000,0.0,0.0,0.0,2
1278.405516400002,1779881745.129454,732.421875,200000,0.0,0.0,0.0,2
1278.585107299994,1779881745.309045,732.421875,200000,0.0,0.0,0.0,2
1278.766843400008,1779881745.4907815,732.421875,200000,0.0,0.0,0.0,2
1278.9735473000037,1779881745.6974845,732.421875,200000,0.0,0.0,0.0,2
1279.4093343999994,1779881746.1332726,732.421875,200000,0.0,0.0,0.0,2
1279.4146001000045,1779881746.1385374,732.421875,200000,0.0,0.0,0.0,2
1279.5662492999982,1779881746.2901866,732.421875,200000,0.0,0.0,0.0,2
1279.7680718000047,1779881746.4920096,732.421875,200000,0.0,0.0,0.0,2
1279.970438999997,1779881746.694377,732.421875,200000,0.0,0.0,0.0,2
1280.4317472999974,1779881747.1556854,732.421875,200000,0.0,0.0,0.0,2
1280.4343764000077,1779881747.1583135,732.421875,200000,0.0,0.0,0.0,2
1280.5625206999975,1779881747.2864594,732.421875,200000,0.0,0.0,0.0,2
1280.7674755000044,1779881747.4914136,732.421875,200000,0.0,0.0,0.0,2
1280.9573716000014,1779881747.6813097,732.421875,200000,0.0,0.0,0.0,2
1281.1706675000023,1779881747.8946068,732.421875,200000,0.0,0.0,0.0,2
1281.4046224000049,1779881748.12856,732.421875,200000,0.0,0.0,0.0,2
1281.5787082000024,1779881748.3026454,732.421875,200000,0.0,0.0,0.0,2
1281.7626476000005,1779881748.4865854,732.421875,200000,0.0,0.0,0.0,2
1281.9552300000068,1779881748.6791677,732.421875,200000,0.0,0.0,0.0,2
1282.1456359000003,1779881748.8695738,732.421875,200000,0.0,0.0,0.0,2
1282.3599163000035,1779881749.0838537,732.421875,200000,0.0,0.0,0.0,2
1282.9971630999935,1779881749.7211015,732.421875,200000,0.0,0.0,0.0,2
1283.0041103999974,1779881749.7280483,732.421875,200000,0.0,0.0,0.0,2
1283.0095604999951,1779881749.7334983,732.421875,200000,0.0,0.0,0.0,2
1283.1455661000073,1779881749.8695045,732.421875,200000,0.0,0.0,0.0,2
1283.3804147000046,1779881750.1043522,732.421875,200000,0.0,0.0,0.0,2
1283.5606586000067,1779881750.2845967,732.421875,200000,0.0,0.0,0.0,2
1283.751945600001,1779881750.4758837,732.421875,200000,0.0,0.0,0.0,2
1283.9385541999945,1779881750.6624925,732.421875,200000,0.0,0.0,0.0,2
1284.157759099995,1779881750.8816965,732.421875,200000,0.0,0.0,0.0,2
1284.343270700003,1779881751.0672088,732.421875,200000,0.0,0.0,0.0,2
1284.579850299997,1779881751.303789,732.421875,200000,0.0,0.0,0.0,2
1285.1199172000051,1779881751.8438551,732.421875,200000,0.0,0.0,0.0,2
1285.1232665999996,1779881751.8472042,732.421875,200000,0.0,0.0,0.0,2
1285.1650729999965,1779881751.8890114,732.421875,200000,0.0,0.0,0.0,2
1285.3365322000027,1779881752.06047,732.421875,200000,0.0,0.0,0.0,2
1285.5424895000033,1779881752.2664273,732.421875,200000,0.0,0.0,0.0,2
1285.7392822999973,1779881752.4632196,732.421875,200000,0.0,0.0,0.0,2
1285.9550332000072,1779881752.6789713,732.421875,200000,0.0,0.0,0.0,2
1286.6590750000032,1779881753.383014,732.421875,200000,0.0,0.0,0.0,2
1286.6707186999993,1779881753.3946564,732.421875,200000,0.0,0.0,0.0,2
1286.6763333999988,1779881753.4002717,732.421875,200000,0.0,0.0,0.0,2
1286.738974100008,1779881753.4629126,732.421875,200000,0.0,0.0,0.0,2
1286.934857900007,1779881753.6587956,732.421875,200000,0.0,0.0,0.0,2
1287.157115199996,1779881753.8810532,732.421875,200000,0.0,0.0,0.0,2
1287.3305612999975,1779881754.0544994,732.421875,200000,0.0,0.0,0.0,2
1287.5196953999985,1779881754.243634,732.421875,200000,0.0,0.0,0.0,2
1287.7245542000019,1779881754.4484942,732.421875,200000,0.0,0.0,0.0,2
1287.9339903000073,1779881754.657939,732.421875,200000,0.0,0.0,0.0,2
1288.1735415000003,1779881754.897479,732.421875,200000,0.0,0.0,0.0,2
1288.3494915000047,1779881755.073429,732.421875,200000,0.0,0.0,0.0,2
1288.5317541999975,1779881755.2556922,732.421875,200000,0.0,0.0,0.0,2
1288.7173572000029,1779881755.4412951,732.421875,200000,0.0,0.0,0.0,2
1288.9461235000053,1779881755.670062,732.421875,200000,0.0,0.0,0.0,2
1289.1291031,1779881755.853041,732.421875,200000,0.0,0.0,0.0,2
1289.3114044999966,1779881756.0353432,732.421875,200000,0.0,0.0,0.0,2
1289.5487022000016,1779881756.2726402,732.421875,200000,0.0,0.0,0.0,2
1289.7259672999935,1779881756.4499044,732.421875,200000,0.0,0.0,0.0,2
1289.9122217999975,1779881756.6361604,732.421875,200000,0.0,0.0,0.0,2
1290.1448175999976,1779881756.8687558,732.421875,200000,0.0,0.0,0.0,2
1290.3269344,1779881757.0508718,732.421875,200000,0.0,0.0,0.0,2
1290.8164188999945,1779881757.5403562,732.421875,200000,0.0,0.0,0.0,2
1290.8195028000046,1779881757.5434399,732.421875,200000,0.0,0.0,0.0,2
1290.9120246999955,1779881757.635962,732.421875,200000,0.0,0.0,0.0,2
1291.1102247999952,1779881757.8341634,732.421875,200000,0.0,0.0,0.0,2
1291.2956288999994,1779881758.0195665,732.421875,200000,0.0,0.0,0.0,2
1291.5281780000078,1779881758.2521162,732.421875,200000,0.0,0.0,0.0,2
1291.7625068000052,1779881758.4864445,732.421875,200000,0.0,0.0,0.0,2
1291.9441735,1779881758.6681113,732.421875,200000,0.0,0.0,0.0,2
1292.1215192999953,1779881758.845457,732.421875,200000,0.0,0.0,0.0,2
1292.3056337000016,1779881759.0295713,732.421875,200000,0.0,0.0,0.0,2
1292.4942389000062,1779881759.2181768,732.421875,200000,0.0,0.0,0.0,2
1292.7230094999977,1779881759.446947,732.421875,200000,0.0,0.0,0.0,2
1292.9020564999955,1779881759.6259942,732.421875,200000,0.0,0.0,0.0,2
1293.3955450000067,1779881760.1194835,732.421875,200000,0.0,0.0,0.0,2
1293.4031010000035,1779881760.1270394,732.421875,200000,0.0,0.0,0.0,2
1293.4922613999952,1779881760.216199,732.421875,200000,0.0,0.0,0.0,2
1293.7426326999994,1779881760.4665704,732.421875,200000,0.0,0.0,0.0,2
1293.9213516000018,1779881760.6452892,732.421875,200000,0.0,0.0,0.0,2
1294.104038000005,1779881760.8279765,732.421875,200000,0.0,0.0,0.0,2
1294.2840626999969,1779881761.0080006,732.421875,200000,0.0,0.0,0.0,2
1294.5224199999939,1779881761.2463582,732.421875,200000,0.0,0.0,0.0,2
1294.7092338000075,1779881761.4331713,732.421875,200000,0.0,0.0,0.0,2
1294.8872118,1779881761.611149,732.421875,200000,0.0,0.0,0.0,2
1295.1177906999947,1779881761.841728,732.421875,200000,0.0,0.0,0.0,2
1295.2994066999963,1779881762.023344,732.421875,200000,0.0,0.0,0.0,2
1295.4792079000035,1779881762.2031472,732.421875,200000,0.0,0.0,0.0,2
1295.692522199999,1779881762.4164612,732.421875,200000,0.0,0.0,0.0,2
1295.9163063000015,1779881762.6402445,732.421875,200000,0.0,0.0,0.0,2
1296.0847843999945,1779881762.8087242,732.421875,200000,0.0,0.0,0.0,2
1296.2727261999971,1779881762.996666,732.421875,200000,0.0,0.0,0.0,2
1296.507012800008,1779881763.2309518,732.421875,200000,0.0,0.0,0.0,2
1297.0649653,1779881763.788905,732.421875,200000,0.0,0.0,0.0,2
1297.0745735999953,1779881763.798513,732.421875,200000,0.0,0.0,0.0,2
1297.1125728000043,1779881763.8365126,732.421875,200000,0.0,0.0,0.0,2
1297.2730082000053,1779881763.9969463,732.421875,200000,0.0,0.0,0.0,2
1297.4619799000066,1779881764.1859176,732.421875,200000,0.0,0.0,0.0,2
1297.6983430999971,1779881764.4222808,732.421875,200000,0.0,0.0,0.0,2
1297.8854449000064,1779881764.6093822,732.421875,200000,0.0,0.0,0.0,2
1298.0638747000048,1779881764.787813,732.421875,200000,0.0,0.0,0.0,2
1298.583547999995,1779881765.307485,732.421875,200000,0.0,0.0,0.0,2
1298.590790999995,1779881765.3147292,732.421875,200000,0.0,0.0,0.0,2
1298.665917499995,1779881765.389855,732.421875,200000,0.0,0.0,0.0,2
1298.8564543999964,1779881765.580392,732.421875,200000,0.0,0.0,0.0,2
1299.0779611000034,1779881765.8019001,732.421875,200000,0.0,0.0,0.0,2
1299.2620236000075,1779881765.9859614,732.421875,200000,0.0,0.0,0.0,2
1299.4939328000037,1779881766.2178712,732.421875,200000,0.0,0.0,0.0,2
1299.6736590000073,1779881766.397597,732.421875,200000,0.0,0.0,0.0,2
1300.146495699999,1779881766.8704333,732.421875,200000,0.0,0.0,0.0,2
1300.1532829000062,1779881766.8772213,732.421875,200000,0.0,0.0,0.0,2
1300.2454484000045,1779881766.9693868,732.421875,200000,0.0,0.0,0.0,2
1300.4622874000052,1779881767.1862247,732.421875,200000,0.0,0.0,0.0,2
1300.6953002999944,1779881767.4192388,732.421875,200000,0.0,0.0,0.0,2
1300.8881859999965,1779881767.6121259,732.421875,200000,0.0,0.0,0.0,2
1301.0552401000023,1779881767.7791781,732.421875,200000,0.0,0.0,0.0,2
1301.6777478000004,1779881768.4016857,732.421875,200000,0.0,0.0,0.0,2
1301.6814648,1779881768.4054034,732.421875,200000,0.0,0.0,0.0,2
1301.685587800006,1779881768.4095254,732.421875,200000,0.0,0.0,0.0,2
1301.8465164999943,1779881768.5704556,732.421875,200000,0.0,0.0,0.0,2
1302.0334271000029,1779881768.757365,732.421875,200000,0.0,0.0,0.0,2
1302.246855400008,1779881768.9707937,732.421875,200000,0.0,0.0,0.0,2
1302.4353929000063,1779881769.1593306,732.421875,200000,0.0,0.0,0.0,2
1302.6689832999982,1779881769.3929205,732.421875,200000,0.0,0.0,0.0,2
1302.8504575999978,1779881769.574396,732.421875,200000,0.0,0.0,0.0,2
1303.0365791999939,1779881769.7605176,732.421875,200000,0.0,0.0,0.0,2
1303.2804800000013,1779881770.004418,732.421875,200000,0.0,0.0,0.0,2
1303.739667700007,1779881770.4636056,732.421875,200000,0.0,0.0,0.0,2
1303.7462712999986,1779881770.4702096,732.421875,200000,0.0,0.0,0.0,2
1303.826211599997,1779881770.5501497,732.421875,200000,0.0,0.0,0.0,2
1304.0464331999974,1779881770.7703707,732.421875,200000,0.0,0.0,0.0,2
1304.2409203999996,1779881770.9648595,732.421875,200000,0.0,0.0,0.0,2
1304.7512191999995,1779881771.4751575,732.421875,200000,0.0,0.0,0.0,2
1304.7573952999956,1779881771.4813452,732.421875,200000,0.0,0.0,0.0,2
1304.8245567999984,1779881771.5484948,732.421875,200000,0.0,0.0,0.0,2
1305.033685100003,1779881771.7576227,732.421875,200000,0.0,0.0,0.0,2
1305.2558782999986,1779881771.9798174,732.421875,200000,0.0,0.0,0.0,2
1305.7978237000061,1779881772.521762,732.421875,200000,0.0,0.0,0.0,2
1305.8021944000066,1779881772.5261326,732.421875,200000,0.0,0.0,0.0,2
1305.8403434000065,1779881772.5642807,732.421875,200000,0.0,0.0,0.0,2
1306.009463800001,1779881772.733402,732.421875,200000,0.0,0.0,0.0,2
1306.2127395999996,1779881772.9366775,732.421875,200000,0.0,0.0,0.0,2
1306.424201700007,1779881773.1481416,732.421875,200000,0.0,0.0,0.0,2
1306.620223799997,1779881773.3441646,732.421875,200000,0.0,0.0,0.0,2
1306.8659765000048,1779881773.5899153,732.421875,200000,0.0,0.0,0.0,2
1307.056521599996,1779881773.7804615,732.421875,200000,0.0,0.0,0.0,2
1307.2345727000065,1779881773.9585116,732.421875,200000,0.0,0.0,0.0,2
1307.4140463000076,1779881774.1379843,732.421875,200000,0.0,0.0,0.0,2
1307.6078022000002,1779881774.33174,732.421875,200000,0.0,0.0,0.0,2
1307.8242361000011,1779881774.5481734,732.421875,200000,0.0,0.0,0.0,2
1308.0102771999955,1779881774.7342153,732.421875,200000,0.0,0.0,0.0,2
1308.240638400006,1779881774.9645758,732.421875,200000,0.0,0.0,0.0,2
1308.8828454000031,1779881775.606783,732.421875,200000,0.0,0.0,0.0,2
1308.8876526999957,1779881775.6115909,732.421875,200000,0.0,0.0,0.0,2
1308.893656100001,1779881775.6175938,732.421875,200000,0.0,0.0,0.0,2
1309.4218188999948,1779881776.1457567,732.421875,200000,0.0,0.0,0.0,2
1309.4246859999985,1779881776.1486237,732.421875,200000,0.0,0.0,0.0,2
1309.427417400002,1779881776.1513543,732.421875,200000,0.0,0.0,0.0,2
1309.6010135999968,1779881776.3249516,732.421875,200000,0.0,0.0,0.0,2
1309.7901777999941,1779881776.5141163,732.421875,200000,0.0,0.0,0.0,2
1309.996333899995,1779881776.7202723,732.421875,200000,0.0,0.0,0.0,2
1310.2273836999957,1779881776.9513235,732.421875,200000,0.0,0.0,0.0,2
1310.4098038999946,1779881777.1337903,732.421875,200000,0.0,0.0,0.0,2
1310.9614234000037,1779881777.685363,732.421875,200000,0.0,0.0,0.0,2
1310.968466899998,1779881777.692405,732.421875,200000,0.0,0.0,0.0,2
1311.0212139000068,1779881777.745152,732.421875,200000,0.0,0.0,0.0,2
1311.1835495999985,1779881777.9074874,732.421875,200000,0.0,0.0,0.0,2
1311.4011040000041,1779881778.1250427,732.421875,200000,0.0,0.0,0.0,2
1311.6028563,1779881778.3267944,732.421875,200000,0.0,0.0,0.0,2
1311.7857703000045,1779881778.509708,732.421875,200000,0.0,0.0,0.0,2
1312.0171759000077,1779881778.7411134,732.421875,200000,0.0,0.0,0.0,2
1312.5239019,1779881779.24784,732.421875,200000,0.0,0.0,0.0,2
1312.5292040000058,1779881779.2531412,732.421875,200000,0.0,0.0,0.0,2
1312.5954600999976,1779881779.3193996,732.421875,200000,0.0,0.0,0.0,2
1312.7842287999956,1779881779.5081663,732.421875,200000,0.0,0.0,0.0,2
1312.9739559000009,1779881779.6978948,732.421875,200000,0.0,0.0,0.0,2
1313.1927215000032,1779881779.9166605,732.421875,200000,0.0,0.0,0.0,2
1313.4062319000077,1779881780.1301699,732.421875,200000,0.0,0.0,0.0,2
1313.5816086999985,1779881780.3055468,732.421875,200000,0.0,0.0,0.0,2
1313.7707870000013,1779881780.4947267,732.421875,200000,0.0,0.0,0.0,2
1314.0192859999952,1779881780.7432263,732.421875,200000,0.0,0.0,0.0,2
1314.5369685000041,1779881781.260906,732.421875,200000,0.0,0.0,0.0,2
1314.5422495999956,1779881781.2661874,732.421875,200000,0.0,0.0,0.0,2
1314.5833192999999,1779881781.3072574,732.421875,200000,0.0,0.0,0.0,2
1314.7659252000012,1779881781.489863,732.421875,200000,0.0,0.0,0.0,2
1314.981872599994,1779881781.7058115,732.421875,200000,0.0,0.0,0.0,2
1315.2051792999991,1779881781.9291172,732.421875,200000,0.0,0.0,0.0,2
1315.379715899995,1779881782.1036544,732.421875,200000,0.0,0.0,0.0,2
1316.0496117000002,1779881782.773549,732.421875,200000,0.0,0.0,0.0,2
1316.0552271000051,1779881782.7791655,732.421875,200000,0.0,0.0,0.0,2
1316.0620754999982,1779881782.7860143,732.421875,200000,0.0,0.0,0.0,2
1316.1648253000021,1779881782.8887632,732.421875,200000,0.0,0.0,0.0,2
1316.3693862000073,1779881783.0933247,732.421875,200000,0.0,0.0,0.0,2
1316.576585799994,1779881783.3005247,732.421875,200000,0.0,0.0,0.0,2
1317.111148600001,1779881783.8350875,732.421875,200000,0.0,0.0,0.0,2
1317.1183973000007,1779881783.8423352,732.421875,200000,0.0,0.0,0.0,2
1317.1618088999967,1779881783.8857467,732.421875,200000,0.0,0.0,0.0,2
1317.3555065999972,1779881784.0794463,732.421875,200000,0.0,0.0,0.0,2
1317.602795800005,1779881784.3267345,732.421875,200000,0.0,0.0,0.0,2
1318.1396990000067,1779881784.8636372,732.421875,200000,0.0,0.0,0.0,2
1318.1427589999948,1779881784.8666966,732.421875,200000,0.0,0.0,0.0,2
1318.1640421000047,1779881784.8879797,732.421875,200000,0.0,0.0,0.0,2
1318.3686873999977,1779881785.0926278,732.421875,200000,0.0,0.0,0.0,2
1318.5483985000028,1779881785.2723365,732.421875,200000,0.0,0.0,0.0,2
1318.7451648999995,1779881785.4691038,732.421875,200000,0.0,0.0,0.0,2
1318.9494728999998,1779881785.6734126,732.421875,200000,0.0,0.0,0.0,2
1319.1502968999994,1779881785.8742359,732.421875,200000,0.0,0.0,0.0,2
1319.3447171000007,1779881786.0686557,732.421875,200000,0.0,0.0,0.0,2
1319.5331993,1779881786.257137,732.421875,200000,0.0,0.0,0.0,2
1319.7588189999951,1779881786.4827614,732.421875,200000,0.0,0.0,0.0,2
1320.2368356999941,1779881786.9607735,732.421875,200000,0.0,0.0,0.0,2
1320.2429835999937,1779881786.9669218,732.421875,200000,0.0,0.0,0.0,2
1320.3359492000018,1779881787.0598874,732.421875,200000,0.0,0.0,0.0,2
1320.530842799999,1779881787.2547808,732.421875,200000,0.0,0.0,0.0,2
1320.738625099999,1779881787.4625647,732.421875,200000,0.0,0.0,0.0,2
1320.9355257999996,1779881787.6594656,732.421875,200000,0.0,0.0,0.0,2
1321.1973289000016,1779881787.9212663,732.421875,200000,0.0,0.0,0.0,2
1321.3604720000003,1779881788.0844102,732.421875,200000,0.0,0.0,0.0,2
1321.540370200004,1779881788.264308,732.421875,200000,0.0,0.0,0.0,2
1321.7360084999964,1779881788.4599464,732.421875,200000,0.0,0.0,0.0,2
1321.9334640000015,1779881788.6574023,732.421875,200000,0.0,0.0,0.0,2
1322.1408171000076,1779881788.8647552,732.421875,200000,0.0,0.0,0.0,2
1322.3235886000039,1779881789.0475266,732.421875,200000,0.0,0.0,0.0,2
1322.517068800007,1779881789.241007,732.421875,200000,0.0,0.0,0.0,2
1322.7386569999944,1779881789.4625945,732.421875,200000,0.0,0.0,0.0,2
1322.9965624000033,1779881789.7205029,732.421875,200000,0.0,0.0,0.0,2
1323.1625285000046,1779881789.8864665,732.421875,200000,0.0,0.0,0.0,2
1323.339610199997,1779881790.0635476,732.421875,200000,0.0,0.0,0.0,2
1323.5244270999974,1779881790.2483647,732.421875,200000,0.0,0.0,0.0,2
1323.7721784000023,1779881790.4961162,732.421875,200000,0.0,0.0,0.0,2
1323.9390375999938,1779881790.662975,732.421875,200000,0.0,0.0,0.0,2
1324.1775576999935,1779881790.9014955,732.421875,200000,0.0,0.0,0.0,2
1324.3068107,1779881791.0307488,732.421875,200000,0.0,0.0,0.0,2
1324.512509399996,1779881791.2364478,732.421875,200000,0.0,0.0,0.0,2
1324.7198856000032,1779881791.443823,732.421875,200000,0.0,0.0,0.0,2
1325.3473516999948,1779881792.0712898,732.421875,200000,0.0,0.0,0.0,2
1325.350630800007,1779881792.074568,732.421875,200000,0.0,0.0,0.0,2
1325.3566247999988,1779881792.0805626,732.421875,200000,0.0,0.0,0.0,2
1325.5127266000054,1779881792.236665,732.421875,200000,0.0,0.0,0.0,2
1325.706632100002,1779881792.4305696,732.421875,200000,0.0,0.0,0.0,2
1326.3704828000045,1779881793.094421,732.421875,200000,0.0,0.0,0.0,2
1326.3738936000009,1779881793.097831,732.421875,200000,0.0,0.0,0.0,2
1326.3770997999964,1779881793.1010373,732.421875,200000,0.0,0.0,0.0,2
1326.4912654000073,1779881793.2152033,732.421875,200000,0.0,0.0,0.0,2
1326.713115000006,1779881793.437053,732.421875,200000,0.0,0.0,0.0,2
1326.8939241000044,1779881793.6178627,732.421875,200000,0.0,0.0,0.0,2
1327.1430548000062,1779881793.8669925,732.421875,200000,0.0,0.0,0.0,2
1327.289847699998,1779881794.013786,732.421875,200000,0.0,0.0,0.0,2
1327.5116463000013,1779881794.235585,732.421875,200000,0.0,0.0,0.0,2
1327.6964049999951,1779881794.4203444,732.421875,200000,0.0,0.0,0.0,2
1327.9038988999964,1779881794.6278377,732.421875,200000,0.0,0.0,0.0,2
1328.0864069999952,1779881794.8103452,732.421875,200000,0.0,0.0,0.0,2
1328.2941866000037,1779881795.0181258,732.421875,200000,0.0,0.0,0.0,2
1328.4906229000044,1779881795.2145605,732.421875,200000,0.0,0.0,0.0,2
1328.9946645000018,1779881795.7186024,732.421875,200000,0.0,0.0,0.0,2
1329.0004040000058,1779881795.7243423,732.421875,200000,0.0,0.0,0.0,2
1329.1279168000037,1779881795.8518553,732.421875,200000,0.0,0.0,0.0,2
1329.295232999997,1779881796.0191712,732.421875,200000,0.0,0.0,0.0,2
1329.5193370000052,1779881796.2432766,732.421875,200000,0.0,0.0,0.0,2
1330.0212155000045,1779881796.7451546,732.421875,200000,0.0,0.0,0.0,2
1330.0280957000068,1779881796.752034,732.421875,200000,0.0,0.0,0.0,2
1330.1247041000024,1779881796.8486423,732.421875,200000,0.0,0.0,0.0,2
1330.2691171000042,1779881796.9930556,732.421875,200000,0.0,0.0,0.0,2
1330.4786620999948,1779881797.2026002,732.421875,200000,0.0,0.0,0.0,2
1331.0346526000067,1779881797.7585897,732.421875,200000,0.0,0.0,0.0,2
1331.0377805000026,1779881797.761718,732.421875,200000,0.0,0.0,0.0,2
1331.123602599997,1779881797.8475413,732.421875,200000,0.0,0.0,0.0,2
1331.2679160999978,1779881797.9918554,732.421875,200000,0.0,0.0,0.0,2
1331.4760502999998,1779881798.1999876,732.421875,200000,0.0,0.0,0.0,2
1331.6729240999994,1779881798.3968618,732.421875,200000,0.0,0.0,0.0,2
1331.8660281000048,1779881798.5899658,732.421875,200000,0.0,0.0,0.0,2
1332.116916900006,1779881798.8408551,732.421875,200000,0.0,0.0,0.0,2
1332.5588014999958,1779881799.2827399,732.421875,200000,0.0,0.0,0.0,2
1332.5662384000025,1779881799.2901769,732.421875,200000,0.0,0.0,0.0,2
1332.659841700006,1779881799.3837793,732.421875,200000,0.0,0.0,0.0,2
1332.8656722000014,1779881799.58961,732.421875,200000,0.0,0.0,0.0,2
1333.1141850999993,1779881799.8381228,732.421875,200000,0.0,0.0,0.0,2
1333.5962597000034,1779881800.3201995,732.421875,200000,0.0,0.0,0.0,2
1333.6039479000028,1779881800.327887,732.421875,200000,0.0,0.0,0.0,2
1333.6612730000052,1779881800.3852103,732.421875,200000,0.0,0.0,0.0,2
1333.8624913999956,1779881800.586429,732.421875,200000,0.0,0.0,0.0,2
1334.0973900999961,1779881800.8213284,732.421875,200000,0.0,0.0,0.0,2
1334.2523826999968,1779881800.97632,732.421875,200000,0.0,0.0,0.0,2
1334.4865605999948,1779881801.2104983,732.421875,200000,0.0,0.0,0.0,2
1334.6682532999985,1779881801.3921912,732.421875,200000,0.0,0.0,0.0,2
1334.8485771999985,1779881801.5725152,732.421875,200000,0.0,0.0,0.0,2
1335.0987325000024,1779881801.8226702,732.421875,200000,0.0,0.0,0.0,2
1335.2697673000075,1779881801.9937053,732.421875,200000,0.0,0.0,0.0,2
1335.453045000002,1779881802.176984,732.421875,200000,0.0,0.0,0.0,2
1335.6889794000017,1779881802.4129176,732.421875,200000,0.0,0.0,0.0,2
1335.8671265000012,1779881802.5910642,732.421875,200000,0.0,0.0,0.0,2
1336.1181960999966,1779881802.842135,732.421875,200000,0.0,0.0,0.0,2
1336.2371924000036,1779881802.9611304,732.421875,200000,0.0,0.0,0.0,2
1336.4688389000075,1779881803.192777,732.421875,200000,0.0,0.0,0.0,2
1336.6449891999946,1779881803.3689268,732.421875,200000,0.0,0.0,0.0,2
1336.8360964000021,1779881803.5600343,732.421875,200000,0.0,0.0,0.0,2
1337.0734554999945,1779881803.7973936,732.421875,200000,0.0,0.0,0.0,2
1337.250489900005,1779881803.9744287,732.421875,200000,0.0,0.0,0.0,2
1337.7167176000075,1779881804.4406562,732.421875,200000,0.0,0.0,0.0,2
1337.720996899996,1779881804.4449344,732.421875,200000,0.0,0.0,0.0,2
1337.8356851999997,1779881804.5596237,732.421875,200000,0.0,0.0,0.0,2
1338.084891999999,1779881804.8088298,732.421875,200000,0.0,0.0,0.0,2
1338.2358120999997,1779881804.9597528,732.421875,200000,0.0,0.0,0.0,2
1338.7291673,1779881805.4531052,732.421875,200000,0.0,0.0,0.0,2
1338.7347003000032,1779881805.4586387,732.421875,200000,0.0,0.0,0.0,2
1338.8351779000077,1779881805.5591164,732.421875,200000,0.0,0.0,0.0,2
1339.0620098999934,1779881805.7859483,732.421875,200000,0.0,0.0,0.0,2
1339.2246549999982,1779881805.9485934,732.421875,200000,0.0,0.0,0.0,2
1339.466155400005,1779881806.1900933,732.421875,200000,0.0,0.0,0.0,2
1339.6367853999982,1779881806.3607228,732.421875,200000,0.0,0.0,0.0,2
1339.8258645000024,1779881806.5498025,732.421875,200000,0.0,0.0,0.0,2
1340.0650544999953,1779881806.788992,732.421875,200000,0.0,0.0,0.0,2
1340.2417653000011,1779881806.9657028,732.421875,200000,0.0,0.0,0.0,2
1340.4212358000077,1779881807.1451743,732.421875,200000,0.0,0.0,0.0,2
1340.6167805000005,1779881807.3407187,732.421875,200000,0.0,0.0,0.0,2
1340.8530064000079,1779881807.5769444,732.421875,200000,0.0,0.0,0.0,2
1341.0534440000047,1779881807.7773814,732.421875,200000,0.0,0.0,0.0,2
1341.241511100001,1779881807.9654503,732.421875,200000,0.0,0.0,0.0,2
1341.4367162999988,1779881808.1606538,732.421875,200000,0.0,0.0,0.0,2
1341.6200829000009,1779881808.344021,732.421875,200000,0.0,0.0,0.0,2
1341.8024325000006,1779881808.52637,732.421875,200000,0.0,0.0,0.0,2
1342.111887799998,1779881808.835827,732.421875,200000,0.0,0.0,0.0,2
1342.217257700002,1779881808.9411974,732.421875,200000,0.0,0.0,0.0,2
1342.8572450000065,1779881809.5811827,732.421875,200000,0.0,0.0,0.0,2
1342.862006299998,1779881809.5859444,732.421875,200000,0.0,0.0,0.0,2
1342.8686846000055,1779881809.592622,732.421875,200000,0.0,0.0,0.0,2
1343.0502433999936,1779881809.7741828,732.421875,200000,0.0,0.0,0.0,2
1343.2001809000067,1779881809.924119,732.421875,200000,0.0,0.0,0.0,2
1343.4245595999964,1779881810.1484978,732.421875,200000,0.0,0.0,0.0,2
1343.605223599996,1779881810.3291616,732.421875,200000,0.0,0.0,0.0,2
1343.8443196000007,1779881810.568258,732.421875,200000,0.0,0.0,0.0,2
1344.4181959999987,1779881811.1421332,732.421875,200000,0.0,0.0,0.0,2
1344.4242821999942,1779881811.14822,732.421875,200000,0.0,0.0,0.0,2
1344.4304179000028,1779881811.1543558,732.421875,200000,0.0,0.0,0.0,2
1344.6028433000029,1779881811.3267806,732.421875,200000,0.0,0.0,0.0,2
1344.8037931,1779881811.527734,732.421875,200000,0.0,0.0,0.0,2
1345.4390756000066,1779881812.163013,732.421875,200000,0.0,0.0,0.0,2
1345.444664900002,1779881812.1686027,732.421875,200000,0.0,0.0,0.0,2
1345.449589099997,1779881812.173527,732.421875,200000,0.0,0.0,0.0,2
1345.5915321000066,1779881812.3154707,732.421875,200000,0.0,0.0,0.0,2
1345.8155588999944,1779881812.5394976,732.421875,200000,0.0,0.0,0.0,2
1346.0162459999992,1779881812.7401843,732.421875,200000,0.0,0.0,0.0,2
1346.2343553999963,1779881812.9582932,732.421875,200000,0.0,0.0,0.0,2
1346.4199151000066,1779881813.1438553,732.421875,200000,0.0,0.0,0.0,2
1346.5861321999982,1779881813.3100708,732.421875,200000,0.0,0.0,0.0,2
1346.7741844999982,1779881813.4981227,732.421875,200000,0.0,0.0,0.0,2
1347.470368299997,1779881814.1943061,732.421875,200000,0.0,0.0,0.0,2
1347.4790184000012,1779881814.202957,732.421875,200000,0.0,0.0,0.0,2
1347.4902329000033,1779881814.2141738,732.421875,200000,0.0,0.0,0.0,2
1347.605534500006,1779881814.329474,732.421875,200000,0.0,0.0,0.0,2
1347.7799387999985,1779881814.5038764,732.421875,200000,0.0,0.0,0.0,2
1348.0062203999987,1779881814.7301586,732.421875,200000,0.0,0.0,0.0,2
1348.4770816999953,1779881815.2010193,732.421875,200000,0.0,0.0,0.0,2
1348.4827274999989,1779881815.2066658,732.421875,200000,0.0,0.0,0.0,2
1348.5842460999993,1779881815.3081856,732.421875,200000,0.0,0.0,0.0,2
1348.7659557000006,1779881815.4898949,732.421875,200000,0.0,0.0,0.0,2
1349.0064820999978,1779881815.730422,732.421875,200000,0.0,0.0,0.0,2
1349.5085787999997,1779881816.232517,732.421875,200000,0.0,0.0,0.0,2
1349.5150060000014,1779881816.2389438,732.421875,200000,0.0,0.0,0.0,2
1349.5716510000057,1779881816.2955894,732.421875,200000,0.0,0.0,0.0,2
1349.757540599996,1779881816.4814787,732.421875,200000,0.0,0.0,0.0,2
1350.009932999994,1779881816.7338707,732.421875,200000,0.0,0.0,0.0,2
1350.5259616999974,1779881817.2498991,732.421875,200000,0.0,0.0,0.0,2
1350.5315652999998,1779881817.255503,732.421875,200000,0.0,0.0,0.0,2
1350.5713536999974,1779881817.2952924,732.421875,200000,0.0,0.0,0.0,2
1350.7562958000053,1779881817.480233,732.421875,200000,0.0,0.0,0.0,2
1350.979696399998,1779881817.7036343,732.421875,200000,0.0,0.0,0.0,2
1351.1514758999983,1779881817.8754134,732.421875,200000,0.0,0.0,0.0,2
1351.3587518999993,1779881818.0826898,732.421875,200000,0.0,0.0,0.0,2
1351.560189900003,1779881818.284127,732.421875,200000,0.0,0.0,0.0,2
1352.0958750999998,1779881818.8198128,732.421875,200000,0.0,0.0,0.0,2
1352.101832500004,1779881818.8257701,732.421875,200000,0.0,0.0,0.0,2
1352.1626674,1779881818.8866048,732.421875,200000,0.0,0.0,0.0,2
1352.3439572000061,1779881819.067894,732.421875,200000,0.0,0.0,0.0,2
1352.547035800002,1779881819.2709734,732.421875,200000,0.0,0.0,0.0,2
1352.7623373999959,1779881819.4862745,732.421875,200000,0.0,0.0,0.0,2
1352.9621673999936,1779881819.686106,732.421875,200000,0.0,0.0,0.0,2
1353.1867002000072,1779881819.9106386,732.421875,200000,0.0,0.0,0.0,2
1353.6493306000048,1779881820.3732681,732.421875,200000,0.0,0.0,0.0,2
1353.656718600003,1779881820.3806567,732.421875,200000,0.0,0.0,0.0,2
1353.752248699995,1779881820.476187,732.421875,200000,0.0,0.0,0.0,2
1354.0269589999953,1779881820.7508996,732.421875,200000,0.0,0.0,0.0,2
1354.1522769000003,1779881820.8762147,732.421875,200000,0.0,0.0,0.0,2
1354.3325978000066,1779881821.056537,732.421875,200000,0.0,0.0,0.0,2
1354.5349335000064,1779881821.2588713,732.421875,200000,0.0,0.0,0.0,2
1354.7610794000066,1779881821.4850178,732.421875,200000,0.0,0.0,0.0,2
1354.9445377999946,1779881821.6684754,732.421875,200000,0.0,0.0,0.0,2
1355.1706894999952,1779881821.89463,732.421875,200000,0.0,0.0,0.0,2
1355.7287038000068,1779881822.452642,732.421875,200000,0.0,0.0,0.0,2
1355.7326143999962,1779881822.4565513,732.421875,200000,0.0,0.0,0.0,2
1355.775549099999,1779881822.4994874,732.421875,200000,0.0,0.0,0.0,2
1355.9432708999957,1779881822.6672122,732.421875,200000,0.0,0.0,0.0,2
1356.1312505999958,1779881822.8551888,732.421875,200000,0.0,0.0,0.0,2
1356.3603334999934,1779881823.0842714,732.421875,200000,0.0,0.0,0.0,2
1356.781805999999,1779881823.505744,732.421875,200000,0.0,0.0,0.0,2
1356.7873347999994,1779881823.5112731,732.421875,200000,0.0,0.0,0.0,2
1356.9411120000004,1779881823.6650598,732.421875,200000,0.0,0.0,0.0,2
1357.1372564000048,1779881823.861195,732.421875,200000,0.0,0.0,0.0,2
1357.3227251000062,1779881824.0466633,732.421875,200000,0.0,0.0,0.0,2
1357.5147794000077,1779881824.2387176,732.421875,200000,0.0,0.0,0.0,2
1357.738229900002,1779881824.4621677,732.421875,200000,0.0,0.0,0.0,2
1357.9260226000042,1779881824.6499608,732.421875,200000,0.0,0.0,0.0,2
1358.1567382000067,1779881824.880676,732.421875,200000,0.0,0.0,0.0,2
1358.3348026000021,1779881825.0587409,732.421875,200000,0.0,0.0,0.0,2
1358.518963399998,1779881825.2429013,732.421875,200000,0.0,0.0,0.0,2
1358.7015929000045,1779881825.4255304,732.421875,200000,0.0,0.0,0.0,2
1359.3347839000053,1779881826.058722,732.421875,200000,0.0,0.0,0.0,2
1359.3414851999987,1779881826.0654237,732.421875,200000,0.0,0.0,0.0,2
1359.348075300004,1779881826.0720131,732.421875,200000,0.0,0.0,0.0,2
1359.5292800000025,1779881826.2532184,732.421875,200000,0.0,0.0,0.0,2
1359.7095636000013,1779881826.4335012,732.421875,200000,0.0,0.0,0.0,2
1359.905692100001,1779881826.6296296,732.421875,200000,0.0,0.0,0.0,2
1360.131565100004,1779881826.8555026,732.421875,200000,0.0,0.0,0.0,2
1360.3194623000018,1779881827.0434008,732.421875,200000,0.0,0.0,0.0,2
1360.4989449999994,1779881827.2228832,732.421875,200000,0.0,0.0,0.0,2
1360.731302500004,1779881827.4552417,732.421875,200000,0.0,0.0,0.0,2
1360.9190967000031,1779881827.6430364,732.421875,200000,0.0,0.0,0.0,2
1361.0963428999967,1779881827.82028,732.421875,200000,0.0,0.0,0.0,2
1361.2879448000022,1779881828.011882,732.421875,200000,0.0,0.0,0.0,2
1361.4952084999968,1779881828.2191465,732.421875,200000,0.0,0.0,0.0,2
1361.7007068999956,1779881828.4246466,732.421875,200000,0.0,0.0,0.0,2
1361.897451900004,1779881828.62139,732.421875,200000,0.0,0.0,0.0,2
1362.112700800004,1779881828.8366392,732.421875,200000,0.0,0.0,0.0,2
1362.2950985000061,1779881829.019036,732.421875,200000,0.0,0.0,0.0,2
1362.4753488999995,1779881829.1992865,732.421875,200000,0.0,0.0,0.0,2
1362.7082247000071,1779881829.4321623,732.421875,200000,0.0,0.0,0.0,2
1362.8918915999966,1779881829.6158302,732.421875,200000,0.0,0.0,0.0,2
1363.0742271000054,1779881829.7981648,732.421875,200000,0.0,0.0,0.0,2
1363.3075456000079,1779881830.0314832,732.421875,200000,0.0,0.0,0.0,2
1363.490047600004,1779881830.2139857,732.421875,200000,0.0,0.0,0.0,2
1363.732002100005,1779881830.4559407,732.421875,200000,0.0,0.0,0.0,2
1363.8869782999973,1779881830.610917,732.421875,200000,0.0,0.0,0.0,2
1364.0765803999966,1779881830.8005185,732.421875,200000,0.0,0.0,0.0,2
1364.284261199995,1779881831.0081985,732.421875,200000,0.0,0.0,0.0,2
1364.470149300003,1779881831.194087,732.421875,200000,0.0,0.0,0.0,2
1364.6857874999987,1779881831.409725,732.421875,200000,0.0,0.0,0.0,2
1364.879802800002,1779881831.6037407,732.421875,200000,0.0,0.0,0.0,2
1365.1060302999977,1779881831.829969,732.421875,200000,0.0,0.0,0.0,2
1365.5431259000034,1779881832.2670643,732.421875,200000,0.0,0.0,0.0,2
1365.5518632000021,1779881832.2758014,732.421875,200000,0.0,0.0,0.0,2
1365.6874727999966,1779881832.4114115,732.421875,200000,0.0,0.0,0.0,2
1365.875809300007,1779881832.5997472,732.421875,200000,0.0,0.0,0.0,2
1366.5261098000046,1779881833.2500498,732.421875,200000,0.0,0.0,0.0,2
1366.5355299999937,1779881833.2594693,732.421875,200000,0.0,0.0,0.0,2
1366.5408027999947,1779881833.264742,732.421875,200000,0.0,0.0,0.0,2
1366.6807980000012,1779881833.4047358,732.421875,200000,0.0,0.0,0.0,2
1366.869660299999,1779881833.593598,732.421875,200000,0.0,0.0,0.0,2
1367.0622829000058,1779881833.78622,732.421875,200000,0.0,0.0,0.0,2
1367.2732495999953,1779881833.9971874,732.421875,200000,0.0,0.0,0.0,2
1367.463165699999,1779881834.1871042,732.421875,200000,0.0,0.0,0.0,2
1367.6622500999947,1779881834.386188,732.421875,200000,0.0,0.0,0.0,2
1367.8652992999996,1779881834.5892367,732.421875,200000,0.0,0.0,0.0,2
1368.5531126999995,1779881835.2770503,732.421875,200000,0.0,0.0,0.0,2
1368.555999899996,1779881835.2799375,732.421875,200000,0.0,0.0,0.0,2
1368.5602055000054,1779881835.2841434,732.421875,200000,0.0,0.0,0.0,2
1368.6584222999954,1779881835.3823602,732.421875,200000,0.0,0.0,0.0,2
1368.8505354999943,1779881835.574473,732.421875,200000,0.0,0.0,0.0,2
1369.0615421999973,1779881835.7854812,732.421875,200000,0.0,0.0,0.0,2
1369.2410817000055,1779881835.9650192,732.421875,200000,0.0,0.0,0.0,2
1369.4469093999942,1779881836.170847,732.421875,200000,0.0,0.0,0.0,2
1369.6573659999995,1779881836.3813038,732.421875,200000,0.0,0.0,0.0,2
1369.8471594000002,1779881836.5710974,732.421875,200000,0.0,0.0,0.0,2
1370.0342817000055,1779881836.7582202,732.421875,200000,0.0,0.0,0.0,2
1370.2620538000047,1779881836.9859917,732.421875,200000,0.0,0.0,0.0,2
1370.5012065000046,1779881837.2251446,732.421875,200000,0.0,0.0,0.0,2
1370.6777575000015,1779881837.401695,732.421875,200000,0.0,0.0,0.0,2
1370.8607642999996,1779881837.5847027,732.421875,200000,0.0,0.0,0.0,2
1371.0397850000008,1779881837.763723,732.421875,200000,0.0,0.0,0.0,2
1371.2369431999978,1779881837.9608812,732.421875,200000,0.0,0.0,0.0,2
1371.6885892999999,1779881838.4125273,732.421875,200000,0.0,0.0,0.0,2
1371.6935509000032,1779881838.4174886,732.421875,200000,0.0,0.0,0.0,2
1371.8367859999998,1779881838.5607238,732.421875,200000,0.0,0.0,0.0,2
1372.0279372000077,1779881838.751875,732.421875,200000,0.0,0.0,0.0,2
1372.2351810999971,1779881838.959119,732.421875,200000,0.0,0.0,0.0,2
1372.4305160000076,1779881839.154457,732.421875,200000,0.0,0.0,0.0,2
1372.6193449999992,1779881839.3432834,732.421875,200000,0.0,0.0,0.0,2
1372.8382129999954,1779881839.5621512,732.421875,200000,0.0,0.0,0.0,2
1373.0348728999961,1779881839.7588122,732.421875,200000,0.0,0.0,0.0,2
1373.2618956000078,1779881839.985834,732.421875,200000,0.0,0.0,0.0,2
1373.8082527000079,1779881840.5321906,732.421875,200000,0.0,0.0,0.0,2
1373.812957400005,1779881840.5368953,732.421875,200000,0.0,0.0,0.0,2
1373.8487037000014,1779881840.5726418,732.421875,200000,0.0,0.0,0.0,2
1374.014381400004,1779881840.7383218,732.421875,200000,0.0,0.0,0.0,2
1374.2223021999962,1779881840.9462404,732.421875,200000,0.0,0.0,0.0,2
1374.4123693000001,1779881841.1363072,732.421875,200000,0.0,0.0,0.0,2
1374.6384824999986,1779881841.3624213,732.421875,200000,0.0,0.0,0.0,2
1374.8178330999945,1779881841.5417829,732.421875,200000,0.0,0.0,0.0,2
1375.3662040000054,1779881842.0901418,732.421875,200000,0.0,0.0,0.0,2
1375.3727148000035,1779881842.096654,732.421875,200000,0.0,0.0,0.0,2
1375.4208897000062,1779881842.1448271,732.421875,200000,0.0,0.0,0.0,2
1375.6096515999961,1779881842.33359,732.421875,200000,0.0,0.0,0.0,2
1375.8302900999988,1779881842.5542274,732.421875,200000,0.0,0.0,0.0,2
1376.019314499994,1779881842.7432535,732.421875,200000,0.0,0.0,0.0,2
1376.203400600003,1779881842.927344,732.421875,200000,0.0,0.0,0.0,2
1376.4278739000001,1779881843.151812,732.421875,200000,0.0,0.0,0.0,2
1376.607971999998,1779881843.33191,732.421875,200000,0.0,0.0,0.0,2
1376.8144224999996,1779881843.5383635,732.421875,200000,0.0,0.0,0.0,2
1377.0000182000076,1779881843.7239573,732.421875,200000,0.0,0.0,0.0,2
1377.214280900007,1779881843.9382186,732.421875,200000,0.0,0.0,0.0,2
1377.3907482000068,1779881844.114686,732.421875,200000,0.0,0.0,0.0,2
1377.6257330999942,1779881844.349671,732.421875,200000,0.0,0.0,0.0,2
1377.8036603000073,1779881844.527598,732.421875,200000,0.0,0.0,0.0,2
1378.4455573000014,1779881845.169495,732.421875,200000,0.0,0.0,0.0,2
1378.4483452999993,1779881845.1722827,732.421875,200000,0.0,0.0,0.0,2
1378.453775899994,1779881845.1777136,732.421875,200000,0.0,0.0,0.0,2
1378.5925088999938,1779881845.3164463,732.421875,200000,0.0,0.0,0.0,2
1378.790611599994,1779881845.51455,732.421875,200000,0.0,0.0,0.0,2
1379.0123464000062,1779881845.7362845,732.421875,200000,0.0,0.0,0.0,2
1379.4959477999946,1779881846.2198858,732.421875,200000,0.0,0.0,0.0,2
1379.5020506,1779881846.2259884,732.421875,200000,0.0,0.0,0.0,2
1379.5845664999943,1779881846.3085046,732.421875,200000,0.0,0.0,0.0,2
1379.7851349999983,1779881846.5090723,732.421875,200000,0.0,0.0,0.0,2
1379.9810316999938,1779881846.7049696,732.421875,200000,0.0,0.0,0.0,2
1380.1997854000074,1779881846.9237232,732.421875,200000,0.0,0.0,0.0,2
1380.3834717999998,1779881847.1074104,732.421875,200000,0.0,0.0,0.0,2
1381.017270299999,1779881847.7412083,732.421875,200000,0.0,0.0,0.0,2
1381.0214982000034,1779881847.745436,732.421875,200000,0.0,0.0,0.0,2
1381.0241481999983,1779881847.7480857,732.421875,200000,0.0,0.0,0.0,2
1381.1799039000034,1779881847.9038432,732.421875,200000,0.0,0.0,0.0,2
1381.3731819999957,1779881848.09712,732.421875,200000,0.0,0.0,0.0,2
1381.5785765000037,1779881848.302514,732.421875,200000,0.0,0.0,0.0,2
1381.770616599999,1779881848.494555,732.421875,200000,0.0,0.0,0.0,2
1381.959382400004,1779881848.6833205,732.421875,200000,0.0,0.0,0.0,2
1382.180035700003,1779881848.9039733,732.421875,200000,0.0,0.0,0.0,2
1382.5942708000075,1779881849.3182082,732.421875,200000,0.0,0.0,0.0,2
1382.6001339000068,1779881849.324073,732.421875,200000,0.0,0.0,0.0,2
1382.7535780000035,1779881849.4775162,732.421875,200000,0.0,0.0,0.0,2
1382.9601387000002,1779881849.684077,732.421875,200000,0.0,0.0,0.0,2
1383.2013357999967,1779881849.9252741,732.421875,200000,0.0,0.0,0.0,2
1383.3822873000026,1779881850.1062262,732.421875,200000,0.0,0.0,0.0,2
1383.563481499994,1779881850.2874196,732.421875,200000,0.0,0.0,0.0,2
1383.757583300001,1779881850.4815214,732.421875,200000,0.0,0.0,0.0,2
1383.9768703000009,1779881850.7008076,732.421875,200000,0.0,0.0,0.0,2
1384.1606919000042,1779881850.8846304,732.421875,200000,0.0,0.0,0.0,2
1384.3939428000012,1779881851.1178806,732.421875,200000,0.0,0.0,0.0,2
1384.5902463999955,1779881851.3141844,732.421875,200000,0.0,0.0,0.0,2
1384.7599048999982,1779881851.4838436,732.421875,200000,0.0,0.0,0.0,2
1384.9440241999982,1779881851.6679616,732.421875,200000,0.0,0.0,0.0,2
1385.1770189999952,1779881851.9009569,732.421875,200000,0.0,0.0,0.0,2
1385.6884392000065,1779881852.4123769,732.421875,200000,0.0,0.0,0.0,2
1385.6911067000037,1779881852.4150445,732.421875,200000,0.0,0.0,0.0,2
1385.7385732999974,1779881852.462511,732.421875,200000,0.0,0.0,0.0,2
1385.9569851999986,1779881852.6809225,732.421875,200000,0.0,0.0,0.0,2
1386.1427604000055,1779881852.8666987,732.421875,200000,0.0,0.0,0.0,2
1386.340469600007,1779881853.0644078,732.421875,200000,0.0,0.0,0.0,2
1386.5563203000056,1779881853.280259,732.421875,200000,0.0,0.0,0.0,2
1386.7991207000014,1779881853.5230587,732.421875,200000,0.0,0.0,0.0,2
1386.973955399997,1779881853.6978934,732.421875,200000,0.0,0.0,0.0,2
1387.1603896000015,1779881853.8843286,732.421875,200000,0.0,0.0,0.0,2
1387.3345845000003,1779881854.058523,732.421875,200000,0.0,0.0,0.0,2
1387.5305590000062,1779881854.254497,732.421875,200000,0.0,0.0,0.0,2
1387.7211695000005,1779881854.4451077,732.421875,200000,0.0,0.0,0.0,2
1387.9404944999987,1779881854.664432,732.421875,200000,0.0,0.0,0.0,2
1388.1800464999978,1779881854.9039843,732.421875,200000,0.0,0.0,0.0,2
1388.3240170000063,1779881855.0479553,732.421875,200000,0.0,0.0,0.0,2
1388.5311864999967,1779881855.2551243,732.421875,200000,0.0,0.0,0.0,2
1388.7695257000014,1779881855.4934633,732.421875,200000,0.0,0.0,0.0,2
1388.9528317999939,1779881855.6767697,732.421875,200000,0.0,0.0,0.0,2
1389.129393299998,1779881855.8533306,732.421875,200000,0.0,0.0,0.0,2
1389.8253800999955,1779881856.549318,732.421875,200000,0.0,0.0,0.0,2
1389.828629399999,1779881856.5525668,732.421875,200000,0.0,0.0,0.0,2
1389.832116000005,1779881856.5560532,732.421875,200000,0.0,0.0,0.0,2
1389.9056147999945,1779881856.6295526,732.421875,200000,0.0,0.0,0.0,2
1390.1141093000042,1779881856.8380477,732.421875,200000,0.0,0.0,0.0,2
1390.332127600006,1779881857.0560653,732.421875,200000,0.0,0.0,0.0,2
1390.518535700001,1779881857.2424755,732.421875,200000,0.0,0.0,0.0,2
1390.7150989000074,1779881857.4390368,732.421875,200000,0.0,0.0,0.0,2
1390.9081127999962,1779881857.6320508,732.421875,200000,0.0,0.0,0.0,2
1391.118898300003,1779881857.842836,732.421875,200000,0.0,0.0,0.0,2
1391.3471756000072,1779881858.071113,732.421875,200000,0.0,0.0,0.0,2
1391.525419700003,1779881858.2493575,732.421875,200000,0.0,0.0,0.0,2
1391.7081738999987,1779881858.4321113,732.421875,200000,0.0,0.0,0.0,2
1392.4041664999968,1779881859.1281042,732.421875,200000,0.0,0.0,0.0,2
1392.4069792999944,1779881859.1309164,732.421875,200000,0.0,0.0,0.0,2
1392.4108519000001,1779881859.1347897,732.421875,200000,0.0,0.0,0.0,2
1392.5027341999958,1779881859.2266722,732.421875,200000,0.0,0.0,0.0,2
1392.7035379000008,1779881859.427476,732.421875,200000,0.0,0.0,0.0,2
1392.9133255000052,1779881859.6372628,732.421875,200000,0.0,0.0,0.0,2
1393.1051602999942,1779881859.829098,732.421875,200000,0.0,0.0,0.0,2
1393.3284375000076,1779881860.0523753,732.421875,200000,0.0,0.0,0.0,2
1393.503758299994,1779881860.2276967,732.421875,200000,0.0,0.0,0.0,2
1393.6947728999949,1779881860.418711,732.421875,200000,0.0,0.0,0.0,2
1393.933608499996,1779881860.657549,732.421875,200000,0.0,0.0,0.0,2
1394.4755998000037,1779881861.1995378,732.421875,200000,0.0,0.0,0.0,2
1394.4836690999946,1779881861.2076068,732.421875,200000,0.0,0.0,0.0,2
1394.5153613000002,1779881861.2393,732.421875,200000,0.0,0.0,0.0,2
1394.7041866000072,1779881861.428124,732.421875,200000,0.0,0.0,0.0,2
1394.889054500003,1779881861.612992,732.421875,200000,0.0,0.0,0.0,2
1395.1245329999947,1779881861.8484714,732.421875,200000,0.0,0.0,0.0,2
1395.2922625000065,1779881862.016201,732.421875,200000,0.0,0.0,0.0,2
1396.007819499995,1779881862.7317576,732.421875,200000,0.0,0.0,0.0,2
1396.011866700006,1779881862.735804,732.421875,200000,0.0,0.0,0.0,2
1396.0148105999979,1779881862.7387478,732.421875,200000,0.0,0.0,0.0,2
1396.0872041999974,1779881862.8111422,732.421875,200000,0.0,0.0,0.0,2
1396.266317200003,1779881862.9902546,732.421875,200000,0.0,0.0,0.0,2
1396.4962296000012,1779881863.2201674,732.421875,200000,0.0,0.0,0.0,2
1396.683852999995,1779881863.4077907,732.421875,200000,0.0,0.0,0.0,2
1396.9225185999967,1779881863.6464565,732.421875,200000,0.0,0.0,0.0,2
1397.0998980000004,1779881863.8238363,732.421875,200000,0.0,0.0,0.0,2
1397.2775614999991,1779881864.0015,732.421875,200000,0.0,0.0,0.0,2
1397.529131000003,1779881864.2530694,732.421875,200000,0.0,0.0,0.0,2
1397.7010439000005,1779881864.4249818,732.421875,200000,0.0,0.0,0.0,2
1397.8740244999935,1779881864.597962,732.421875,200000,0.0,0.0,0.0,2
1398.0630283000064,1779881864.7869675,732.421875,200000,0.0,0.0,0.0,2
1398.2979276999977,1779881865.0218651,732.421875,200000,0.0,0.0,0.0,2
1398.4819860999996,1779881865.2059243,732.421875,200000,0.0,0.0,0.0,2
1398.6612593000027,1779881865.3851976,732.421875,200000,0.0,0.0,0.0,2
1398.8497537000076,1779881865.5736914,732.421875,200000,0.0,0.0,0.0,2
1399.0791828999936,1779881865.803121,732.421875,200000,0.0,0.0,0.0,2
1399.2622872000065,1779881865.9862247,732.421875,200000,0.0,0.0,0.0,2
1399.4513277000078,1779881866.1752653,732.421875,200000,0.0,0.0,0.0,2
1399.6835373000067,1779881866.407476,732.421875,200000,0.0,0.0,0.0,2
1399.8581032999937,1779881866.5820417,732.421875,200000,0.0,0.0,0.0,2
1400.0986021999997,1779881866.8225403,732.421875,200000,0.0,0.0,0.0,2
1400.2762430000002,1779881867.0001805,732.421875,200000,0.0,0.0,0.0,2
1400.456726999997,1779881867.1806653,732.421875,200000,0.0,0.0,0.0,2
1400.642887199996,1779881867.3668249,732.421875,200000,0.0,0.0,0.0,2
1400.8705562999967,1779881867.5944936,732.421875,200000,0.0,0.0,0.0,2
1401.0543924999947,1779881867.7783303,732.421875,200000,0.0,0.0,0.0,2
1401.2470768000057,1779881867.971015,732.421875,200000,0.0,0.0,0.0,2
1401.476595500004,1779881868.2005339,732.421875,200000,0.0,0.0,0.0,2
1401.6526742999995,1779881868.3766131,732.421875,200000,0.0,0.0,0.0,2
1401.837784000003,1779881868.561722,732.421875,200000,0.0,0.0,0.0,2
1402.0744487000047,1779881868.7983873,732.421875,200000,0.0,0.0,0.0,2
1402.254131099995,1779881868.9780693,732.421875,200000,0.0,0.0,0.0,2
1402.7922799999942,1779881869.5162182,732.421875,200000,0.0,0.0,0.0,2
1402.7972047999938,1779881869.5211427,732.421875,200000,0.0,0.0,0.0,2
1402.845744499995,1779881869.5696826,732.421875,200000,0.0,0.0,0.0,2
1403.0500090999994,1779881869.773948,732.421875,200000,0.0,0.0,0.0,2
1403.2801084999955,1779881870.0040467,732.421875,200000,0.0,0.0,0.0,2
1403.4534402999998,1779881870.1773784,732.421875,200000,0.0,0.0,0.0,2
1403.6369707999984,1779881870.3609085,732.421875,200000,0.0,0.0,0.0,2
1403.8327281999955,1779881870.5566666,732.421875,200000,0.0,0.0,0.0,2
1404.024150199999,1779881870.7480881,732.421875,200000,0.0,0.0,0.0,2
1404.2352780000074,1779881870.9592164,732.421875,200000,0.0,0.0,0.0,2
1404.4318337000004,1779881871.155772,732.421875,200000,0.0,0.0,0.0,2
1404.6252621000021,1779881871.3492,732.421875,200000,0.0,0.0,0.0,2
1404.8579627,1779881871.581902,732.421875,200000,0.0,0.0,0.0,2
1405.0327624000056,1779881871.7567005,732.421875,200000,0.0,0.0,0.0,2
1405.2449688000052,1779881871.9689064,732.421875,200000,0.0,0.0,0.0,2
1405.4290745000035,1779881872.1530118,732.421875,200000,0.0,0.0,0.0,2
1405.6258390000003,1779881872.3497772,732.421875,200000,0.0,0.0,0.0,2
1405.8183719999943,1779881872.5423105,732.421875,200000,0.0,0.0,0.0,2
1406.0889167999994,1779881872.8128548,732.421875,200000,0.0,0.0,0.0,2
1406.2671970999945,1779881872.9911351,732.421875,200000,0.0,0.0,0.0,2
1406.4167846000055,1779881873.1407223,732.421875,200000,0.0,0.0,0.0,2
1406.6097119000042,1779881873.3336499,732.421875,200000,0.0,0.0,0.0,2
1406.8699915000034,1779881873.5939298,732.421875,200000,0.0,0.0,0.0,2
1407.0421385999944,1779881873.766076,732.421875,200000,0.0,0.0,0.0,2
1407.2258825000026,1779881873.9498208,732.421875,200000,0.0,0.0,0.0,2
1407.4083484000002,1779881874.1322863,732.421875,200000,0.0,0.0,0.0,2
1407.6079364000034,1779881874.3318744,732.421875,200000,0.0,0.0,0.0,2
1407.8246348999965,1779881874.5485728,732.421875,200000,0.0,0.0,0.0,2
1408.0693178999936,1779881874.7932568,732.421875,200000,0.0,0.0,0.0,2
1408.2475841999985,1779881874.9715223,732.421875,200000,0.0,0.0,0.0,2
1408.4246758999943,1779881875.1486142,732.421875,200000,0.0,0.0,0.0,2
1409.0285279999953,1779881875.7524662,732.421875,200000,0.0,0.0,0.0,2
1409.0346948000079,1779881875.758633,732.421875,200000,0.0,0.0,0.0,2
1409.0731665000058,1779881875.7971044,732.421875,200000,0.0,0.0,0.0,2
1409.1994756000058,1779881875.9234142,732.421875,200000,0.0,0.0,0.0,2
1409.3963212999952,1779881876.1202595,732.421875,200000,0.0,0.0,0.0,2
1410.0696120000066,1779881876.7935498,732.421875,200000,0.0,0.0,0.0,2
1410.0743302000046,1779881876.7982678,732.421875,200000,0.0,0.0,0.0,2
1410.0784730000014,1779881876.8024108,732.421875,200000,0.0,0.0,0.0,2
1410.1890669999993,1779881876.9130054,732.421875,200000,0.0,0.0,0.0,2
1410.4033285000041,1779881877.1272657,732.421875,200000,0.0,0.0,0.0,2
1410.5890900999948,1779881877.313028,732.421875,200000,0.0,0.0,0.0,2
1410.8194709999952,1779881877.5434089,732.421875,200000,0.0,0.0,0.0,2
1410.9987724999955,1779881877.7227106,732.421875,200000,0.0,0.0,0.0,2
1411.2010051999969,1779881877.9249442,732.421875,200000,0.0,0.0,0.0,2
1411.4183812999981,1779881878.1423192,732.421875,200000,0.0,0.0,0.0,2
1411.5970280000038,1779881878.3209653,732.421875,200000,0.0,0.0,0.0,2
1411.7795515000034,1779881878.5034897,732.421875,200000,0.0,0.0,0.0,2
1412.0283309000079,1779881878.7522693,732.421875,200000,0.0,0.0,0.0,2
1412.2089508000063,1779881878.9328885,732.421875,200000,0.0,0.0,0.0,2
1412.387767799999,1779881879.1117058,732.421875,200000,0.0,0.0,0.0,2
1412.6153973000037,1779881879.3393347,732.421875,200000,0.0,0.0,0.0,2
1412.7961944999988,1779881879.5201325,732.421875,200000,0.0,0.0,0.0,2
1413.046986500005,1779881879.7709253,732.421875,200000,0.0,0.0,0.0,2
1413.1705237999995,1779881879.8944614,732.421875,200000,0.0,0.0,0.0,2
1413.3933632999979,1779881880.1173007,732.421875,200000,0.0,0.0,0.0,2
1413.572358000005,1779881880.2962954,732.421875,200000,0.0,0.0,0.0,2
1414.2104022999993,1779881880.9343395,732.421875,200000,0.0,0.0,0.0,2
1414.2141258000047,1779881880.9380636,732.421875,200000,0.0,0.0,0.0,2
1414.2185690000042,1779881880.9425068,732.421875,200000,0.0,0.0,0.0,2
1414.3587726999976,1779881881.08271,732.421875,200000,0.0,0.0,0.0,2
1414.595752299996,1779881881.3196898,732.421875,200000,0.0,0.0,0.0,2
1414.8013790999976,1779881881.5253181,732.421875,200000,0.0,0.0,0.0,2
1415.0132235000056,1779881881.737161,732.421875,200000,0.0,0.0,0.0,2
1415.1523764000012,1779881881.8763142,732.421875,200000,0.0,0.0,0.0,2
1415.3733083999978,1779881882.0972462,732.421875,200000,0.0,0.0,0.0,2
1415.5571017000038,1779881882.28104,732.421875,200000,0.0,0.0,0.0,2
1415.8151585000014,1779881882.5390968,732.421875,200000,0.0,0.0,0.0,2
1415.9954377999966,1779881882.7193766,732.421875,200000,0.0,0.0,0.0,2
1416.1587045000051,1779881882.8826423,732.421875,200000,0.0,0.0,0.0,2
1416.7860855000035,1779881883.5100253,732.421875,200000,0.0,0.0,0.0,2
1416.7936889999983,1779881883.5176275,732.421875,200000,0.0,0.0,0.0,2
1416.7983838000073,1779881883.522321,732.421875,200000,0.0,0.0,0.0,2
1416.9931911000022,1779881883.717129,732.421875,200000,0.0,0.0,0.0,2
1417.1681920999981,1779881883.8921294,732.421875,200000,0.0,0.0,0.0,2
1417.3590474999946,1779881884.0829854,732.421875,200000,0.0,0.0,0.0,2
1417.5508415999939,1779881884.2747798,732.421875,200000,0.0,0.0,0.0,2
1417.7376440999942,1779881884.4615817,732.421875,200000,0.0,0.0,0.0,2
1418.0104416999966,1779881884.7343795,732.421875,200000,0.0,0.0,0.0,2
1418.1909044000058,1779881884.9148424,732.421875,200000,0.0,0.0,0.0,2
1418.3708163999981,1779881885.0947542,732.421875,200000,0.0,0.0,0.0,2
1418.5504758000025,1779881885.2744138,732.421875,200000,0.0,0.0,0.0,2
1418.7394519999943,1779881885.4633894,732.421875,200000,0.0,0.0,0.0,2
1419.353902700008,1779881886.0778408,732.421875,200000,0.0,0.0,0.0,2
1419.3573882000055,1779881886.0813258,732.421875,200000,0.0,0.0,0.0,2
1419.362317799998,1779881886.0862556,732.421875,200000,0.0,0.0,0.0,2
1419.5341864000075,1779881886.2581248,732.421875,200000,0.0,0.0,0.0,2
1419.747703800007,1779881886.4716418,732.421875,200000,0.0,0.0,0.0,2
1419.9872570000007,1779881886.711195,732.421875,200000,0.0,0.0,0.0,2
1420.1675894000073,1779881886.8915277,732.421875,200000,0.0,0.0,0.0,2
1420.347122799998,1779881887.071061,732.421875,200000,0.0,0.0,0.0,2
1420.5847313999984,1779881887.308669,732.421875,200000,0.0,0.0,0.0,2
1420.7747142000007,1779881887.4986525,732.421875,200000,0.0,0.0,0.0,2
1421.0050578999944,1779881887.7289958,732.421875,200000,0.0,0.0,0.0,2
1421.123279499996,1779881887.847217,732.421875,200000,0.0,0.0,0.0,2
1421.3218002000067,1779881888.0457377,732.421875,200000,0.0,0.0,0.0,2
1421.541811899995,1779881888.2657492,732.421875,200000,0.0,0.0,0.0,2
1421.7267807000026,1779881888.4507186,732.421875,200000,0.0,0.0,0.0,2
1421.969205100002,1779881888.6931434,732.421875,200000,0.0,0.0,0.0,2
1422.5249734999961,1779881889.248912,732.421875,200000,0.0,0.0,0.0,2
1422.5294602000067,1779881889.253398,732.421875,200000,0.0,0.0,0.0,2
1422.562044499995,1779881889.2859824,732.421875,200000,0.0,0.0,0.0,2
1422.7297343999962,1779881889.4536722,732.421875,200000,0.0,0.0,0.0,2
1422.9394254000072,1779881889.6633627,732.421875,200000,0.0,0.0,0.0,2
1423.1150651000062,1779881889.8390026,732.421875,200000,0.0,0.0,0.0,2
1423.3437246999965,1779881890.067663,732.421875,200000,0.0,0.0,0.0,2
1423.5232154999976,1779881890.2471538,732.421875,200000,0.0,0.0,0.0,2
1424.0753148999938,1779881890.799253,732.421875,200000,0.0,0.0,0.0,2
1424.0794157000055,1779881890.803354,732.421875,200000,0.0,0.0,0.0,2
1424.1192847000057,1779881890.8432229,732.421875,200000,0.0,0.0,0.0,2
1424.304242099999,1779881891.0281796,732.421875,200000,0.0,0.0,0.0,2
1424.513628300003,1779881891.2375665,732.421875,200000,0.0,0.0,0.0,2
1424.7214062999992,1779881891.4453444,732.421875,200000,0.0,0.0,0.0,2
1424.9600799000036,1779881891.6840177,732.421875,200000,0.0,0.0,0.0,2
1425.0989949000068,1779881891.8229322,732.421875,200000,0.0,0.0,0.0,2
1425.2925990000076,1779881892.0165377,732.421875,200000,0.0,0.0,0.0,2
1425.5091836000065,1779881892.2331219,732.421875,200000,0.0,0.0,0.0,2
1425.7433454999991,1779881892.4672837,732.421875,200000,0.0,0.0,0.0,2
1425.9795713000058,1779881892.7035098,732.421875,200000,0.0,0.0,0.0,2
1426.113320999997,1779881892.837261,732.421875,200000,0.0,0.0,0.0,2
1426.2992039999954,1779881893.0231423,732.421875,200000,0.0,0.0,0.0,2
1426.4870104000001,1779881893.2109485,732.421875,200000,0.0,0.0,0.0,2
1426.6979190999991,1779881893.4218574,732.421875,200000,0.0,0.0,0.0,2
1426.9356196000008,1779881893.6595576,732.421875,200000,0.0,0.0,0.0,2
1427.1270591000066,1779881893.8509974,732.421875,200000,0.0,0.0,0.0,2
1427.2925148000068,1779881894.016452,732.421875,200000,0.0,0.0,0.0,2
1427.4869644999999,1779881894.2109025,732.421875,200000,0.0,0.0,0.0,2
1427.7136265000008,1779881894.437564,732.421875,200000,0.0,0.0,0.0,2
1427.912548399996,1779881894.636486,732.421875,200000,0.0,0.0,0.0,2
1428.084822100005,1779881894.8087595,732.421875,200000,0.0,0.0,0.0,2
1428.7075439000037,1779881895.4314818,732.421875,200000,0.0,0.0,0.0,2
1428.7106684000028,1779881895.4346058,732.421875,200000,0.0,0.0,0.0,2
1428.7143447999988,1779881895.4382825,732.421875,200000,0.0,0.0,0.0,2
1428.9182603999943,1779881895.6421978,732.421875,200000,0.0,0.0,0.0,2
1429.0911951000016,1779881895.8151326,732.421875,200000,0.0,0.0,0.0,2
1429.2776811999938,1779881896.001619,732.421875,200000,0.0,0.0,0.0,2
1429.5146912000055,1779881896.2386296,732.421875,200000,0.0,0.0,0.0,2
1429.6945478999987,1779881896.418486,732.421875,200000,0.0,0.0,0.0,2
1429.9331516999955,1779881896.65709,732.421875,200000,0.0,0.0,0.0,2
1430.0678302000015,1779881896.7917686,732.421875,200000,0.0,0.0,0.0,2
1430.293252500007,1779881897.0171905,732.421875,200000,0.0,0.0,0.0,2
1430.8266265999991,1779881897.5505648,732.421875,200000,0.0,0.0,0.0,2
1430.8312366000027,1779881897.5551744,732.421875,200000,0.0,0.0,0.0,2
1430.9005636999937,1779881897.6245015,732.421875,200000,0.0,0.0,0.0,2
1431.0645536999946,1779881897.7884912,732.421875,200000,0.0,0.0,0.0,2
1431.257809799994,1779881897.9817472,732.421875,200000,0.0,0.0,0.0,2
1431.4909184999997,1779881898.2148557,732.421875,200000,0.0,0.0,0.0,2
1431.6789945000055,1779881898.402934,732.421875,200000,0.0,0.0,0.0,2
1431.9127884000045,1779881898.6367266,732.421875,200000,0.0,0.0,0.0,2
1432.0495102999994,1779881898.773448,732.421875,200000,0.0,0.0,0.0,2
1432.2699890000076,1779881898.9939275,732.421875,200000,0.0,0.0,0.0,2
1432.8994670999964,1779881899.6234062,732.421875,200000,0.0,0.0,0.0,2
1432.9053692000016,1779881899.6293082,732.421875,200000,0.0,0.0,0.0,2
1432.9164575000032,1779881899.6403964,732.421875,200000,0.0,0.0,0.0,2
1433.0622446000052,1779881899.7861829,732.421875,200000,0.0,0.0,0.0,2
1433.2929946999939,1779881900.0169332,732.421875,200000,0.0,0.0,0.0,2
1433.4695712999965,1779881900.1935096,732.421875,200000,0.0,0.0,0.0,2
1433.708304300002,1779881900.4322424,732.421875,200000,0.0,0.0,0.0,2
1433.8884430000035,1779881900.612382,732.421875,200000,0.0,0.0,0.0,2
1434.490543699998,1779881901.2144818,732.421875,200000,0.0,0.0,0.0,2
1434.495974999998,1779881901.2199132,732.421875,200000,0.0,0.0,0.0,2
1434.5028949999978,1779881901.2268329,732.421875,200000,0.0,0.0,0.0,2
1434.6588540999946,1779881901.3827915,732.421875,200000,0.0,0.0,0.0,2
1434.8697715000017,1779881901.5937095,732.421875,200000,0.0,0.0,0.0,2
1435.053968399996,1779881901.7779076,732.421875,200000,0.0,0.0,0.0,2
1435.2651944999961,1779881901.989132,732.421875,200000,0.0,0.0,0.0,2
1435.450608900006,1779881902.1745474,732.421875,200000,0.0,0.0,0.0,2
1435.6307837000058,1779881902.3547213,732.421875,200000,0.0,0.0,0.0,2
1435.8650060000073,1779881902.588944,732.421875,200000,0.0,0.0,0.0,2
1436.0484631,1779881902.772401,732.421875,200000,0.0,0.0,0.0,2
1436.234961299997,1779881902.9588995,732.421875,200000,0.0,0.0,0.0,2
1436.4633678999962,1779881903.187306,732.421875,200000,0.0,0.0,0.0,2
1436.6428027000075,1779881903.3667407,732.421875,200000,0.0,0.0,0.0,2
1436.8808955999993,1779881903.6048334,732.421875,200000,0.0,0.0,0.0,2
1437.0638883000065,1779881903.787826,732.421875,200000,0.0,0.0,0.0,2
1437.2556961999944,1779881903.9796376,732.421875,200000,0.0,0.0,0.0,2
1437.4300427999988,1779881904.1539812,732.421875,200000,0.0,0.0,0.0,2
1437.618598999994,1779881904.3425372,732.421875,200000,0.0,0.0,0.0,2
1438.0704229999974,1779881904.7943609,732.421875,200000,0.0,0.0,0.0,2
1438.076104199994,1779881904.8000422,732.421875,200000,0.0,0.0,0.0,2
1438.2322815999942,1779881904.9562194,732.421875,200000,0.0,0.0,0.0,2
1438.431192300006,1779881905.1551304,732.421875,200000,0.0,0.0,0.0,2
1439.0852775999956,1779881905.809215,732.421875,200000,0.0,0.0,0.0,2
1439.0882325999992,1779881905.81217,732.421875,200000,0.0,0.0,0.0,2
1439.0915833000035,1779881905.8155212,732.421875,200000,0.0,0.0,0.0,2
1439.2286785000033,1779881905.9526167,732.421875,200000,0.0,0.0,0.0,2
1439.4228268000006,1779881906.1467645,732.421875,200000,0.0,0.0,0.0,2
1439.6373180999944,1779881906.3612554,732.421875,200000,0.0,0.0,0.0,2
1440.1598020999954,1779881906.8837404,732.421875,200000,0.0,0.0,0.0,2
1440.165265699994,1779881906.889204,732.421875,200000,0.0,0.0,0.0,2
1440.2279535999987,1779881906.9518921,732.421875,200000,0.0,0.0,0.0,2
1440.409198399997,1779881907.1331358,732.421875,200000,0.0,0.0,0.0,2
1440.614239500006,1779881907.338177,732.421875,200000,0.0,0.0,0.0,2
1440.8392179999937,1779881907.5631568,732.421875,200000,0.0,0.0,0.0,2
1441.0160472999996,1779881907.7399843,732.421875,200000,0.0,0.0,0.0,2
1441.253146899995,1779881907.9770844,732.421875,200000,0.0,0.0,0.0,2
1441.4351907999953,1779881908.1591296,732.421875,200000,0.0,0.0,0.0,2
1441.6365030000015,1779881908.360442,732.421875,200000,0.0,0.0,0.0,2
1441.8629934000055,1779881908.5869315,732.421875,200000,0.0,0.0,0.0,2
1442.041494899997,1779881908.7654333,732.421875,200000,0.0,0.0,0.0,2
1442.2153048000037,1779881908.9392421,732.421875,200000,0.0,0.0,0.0,2
1442.7845723000064,1779881909.5085099,732.421875,200000,0.0,0.0,0.0,2
1442.7873342999956,1779881909.5112712,732.421875,200000,0.0,0.0,0.0,2
1442.8336943000031,1779881909.5576322,732.421875,200000,0.0,0.0,0.0,2
1442.9967520000064,1779881909.7206898,732.421875,200000,0.0,0.0,0.0,2
1443.1988081000018,1779881909.9227464,732.421875,200000,0.0,0.0,0.0,2
1443.4148649999988,1779881910.1388025,732.421875,200000,0.0,0.0,0.0,2
1443.6552842999954,1779881910.3792222,732.421875,200000,0.0,0.0,0.0,2
1443.8315923000046,1779881910.55553,732.421875,200000,0.0,0.0,0.0,2
1444.370684900001,1779881911.0946221,732.421875,200000,0.0,0.0,0.0,2
1444.3734015999944,1779881911.097339,732.421875,200000,0.0,0.0,0.0,2
1444.404806999999,1779881911.128745,732.421875,200000,0.0,0.0,0.0,2
1444.5904541000054,1779881911.314392,732.421875,200000,0.0,0.0,0.0,2
1444.8010298000008,1779881911.524969,732.421875,200000,0.0,0.0,0.0,2
1444.9848659999989,1779881911.7088034,732.421875,200000,0.0,0.0,0.0,2
1445.2234459000028,1779881911.947386,732.421875,200000,0.0,0.0,0.0,2
1445.386559000006,1779881912.1104965,732.421875,200000,0.0,0.0,0.0,2
1445.5871827999945,1779881912.311121,732.421875,200000,0.0,0.0,0.0,2
1445.813999399994,1779881912.5379386,732.421875,200000,0.0,0.0,0.0,2
1445.9940148000023,1779881912.7179523,732.421875,200000,0.0,0.0,0.0,2
1446.1904253999965,1779881912.9143636,732.421875,200000,0.0,0.0,0.0,2
1446.4145241000078,1779881913.1384616,732.421875,200000,0.0,0.0,0.0,2
1446.9174736999994,1779881913.6414115,732.421875,200000,0.0,0.0,0.0,2
1446.923781599995,1779881913.64772,732.421875,200000,0.0,0.0,0.0,2
1446.987321499997,1779881913.7112594,732.421875,200000,0.0,0.0,0.0,2
1447.1664090999984,1779881913.8903465,732.421875,200000,0.0,0.0,0.0,2
1447.3764674999984,1779881914.1004055,732.421875,200000,0.0,0.0,0.0,2
1447.5652358999941,1779881914.289174,732.421875,200000,0.0,0.0,0.0,2
1447.804943199997,1779881914.5288832,732.421875,200000,0.0,0.0,0.0,2
1447.9819527000072,1779881914.7058916,732.421875,200000,0.0,0.0,0.0,2
1448.2100099999952,1779881914.9339488,732.421875,200000,0.0,0.0,0.0,2
1448.392440800002,1779881915.1163797,732.421875,200000,0.0,0.0,0.0,2
1448.5717850000074,1779881915.2957237,732.421875,200000,0.0,0.0,0.0,2
1448.7581368999963,1779881915.4820743,732.421875,200000,0.0,0.0,0.0,2
1448.985490399995,1779881915.7094285,732.421875,200000,0.0,0.0,0.0,2
1449.166248900001,1779881915.8901865,732.421875,200000,0.0,0.0,0.0,2
1449.3662029999978,1779881916.0901425,732.421875,200000,0.0,0.0,0.0,2
1449.5896948000009,1779881916.3136332,732.421875,200000,0.0,0.0,0.0,2
1449.7716311999975,1779881916.4955695,732.421875,200000,0.0,0.0,0.0,2
1449.9534604999935,1779881916.6773984,732.421875,200000,0.0,0.0,0.0,2
1450.1837228999939,1779881916.9076624,732.421875,200000,0.0,0.0,0.0,2
1450.3668737999978,1779881917.0908132,732.421875,200000,0.0,0.0,0.0,2
1450.9987519999995,1779881917.7226899,732.421875,200000,0.0,0.0,0.0,2
1451.0051976999966,1779881917.729137,732.421875,200000,0.0,0.0,0.0,2
1451.0131923000008,1779881917.737131,732.421875,200000,0.0,0.0,0.0,2
1451.1589391000016,1779881917.8828773,732.421875,200000,0.0,0.0,0.0,2
1451.3787978000037,1779881918.1027358,732.421875,200000,0.0,0.0,0.0,2
1451.5596015000046,1779881918.283539,732.421875,200000,0.0,0.0,0.0,2
1451.7554978999979,1779881918.479437,732.421875,200000,0.0,0.0,0.0,2
1451.9447500999959,1779881918.6686873,732.421875,200000,0.0,0.0,0.0,2
1452.1648465000035,1779881918.888784,732.421875,200000,0.0,0.0,0.0,2
1452.4018004999962,1779881919.1257398,732.421875,200000,0.0,0.0,0.0,2
1452.5801804999937,1779881919.3041186,732.421875,200000,0.0,0.0,0.0,2
1453.131045999995,1779881919.8549843,732.421875,200000,0.0,0.0,0.0,2
1453.1363166999945,1779881919.8602543,732.421875,200000,0.0,0.0,0.0,2
1453.1629761999939,1779881919.8869143,732.421875,200000,0.0,0.0,0.0,2
1453.331766999996,1779881920.0557063,732.421875,200000,0.0,0.0,0.0,2
1453.548226800005,1779881920.2721643,732.421875,200000,0.0,0.0,0.0,2
1453.7310840999999,1779881920.4550226,732.421875,200000,0.0,0.0,0.0,2
1453.9604536999977,1779881920.6843922,732.421875,200000,0.0,0.0,0.0,2
1454.1392897000042,1779881920.8632274,732.421875,200000,0.0,0.0,0.0,2
1455.1875003000023,1779881921.9114377,732.421875,200000,0.0,0.0,0.0,2
1455.197997700001,1779881921.921937,732.421875,200000,0.0,0.0,0.0,2
1455.220524000004,1779881921.944462,732.421875,200000,0.0,0.0,0.0,2
1455.224908899996,1779881921.9488466,732.421875,200000,0.0,0.0,0.0,2
1455.2328838999965,1779881921.9568226,732.421875,200000,0.0,0.0,0.0,2
1455.3263265999994,1779881922.0502646,732.421875,200000,0.0,0.0,0.0,2
1455.523023700007,1779881922.246961,732.421875,200000,0.0,0.0,0.0,2
1455.7162519999983,1779881922.4401908,732.421875,200000,0.0,0.0,0.0,2
1456.2223871000024,1779881922.9463246,732.421875,200000,0.0,0.0,0.0,2
1456.2269328999973,1779881922.9508712,732.421875,200000,0.0,0.0,0.0,2
1456.3222291999991,1779881923.0461676,732.421875,200000,0.0,0.0,0.0,2
1456.5139500000078,1779881923.237888,732.421875,200000,0.0,0.0,0.0,2
1456.7178070999944,1779881923.4417446,732.421875,200000,0.0,0.0,0.0,2
1456.9101298000023,1779881923.634072,732.421875,200000,0.0,0.0,0.0,2
1457.137459000005,1779881923.861397,732.421875,200000,0.0,0.0,0.0,2
1457.3137644999952,1779881924.0377033,732.421875,200000,0.0,0.0,0.0,2
1457.5170718000008,1779881924.2410107,732.421875,200000,0.0,0.0,0.0,2
1457.7336634999956,1779881924.4576013,732.421875,200000,0.0,0.0,0.0,2
1457.9165021999943,1779881924.6404402,732.421875,200000,0.0,0.0,0.0,2
1458.1050149000075,1779881924.828953,732.421875,200000,0.0,0.0,0.0,2
1458.3337495000014,1779881925.0576878,732.421875,200000,0.0,0.0,0.0,2
1458.5139707000053,1779881925.2379081,732.421875,200000,0.0,0.0,0.0,2
1458.749707199997,1779881925.4736447,732.421875,200000,0.0,0.0,0.0,2
1459.3439402999938,1779881926.0678778,732.421875,200000,0.0,0.0,0.0,2
1459.3480980000022,1779881926.0720353,732.421875,200000,0.0,0.0,0.0,2
1459.352505200004,1779881926.0764444,732.421875,200000,0.0,0.0,0.0,2
1459.505175600003,1779881926.2291148,732.421875,200000,0.0,0.0,0.0,2
1459.696352400002,1779881926.4202924,732.421875,200000,0.0,0.0,0.0,2
1459.9520501999941,1779881926.6759884,732.421875,200000,0.0,0.0,0.0,2
1460.135328599994,1779881926.859266,732.421875,200000,0.0,0.0,0.0,2
1460.3123139999952,1779881927.0362525,732.421875,200000,0.0,0.0,0.0,2
1460.4981165000063,1779881927.2220547,732.421875,200000,0.0,0.0,0.0,2
1460.7384303,1779881927.4623675,732.421875,200000,0.0,0.0,0.0,2
1460.9087450999941,1779881927.6326833,732.421875,200000,0.0,0.0,0.0,2
1461.090953299994,1779881927.8148916,732.421875,200000,0.0,0.0,0.0,2
1461.2809838999965,1779881928.0049217,732.421875,200000,0.0,0.0,0.0,2
1461.5099697999976,1779881928.2339082,732.421875,200000,0.0,0.0,0.0,2
1461.6869715000066,1779881928.4109092,732.421875,200000,0.0,0.0,0.0,2
1461.923627600001,1779881928.6475656,732.421875,200000,0.0,0.0,0.0,2
1462.1044938999985,1779881928.8284318,732.421875,200000,0.0,0.0,0.0,2
1462.2861361999967,1779881929.0100744,732.421875,200000,0.0,0.0,0.0,2
1462.9311363000015,1779881929.655074,732.421875,200000,0.0,0.0,0.0,2
1462.9344586999941,1779881929.6583962,732.421875,200000,0.0,0.0,0.0,2
1462.9418688000005,1779881929.665806,732.421875,200000,0.0,0.0,0.0,2
1463.0798126000009,1779881929.80375,732.421875,200000,0.0,0.0,0.0,2
1463.304310899999,1779881930.028248,732.421875,200000,0.0,0.0,0.0,2
1463.4852623000043,1779881930.2092016,732.421875,200000,0.0,0.0,0.0,2
1463.6758053999947,1779881930.3997424,732.421875,200000,0.0,0.0,0.0,2
1463.8642037999962,1779881930.5881412,732.421875,200000,0.0,0.0,0.0,2
1464.0864597000036,1779881930.810398,732.421875,200000,0.0,0.0,0.0,2
1464.2804602999968,1779881931.004399,732.421875,200000,0.0,0.0,0.0,2
1464.4655444999953,1779881931.1894822,732.421875,200000,0.0,0.0,0.0,2
1464.687277200006,1779881931.4112158,732.421875,200000,0.0,0.0,0.0,2
1464.8723879000026,1779881931.5963278,732.421875,200000,0.0,0.0,0.0,2
1465.107023699995,1779881931.830962,732.421875,200000,0.0,0.0,0.0,2
1465.2864891000063,1779881932.010427,732.421875,200000,0.0,0.0,0.0,2
1465.5245562000055,1779881932.248495,732.421875,200000,0.0,0.0,0.0,2
1466.0603746999986,1779881932.7843142,732.421875,200000,0.0,0.0,0.0,2
1466.067832300003,1779881932.7917697,732.421875,200000,0.0,0.0,0.0,2
1466.0928202000068,1779881932.816759,732.421875,200000,0.0,0.0,0.0,2
1466.2847578999936,1779881933.0086966,732.421875,200000,0.0,0.0,0.0,2
1466.4842325000063,1779881933.2081718,732.421875,200000,0.0,0.0,0.0,2
1466.6627181000076,1779881933.3866558,732.421875,200000,0.0,0.0,0.0,2
1466.8486208999966,1779881933.5725586,732.421875,200000,0.0,0.0,0.0,2
1467.0652319000073,1779881933.789173,732.421875,200000,0.0,0.0,0.0,2
1467.6417860999936,1779881934.3657238,732.421875,200000,0.0,0.0,0.0,2
1467.647702999995,1779881934.3716414,732.421875,200000,0.0,0.0,0.0,2
1467.6902864000003,1779881934.4142258,732.421875,200000,0.0,0.0,0.0,2
1467.8625475000008,1779881934.5864854,732.421875,200000,0.0,0.0,0.0,2
1468.0445846000075,1779881934.7685246,732.421875,200000,0.0,0.0,0.0,2
1468.2472939,1779881934.9712322,732.421875,200000,0.0,0.0,0.0,2
1468.4621761000017,1779881935.186115,732.421875,200000,0.0,0.0,0.0,2
1469.1613720000023,1779881935.8853102,732.421875,200000,0.0,0.0,0.0,2
1469.1662956000073,1779881935.8902328,732.421875,200000,0.0,0.0,0.0,2
1469.1694156000012,1779881935.8933535,732.421875,200000,0.0,0.0,0.0,2
1469.2473583999963,1779881935.971297,732.421875,200000,0.0,0.0,0.0,2
1469.441757499997,1779881936.1656961,732.421875,200000,0.0,0.0,0.0,2
1469.6630267,1779881936.386966,732.421875,200000,0.0,0.0,0.0,2
1469.8467591999943,1779881936.5706973,732.421875,200000,0.0,0.0,0.0,2
1470.079249500006,1779881936.8031893,732.421875,200000,0.0,0.0,0.0,2
1470.2612952000054,1779881936.985234,732.421875,200000,0.0,0.0,0.0,2
1470.4961067999975,1779881937.2200449,732.421875,200000,0.0,0.0,0.0,2
1470.675010100007,1779881937.3989482,732.421875,200000,0.0,0.0,0.0,2
1471.2633408999973,1779881937.987279,732.421875,200000,0.0,0.0,0.0,2
1471.2664998999971,1779881937.990438,732.421875,200000,0.0,0.0,0.0,2
1471.2715452999983,1779881937.9954846,732.421875,200000,0.0,0.0,0.0,2
1471.4232895000023,1779881938.1472273,732.421875,200000,0.0,0.0,0.0,2
1471.639287500002,1779881938.3632257,732.421875,200000,0.0,0.0,0.0,2
1471.8363093999942,1779881938.560247,732.421875,200000,0.0,0.0,0.0,2
1472.035173700002,1779881938.7591133,732.421875,200000,0.0,0.0,0.0,2
1472.2427554000024,1779881938.9666946,732.421875,200000,0.0,0.0,0.0,2
1472.4246468000056,1779881939.148586,732.421875,200000,0.0,0.0,0.0,2
1472.6163425999985,1779881939.3402815,732.421875,200000,0.0,0.0,0.0,2
1472.8487269000034,1779881939.572666,732.421875,200000,0.0,0.0,0.0,2
1473.3383333999955,1779881940.0622704,732.421875,200000,0.0,0.0,0.0,2
1473.3489113999967,1779881940.0728502,732.421875,200000,0.0,0.0,0.0,2
1473.4257076000067,1779881940.1496458,732.421875,200000,0.0,0.0,0.0,2
1473.6132369999978,1779881940.3371754,732.421875,200000,0.0,0.0,0.0,2
1473.8058121000067,1779881940.5297527,732.421875,200000,0.0,0.0,0.0,2
1474.030207200005,1779881940.754145,732.421875,200000,0.0,0.0,0.0,2
1474.2157253000041,1779881940.9396648,732.421875,200000,0.0,0.0,0.0,2
1474.4049823999958,1779881941.1289206,732.421875,200000,0.0,0.0,0.0,2
1474.6378975999978,1779881941.361835,732.421875,200000,0.0,0.0,0.0,2
1474.8248839000007,1779881941.5488229,732.421875,200000,0.0,0.0,0.0,2
1475.0195800999936,1779881941.7435217,732.421875,200000,0.0,0.0,0.0,2
1475.2027006999997,1779881941.9266388,732.421875,200000,0.0,0.0,0.0,2
1475.4214803000068,1779881942.145418,732.421875,200000,0.0,0.0,0.0,2
1475.948683900002,1779881942.6726232,732.421875,200000,0.0,0.0,0.0,2
1476.399870299996,1779881943.1238108,732.421875,200000,0.0,0.0,0.0,2
1476.457494000002,1779881943.1814325,732.421875,200000,0.0,0.0,0.0,2
1476.4621783000039,1779881943.1861167,732.421875,200000,0.0,0.0,0.0,2
1476.470054000005,1779881943.1939924,732.421875,200000,0.0,0.0,0.0,2
1476.960072700007,1779881943.6840107,732.421875,200000,0.0,0.0,0.0,2
1476.9658442999935,1779881943.689783,732.421875,200000,0.0,0.0,0.0,2
1477.022333300003,1779881943.7462718,732.421875,200000,0.0,0.0,0.0,2
1477.205417300007,1779881943.9293568,732.421875,200000,0.0,0.0,0.0,2
1477.3936319000059,1779881944.1175706,732.421875,200000,0.0,0.0,0.0,2
1477.608321599997,1779881944.3322594,732.421875,200000,0.0,0.0,0.0,2
1477.8074906999973,1779881944.5314288,732.421875,200000,0.0,0.0,0.0,2
1477.9917059,1779881944.7156441,732.421875,200000,0.0,0.0,0.0,2
1478.5526821999956,1779881945.2766206,732.421875,200000,0.0,0.0,0.0,2
1478.5586582999968,1779881945.2825963,732.421875,200000,0.0,0.0,0.0,2
1478.600333399998,1779881945.324272,732.421875,200000,0.0,0.0,0.0,2
1478.788640400002,1779881945.5125797,732.421875,200000,0.0,0.0,0.0,2
1478.986526099994,1779881945.7104661,732.421875,200000,0.0,0.0,0.0,2
1479.2429873999936,1779881945.9669256,732.421875,200000,0.0,0.0,0.0,2
1479.4225336999953,1779881946.1464713,732.421875,200000,0.0,0.0,0.0,2
1479.6030049999972,1779881946.3269432,732.421875,200000,0.0,0.0,0.0,2
1479.7839750999992,1779881946.507913,732.421875,200000,0.0,0.0,0.0,2
1480.0297494999977,1779881946.7536874,732.421875,200000,0.0,0.0,0.0,2
1480.1701818000001,1779881946.8941195,732.421875,200000,0.0,0.0,0.0,2
1480.3886630000052,1779881947.112602,732.421875,200000,0.0,0.0,0.0,2
1480.628066899997,1779881947.352004,732.421875,200000,0.0,0.0,0.0,2
1480.8017043,1779881947.5256424,732.421875,200000,0.0,0.0,0.0,2
1480.991694700002,1779881947.7156339,732.421875,200000,0.0,0.0,0.0,2
1481.2193494999956,1779881947.9432878,732.421875,200000,0.0,0.0,0.0,2
1481.3991201000026,1779881948.1230576,732.421875,200000,0.0,0.0,0.0,2
1481.5781130999967,1779881948.3020508,732.421875,200000,0.0,0.0,0.0,2
1481.7727432999964,1779881948.4966807,732.421875,200000,0.0,0.0,0.0,2
1481.9613723999937,1779881948.685311,732.421875,200000,0.0,0.0,0.0,2
1482.1798681000073,1779881948.9038053,732.421875,200000,0.0,0.0,0.0,2
1482.359763600005,1779881949.083701,732.421875,200000,0.0,0.0,0.0,2
1482.5645646000048,1779881949.288502,732.421875,200000,0.0,0.0,0.0,2
1482.7806048000057,1779881949.504544,732.421875,200000,0.0,0.0,0.0,2
1483.0162595000002,1779881949.7401972,732.421875,200000,0.0,0.0,0.0,2
1483.151459300003,1779881949.8753965,732.421875,200000,0.0,0.0,0.0,2
1483.376337499998,1779881950.1002767,732.421875,200000,0.0,0.0,0.0,2
1483.5594711000012,1779881950.2834094,732.421875,200000,0.0,0.0,0.0,2
1483.7984348000027,1779881950.5223732,732.421875,200000,0.0,0.0,0.0,2
1483.9746149999992,1779881950.698553,732.421875,200000,0.0,0.0,0.0,2
1484.1559429000044,1779881950.8798804,732.421875,200000,0.0,0.0,0.0,2
1484.3998775000073,1779881951.1238148,732.421875,200000,0.0,0.0,0.0,2
1484.5758023999952,1779881951.2997398,732.421875,200000,0.0,0.0,0.0,2
1484.7603557999973,1779881951.484294,732.421875,200000,0.0,0.0,0.0,2
1485.269627200003,1779881951.993565,732.421875,200000,0.0,0.0,0.0,2
1485.2813032999984,1779881952.0052402,732.421875,200000,0.0,0.0,0.0,2
1485.340157300001,1779881952.064095,732.421875,200000,0.0,0.0,0.0,2
1485.5528320000012,1779881952.2767692,732.421875,200000,0.0,0.0,0.0,2
1485.7735325999965,1779881952.4974706,732.421875,200000,0.0,0.0,0.0,2
1486.263473900006,1779881952.9874113,732.421875,200000,0.0,0.0,0.0,2
1486.269081999999,1779881952.9930193,732.421875,200000,0.0,0.0,0.0,2
1486.3504048000032,1779881953.074344,732.421875,200000,0.0,0.0,0.0,2
1486.5434940999985,1779881953.267432,732.421875,200000,0.0,0.0,0.0,2
1486.7570876999962,1779881953.4810271,732.421875,200000,0.0,0.0,0.0,2
1486.979851600001,1779881953.7037892,732.421875,200000,0.0,0.0,0.0,2
1487.1414039999945,1779881953.8653436,732.421875,200000,0.0,0.0,0.0,2
1487.3278460000001,1779881954.051783,732.421875,200000,0.0,0.0,0.0,2
1487.8454704000033,1779881954.5694103,732.421875,200000,0.0,0.0,0.0,2
1487.8522493000055,1779881954.5761876,732.421875,200000,0.0,0.0,0.0,2
1487.9816331000038,1779881954.705573,732.421875,200000,0.0,0.0,0.0,2
1488.1238857999997,1779881954.8478248,732.421875,200000,0.0,0.0,0.0,2
1488.357350899998,1779881955.08129,732.421875,200000,0.0,0.0,0.0,2
1488.884676600006,1779881955.6086144,732.421875,200000,0.0,0.0,0.0,2
1488.8911941999977,1779881955.6151335,732.421875,200000,0.0,0.0,0.0,2
1488.9799286000052,1779881955.7038667,732.421875,200000,0.0,0.0,0.0,2
1489.1306003000063,1779881955.8545403,732.421875,200000,0.0,0.0,0.0,2
1489.3177949999954,1779881956.0417328,732.421875,200000,0.0,0.0,0.0,2
1489.523543400006,1779881956.2474823,732.421875,200000,0.0,0.0,0.0,2
1489.7298154000018,1779881956.4537525,732.421875,200000,0.0,0.0,0.0,2
1490.4256865000061,1779881957.1496243,732.421875,200000,0.0,0.0,0.0,2
1490.4306207000045,1779881957.154559,732.421875,200000,0.0,0.0,0.0,2
1490.4379847999953,1779881957.1619241,732.421875,200000,0.0,0.0,0.0,2
1490.5126085999946,1779881957.2365503,732.421875,200000,0.0,0.0,0.0,2
1490.7246077000018,1779881957.4485476,732.421875,200000,0.0,0.0,0.0,2
1490.9675898999994,1779881957.6915276,732.421875,200000,0.0,0.0,0.0,2
1491.1124272000015,1779881957.8363652,732.421875,200000,0.0,0.0,0.0,2
1491.302080399997,1779881958.02602,732.421875,200000,0.0,0.0,0.0,2
1491.525464899998,1779881958.2494028,732.421875,200000,0.0,0.0,0.0,2
1491.709208500004,1779881958.433148,732.421875,200000,0.0,0.0,0.0,2
1491.9547609,1779881958.678699,732.421875,200000,0.0,0.0,0.0,2
1492.1292451000045,1779881958.8531833,732.421875,200000,0.0,0.0,0.0,2
1492.3077519000071,1779881959.0316892,732.421875,200000,0.0,0.0,0.0,2
1492.495593300002,1779881959.2195327,732.421875,200000,0.0,0.0,0.0,2
1492.7253868999978,1779881959.449325,732.421875,200000,0.0,0.0,0.0,2
1492.9648223999975,1779881959.6887612,732.421875,200000,0.0,0.0,0.0,2
1493.098828400005,1779881959.822766,732.421875,200000,0.0,0.0,0.0,2
1493.2917735999945,1779881960.015712,732.421875,200000,0.0,0.0,0.0,2
1493.5068331999937,1779881960.2307718,732.421875,200000,0.0,0.0,0.0,2
1493.6874207000074,1779881960.411359,732.421875,200000,0.0,0.0,0.0,2
1493.9425226000021,1779881960.6664615,732.421875,200000,0.0,0.0,0.0,2
1494.1045393999957,1779881960.8284776,732.421875,200000,0.0,0.0,0.0,2
1494.3450699999958,1779881961.069009,732.421875,200000,0.0,0.0,0.0,2
1494.5212955000025,1779881961.245233,732.421875,200000,0.0,0.0,0.0,2
1494.700716899999,1779881961.424655,732.421875,200000,0.0,0.0,0.0,2
1494.9413701000012,1779881961.6653094,732.421875,200000,0.0,0.0,0.0,2
1495.125337000005,1779881961.849276,732.421875,200000,0.0,0.0,0.0,2
1495.2990527000075,1779881962.0229917,732.421875,200000,0.0,0.0,0.0,2
1495.482972800004,1779881962.2069118,732.421875,200000,0.0,0.0,0.0,2
1495.7174212999962,1779881962.441361,732.421875,200000,0.0,0.0,0.0,2
1495.9603486999986,1779881962.684287,732.421875,200000,0.0,0.0,0.0,2
1496.0979476000066,1779881962.821886,732.421875,200000,0.0,0.0,0.0,2
1496.2775148000073,1779881963.0014565,732.421875,200000,0.0,0.0,0.0,2
1496.4981693000009,1779881963.2221086,732.421875,200000,0.0,0.0,0.0,2
1496.6815532000037,1779881963.4054923,732.421875,200000,0.0,0.0,0.0,2
1496.917798399998,1779881963.641736,732.421875,200000,0.0,0.0,0.0,2
1497.1007439999958,1779881963.8246815,732.421875,200000,0.0,0.0,0.0,2
1497.2848852000025,1779881964.0088243,732.421875,200000,0.0,0.0,0.0,2
1497.4720575999963,1779881964.1959968,732.421875,200000,0.0,0.0,0.0,2
1497.698632700005,1779881964.422571,732.421875,200000,0.0,0.0,0.0,2
1498.2404451000039,1779881964.9643846,732.421875,200000,0.0,0.0,0.0,2
1498.2473465000076,1779881964.9712842,732.421875,200000,0.0,0.0,0.0,2
1498.2845250999962,1779881965.0084643,732.421875,200000,0.0,0.0,0.0,2
1498.459043099996,1779881965.1829805,732.421875,200000,0.0,0.0,0.0,2
1498.6637797000003,1779881965.387717,732.421875,200000,0.0,0.0,0.0,2
1498.9522137000022,1779881965.6761513,732.421875,200000,0.0,0.0,0.0,2
1499.0741769000015,1779881965.7981162,732.421875,200000,0.0,0.0,0.0,2
1499.7791079000017,1779881966.5030456,732.421875,200000,0.0,0.0,0.0,2
1499.7826417000033,1779881966.5065792,732.421875,200000,0.0,0.0,0.0,2
1499.7882312000002,1779881966.5121694,732.421875,200000,0.0,0.0,0.0,2
1499.9036205000011,1779881966.6275587,732.421875,200000,0.0,0.0,0.0,2
1500.0547406999976,1779881966.7786794,732.421875,200000,0.0,0.0,0.0,2
1500.2700086999976,1779881966.9939477,732.421875,200000,0.0,0.0,0.0,2
1500.4526808999944,1779881967.1766186,732.421875,200000,0.0,0.0,0.0,2
1500.6947255999985,1779881967.418665,732.421875,200000,0.0,0.0,0.0,2
1500.8844988000055,1779881967.6084383,732.421875,200000,0.0,0.0,0.0,2
1501.0630487000017,1779881967.7869885,732.421875,200000,0.0,0.0,0.0,2
1501.2471666000056,1779881967.9711049,732.421875,200000,0.0,0.0,0.0,2
1501.4730908000056,1779881968.197029,732.421875,200000,0.0,0.0,0.0,2
1501.652900999994,1779881968.3768406,732.421875,200000,0.0,0.0,0.0,2
1501.8870389999938,1779881968.6109765,732.421875,200000,0.0,0.0,0.0,2
1502.3716089999944,1779881969.0955484,732.421875,200000,0.0,0.0,0.0,2
1502.381016600004,1779881969.1049552,732.421875,200000,0.0,0.0,0.0,2
1502.4435415000044,1779881969.1674812,732.421875,200000,0.0,0.0,0.0,2
1502.632705099997,1779881969.3566427,732.421875,200000,0.0,0.0,0.0,2
1502.877267200005,1779881969.6012063,732.421875,200000,0.0,0.0,0.0,2
1503.086812900001,1779881969.8107526,732.421875,200000,0.0,0.0,0.0,2
1503.269214,1779881969.9931533,732.421875,200000,0.0,0.0,0.0,2
1503.4515291999996,1779881970.1754694,732.421875,200000,0.0,0.0,0.0,2
1503.6354187999968,1779881970.3593569,732.421875,200000,0.0,0.0,0.0,2
1503.8744945000071,1779881970.598433,732.421875,200000,0.0,0.0,0.0,2
1504.045282200008,1779881970.7692194,732.421875,200000,0.0,0.0,0.0,2
1504.2295570999995,1779881970.9534955,732.421875,200000,0.0,0.0,0.0,2
1504.4685520000057,1779881971.19249,732.421875,200000,0.0,0.0,0.0,2
1504.6419246000005,1779881971.3658621,732.421875,200000,0.0,0.0,0.0,2
1504.8864839000016,1779881971.6104214,732.421875,200000,0.0,0.0,0.0,2
1505.0675673000078,1779881971.7915068,732.421875,200000,0.0,0.0,0.0,2
1505.2485525999946,1779881971.9724915,732.421875,200000,0.0,0.0,0.0,2
1505.423986599999,1779881972.1479242,732.421875,200000,0.0,0.0,0.0,2
1505.6760933000041,1779881972.4000347,732.421875,200000,0.0,0.0,0.0,2
1505.8478625999996,1779881972.5718012,732.421875,200000,0.0,0.0,0.0,2
1506.0335997000075,1779881972.7575376,732.421875,200000,0.0,0.0,0.0,2
1506.2127037000027,1779881972.9366417,732.421875,200000,0.0,0.0,0.0,2
1506.4404012000014,1779881973.1643393,732.421875,200000,0.0,0.0,0.0,2
1506.6211900000053,1779881973.3451276,732.421875,200000,0.0,0.0,0.0,2
1506.863614300004,1779881973.587552,732.421875,200000,0.0,0.0,0.0,2
1507.0423035999993,1779881973.7662425,732.421875,200000,0.0,0.0,0.0,2
1507.2263575999968,1779881973.9502947,732.421875,200000,0.0,0.0,0.0,2
1507.4622851000022,1779881974.186225,732.421875,200000,0.0,0.0,0.0,2
1507.6424396999937,1779881974.3663783,732.421875,200000,0.0,0.0,0.0,2
1507.8842409000063,1779881974.608179,732.421875,200000,0.0,0.0,0.0,2
1508.0084059999936,1779881974.7323434,732.421875,200000,0.0,0.0,0.0,2
1508.2044617000065,1779881974.9284015,732.421875,200000,0.0,0.0,0.0,2
1508.4195303000015,1779881975.1434677,732.421875,200000,0.0,0.0,0.0,2
1509.0503004000057,1779881975.7742383,732.421875,200000,0.0,0.0,0.0,2
1509.0579839999991,1779881975.7819235,732.421875,200000,0.0,0.0,0.0,2
1509.064874600008,1779881975.788813,732.421875,200000,0.0,0.0,0.0,2
1509.2002651000075,1779881975.9242043,732.421875,200000,0.0,0.0,0.0,2
1509.390655700001,1779881976.1145937,732.421875,200000,0.0,0.0,0.0,2
1509.6258885999996,1779881976.3498266,732.421875,200000,0.0,0.0,0.0,2
1509.822570599994,1779881976.5465093,732.421875,200000,0.0,0.0,0.0,2
1510.0359804000036,1779881976.7599177,732.421875,200000,0.0,0.0,0.0,2
1510.218235799999,1779881976.9421737,732.421875,200000,0.0,0.0,0.0,2
1510.398149700006,1779881977.1220875,732.421875,200000,0.0,0.0,0.0,2
1510.6390283999935,1779881977.3629665,732.421875,200000,0.0,0.0,0.0,2
1510.8198181000043,1779881977.5437558,732.421875,200000,0.0,0.0,0.0,2
1510.9949502999953,1779881977.7188876,732.421875,200000,0.0,0.0,0.0,2
1511.6321868999948,1779881978.3561256,732.421875,200000,0.0,0.0,0.0,2
1511.636929900007,1779881978.3608694,732.421875,200000,0.0,0.0,0.0,2
1511.6402327999967,1779881978.3641706,732.421875,200000,0.0,0.0,0.0,2
1511.8148125000007,1779881978.53875,732.421875,200000,0.0,0.0,0.0,2
1512.0169924999936,1779881978.74093,732.421875,200000,0.0,0.0,0.0,2
1512.1956543999986,1779881978.9195933,732.421875,200000,0.0,0.0,0.0,2
1512.4417025000002,1779881979.1656413,732.421875,200000,0.0,0.0,0.0,2
1512.6118191999994,1779881979.335757,732.421875,200000,0.0,0.0,0.0,2
1512.8004479999945,1779881979.5243866,732.421875,200000,0.0,0.0,0.0,2
1512.9742074999958,1779881979.6981456,732.421875,200000,0.0,0.0,0.0,2
1513.181030199994,1779881979.9049685,732.421875,200000,0.0,0.0,0.0,2
1513.3941025999957,1779881980.1180418,732.421875,200000,0.0,0.0,0.0,2
1513.6332777000061,1779881980.3572178,732.421875,200000,0.0,0.0,0.0,2
1513.8163763000048,1779881980.5403173,732.421875,200000,0.0,0.0,0.0,2
1513.9927428999945,1779881980.7166824,732.421875,200000,0.0,0.0,0.0,2
1514.1772964999982,1779881980.9012341,732.421875,200000,0.0,0.0,0.0,2
1514.4129544000025,1779881981.1368923,732.421875,200000,0.0,0.0,0.0,2
1514.5890872000018,1779881981.3130248,732.421875,200000,0.0,0.0,0.0,2
1515.2228933000006,1779881981.9468317,732.421875,200000,0.0,0.0,0.0,2
1515.2272507000016,1779881981.9511888,732.421875,200000,0.0,0.0,0.0,2
1515.2334037999972,1779881981.957342,732.421875,200000,0.0,0.0,0.0,2
1515.3785760000028,1779881982.1025128,732.421875,200000,0.0,0.0,0.0,2
1515.5583148000005,1779881982.2822547,732.421875,200000,0.0,0.0,0.0,2
1515.794426499997,1779881982.5183647,732.421875,200000,0.0,0.0,0.0,2
1515.968827100005,1779881982.6927648,732.421875,200000,0.0,0.0,0.0,2
1516.2111849000066,1779881982.9351227,732.421875,200000,0.0,0.0,0.0,2
1516.3913175000052,1779881983.1152563,732.421875,200000,0.0,0.0,0.0,2
1516.5701910000062,1779881983.2941298,732.421875,200000,0.0,0.0,0.0,2
1516.8258004999952,1779881983.549741,732.421875,200000,0.0,0.0,0.0,2
1516.953107399997,1779881983.6770456,732.421875,200000,0.0,0.0,0.0,2
1517.168770400007,1779881983.8927078,732.421875,200000,0.0,0.0,0.0,2
1517.8077577000076,1779881984.5316951,732.421875,200000,0.0,0.0,0.0,2
1517.8138331999944,1779881984.5377717,732.421875,200000,0.0,0.0,0.0,2
1517.8201658000035,1779881984.5441034,732.421875,200000,0.0,0.0,0.0,2
1517.9554459000065,1779881984.6793833,732.421875,200000,0.0,0.0,0.0,2
1518.1470726999978,1779881984.8710113,732.421875,200000,0.0,0.0,0.0,2
1518.3689546999958,1779881985.0928926,732.421875,200000,0.0,0.0,0.0,2
1518.5517347999994,1779881985.2756732,732.421875,200000,0.0,0.0,0.0,2
1518.7886846000038,1779881985.5126226,732.421875,200000,0.0,0.0,0.0,2
1518.9668798000057,1779881985.6908174,732.421875,200000,0.0,0.0,0.0,2
1519.2085522999987,1779881985.9324896,732.421875,200000,0.0,0.0,0.0,2
1519.341852700003,1779881986.065792,732.421875,200000,0.0,0.0,0.0,2
1519.5735615000012,1779881986.2974992,732.421875,200000,0.0,0.0,0.0,2
1519.8027691000025,1779881986.5267067,732.421875,200000,0.0,0.0,0.0,2
1519.984146200004,1779881986.7080846,732.421875,200000,0.0,0.0,0.0,2
1520.1647373000014,1779881986.8886766,732.421875,200000,0.0,0.0,0.0,2
1520.3481849999953,1779881987.0721233,732.421875,200000,0.0,0.0,0.0,2
1520.534629899994,1779881987.2585847,732.421875,200000,0.0,0.0,0.0,2
1520.765574200006,1779881987.4895124,732.421875,200000,0.0,0.0,0.0,2
1520.942701299995,1779881987.6666396,732.421875,200000,0.0,0.0,0.0,2
1521.1314624000079,1779881987.8554,732.421875,200000,0.0,0.0,0.0,2
1521.3642581000022,1779881988.0881965,732.421875,200000,0.0,0.0,0.0,2
1521.5459053999948,1779881988.269845,732.421875,200000,0.0,0.0,0.0,2
1521.7350855999975,1779881988.4590244,732.421875,200000,0.0,0.0,0.0,2
1521.9631171999936,1779881988.6870553,732.421875,200000,0.0,0.0,0.0,2
1522.132004900006,1779881988.8559427,732.421875,200000,0.0,0.0,0.0,2
1522.322355700002,1779881989.046293,732.421875,200000,0.0,0.0,0.0,2
1522.564184799994,1779881989.2881227,732.421875,200000,0.0,0.0,0.0,2
1522.7422211999947,1779881989.466159,732.421875,200000,0.0,0.0,0.0,2
1522.9263971000037,1779881989.6503348,732.421875,200000,0.0,0.0,0.0,2
1523.1145914999943,1779881989.838529,732.421875,200000,0.0,0.0,0.0,2
1523.360145700004,1779881990.0840847,732.421875,200000,0.0,0.0,0.0,2
1523.5293777000043,1779881990.2533166,732.421875,200000,0.0,0.0,0.0,2
1523.7628003999998,1779881990.486738,732.421875,200000,0.0,0.0,0.0,2
1523.9391176000063,1779881990.6630557,732.421875,200000,0.0,0.0,0.0,2
1524.1213910000079,1779881990.8453305,732.421875,200000,0.0,0.0,0.0,2
1524.3629874000035,1779881991.0869255,732.421875,200000,0.0,0.0,0.0,2
1524.5421407999966,1779881991.2660794,732.421875,200000,0.0,0.0,0.0,2
1524.7336240000004,1779881991.4575634,732.421875,200000,0.0,0.0,0.0,2
1524.9126421999972,1779881991.6365814,732.421875,200000,0.0,0.0,0.0,2
1525.1214990000008,1779881991.8454382,732.421875,200000,0.0,0.0,0.0,2
1525.3166400000046,1779881992.0405777,732.421875,200000,0.0,0.0,0.0,2
1525.5191431999992,1779881992.2430832,732.421875,200000,0.0,0.0,0.0,2
1525.7398419999954,1779881992.4637806,732.421875,200000,0.0,0.0,0.0,2
1525.9308681999973,1779881992.6548069,732.421875,200000,0.0,0.0,0.0,2
1526.1655280999985,1779881992.8894663,732.421875,200000,0.0,0.0,0.0,2
1526.309762200006,1779881993.0337021,732.421875,200000,0.0,0.0,0.0,2
1526.5248053999967,1779881993.2487438,732.421875,200000,0.0,0.0,0.0,2
1526.7059003000031,1779881993.4298394,732.421875,200000,0.0,0.0,0.0,2
1526.897545800006,1779881993.6214843,732.421875,200000,0.0,0.0,0.0,2
1527.1158036999987,1779881993.8397968,732.421875,200000,0.0,0.0,0.0,2
1527.2989180000004,1779881994.0228555,732.421875,200000,0.0,0.0,0.0,2
1527.5036306999973,1779881994.2275712,732.421875,200000,0.0,0.0,0.0,2
1527.6896411000052,1779881994.4135787,732.421875,200000,0.0,0.0,0.0,2
1527.954653000008,1779881994.6785905,732.421875,200000,0.0,0.0,0.0,2
1528.1367213000049,1779881994.8606596,732.421875,200000,0.0,0.0,0.0,2
1528.681110599995,1779881995.4050488,732.421875,200000,0.0,0.0,0.0,2
1528.6875222999952,1779881995.41146,732.421875,200000,0.0,0.0,0.0,2
1528.7324697000004,1779881995.4564073,732.421875,200000,0.0,0.0,0.0,2
1528.905806499999,1779881995.6297457,732.421875,200000,0.0,0.0,0.0,2
1529.0930172999942,1779881995.816955,732.421875,200000,0.0,0.0,0.0,2
1529.3346962000069,1779881996.0586338,732.421875,200000,0.0,0.0,0.0,2
1529.4810593000002,1779881996.2049968,732.421875,200000,0.0,0.0,0.0,2
1529.6951743999962,1779881996.4191117,732.421875,200000,0.0,0.0,0.0,2
1529.9325062999997,1779881996.6564455,732.421875,200000,0.0,0.0,0.0,2
1530.107162100001,1779881996.8311,732.421875,200000,0.0,0.0,0.0,2
1530.3025727000058,1779881997.0265102,732.421875,200000,0.0,0.0,0.0,2
1530.4863887999963,1779881997.2103276,732.421875,200000,0.0,0.0,0.0,2
1530.6749910000071,1779881997.3989298,732.421875,200000,0.0,0.0,0.0,2
1530.8921714000026,1779881997.6161094,732.421875,200000,0.0,0.0,0.0,2
1531.1278368000058,1779881997.8517745,732.421875,200000,0.0,0.0,0.0,2
1531.766874199995,1779881998.4908116,732.421875,200000,0.0,0.0,0.0,2
1531.772598800002,1779881998.496537,732.421875,200000,0.0,0.0,0.0,2
1531.7784976999974,1779881998.502436,732.421875,200000,0.0,0.0,0.0,2
1531.8917428999994,1779881998.615681,732.421875,200000,0.0,0.0,0.0,2
1532.0908208000037,1779881998.8147602,732.421875,200000,0.0,0.0,0.0,2
1532.2798135000048,1779881999.0037518,732.421875,200000,0.0,0.0,0.0,2
1532.4734618000075,1779881999.1973994,732.421875,200000,0.0,0.0,0.0,2
1532.701454199996,1779881999.4253936,732.421875,200000,0.0,0.0,0.0,2
1532.9241708000045,1779881999.6481082,732.421875,200000,0.0,0.0,0.0,2
1533.0760840000003,1779881999.8000226,732.421875,200000,0.0,0.0,0.0,2
1533.2937573999952,1779882000.0176954,732.421875,200000,0.0,0.0,0.0,2
1533.4734591000015,1779882000.1973984,732.421875,200000,0.0,0.0,0.0,2
1533.7095796000067,1779882000.4335167,732.421875,200000,0.0,0.0,0.0,2
1533.892863000001,1779882000.6168013,732.421875,200000,0.0,0.0,0.0,2
1534.0592686000018,1779882000.783207,732.421875,200000,0.0,0.0,0.0,2
1534.3077924999961,1779882001.0317297,732.421875,200000,0.0,0.0,0.0,2
1534.484999799999,1779882001.2089372,732.421875,200000,0.0,0.0,0.0,2
1534.6695711000066,1779882001.3935091,732.421875,200000,0.0,0.0,0.0,2
1534.857175600002,1779882001.5811157,732.421875,200000,0.0,0.0,0.0,2
1535.0837364000035,1779882001.807674,732.421875,200000,0.0,0.0,0.0,2
1535.2637323999952,1779882001.9876697,732.421875,200000,0.0,0.0,0.0,2
1535.5088283000077,1779882002.2327666,732.421875,200000,0.0,0.0,0.0,2
1535.688810199994,1779882002.4127483,732.421875,200000,0.0,0.0,0.0,2
1535.8680292000063,1779882002.5919666,732.421875,200000,0.0,0.0,0.0,2
1536.056919900002,1779882002.7808585,732.421875,200000,0.0,0.0,0.0,2
1536.2534119000047,1779882002.97735,732.421875,200000,0.0,0.0,0.0,2
1536.4711122000008,1779882003.1950505,732.421875,200000,0.0,0.0,0.0,2
1537.0270235000062,1779882003.7509625,732.421875,200000,0.0,0.0,0.0,2
1537.0319350000063,1779882003.7558742,732.421875,200000,0.0,0.0,0.0,2
1537.0989230999985,1779882003.822863,732.421875,200000,0.0,0.0,0.0,2
1537.2379753999994,1779882003.961913,732.421875,200000,0.0,0.0,0.0,2
1537.4476897999994,1779882004.1716294,732.421875,200000,0.0,0.0,0.0,2
1537.6626331000007,1779882004.3865724,732.421875,200000,0.0,0.0,0.0,2
1537.843832300001,1779882004.5677698,732.421875,200000,0.0,0.0,0.0,2
1538.037585500002,1779882004.7615235,732.421875,200000,0.0,0.0,0.0,2
1538.5706498000072,1779882005.2945893,732.421875,200000,0.0,0.0,0.0,2
1538.5755435000028,1779882005.2994812,732.421875,200000,0.0,0.0,0.0,2
1538.6433498999977,1779882005.3672874,732.421875,200000,0.0,0.0,0.0,2
1538.834635399995,1779882005.5585752,732.421875,200000,0.0,0.0,0.0,2
1539.0430481000076,1779882005.7669852,732.421875,200000,0.0,0.0,0.0,2
1539.586647300006,1779882006.310585,732.421875,200000,0.0,0.0,0.0,2
1539.6115145999938,1779882006.3354526,732.421875,200000,0.0,0.0,0.0,2
1539.672273300006,1779882006.396211,732.421875,200000,0.0,0.0,0.0,2
1539.8381305000075,1779882006.5620694,732.421875,200000,0.0,0.0,0.0,2
1540.0277124999993,1779882006.751652,732.421875,200000,0.0,0.0,0.0,2
1540.2378488999966,1779882006.9617863,732.421875,200000,0.0,0.0,0.0,2
1540.4767736000067,1779882007.200711,732.421875,200000,0.0,0.0,0.0,2
1540.6560525999957,1779882007.3799899,732.421875,200000,0.0,0.0,0.0,2
1540.8347842999938,1779882007.558722,732.421875,200000,0.0,0.0,0.0,2
1541.027217499999,1779882007.7511563,732.421875,200000,0.0,0.0,0.0,2
1541.6557859000022,1779882008.379723,732.421875,200000,0.0,0.0,0.0,2
1541.6593441000005,1779882008.3832815,732.421875,200000,0.0,0.0,0.0,2
1541.6638595999975,1779882008.3877988,732.421875,200000,0.0,0.0,0.0,2
1541.8188924999995,1779882008.54283,732.421875,200000,0.0,0.0,0.0,2
1542.0376094999956,1779882008.7615473,732.421875,200000,0.0,0.0,0.0,2
1542.6858685000043,1779882009.4098058,732.421875,200000,0.0,0.0,0.0,2
1542.690768200002,1779882009.414706,732.421875,200000,0.0,0.0,0.0,2
1542.6953212999942,1779882009.4192588,732.421875,200000,0.0,0.0,0.0,2
1542.8185201000015,1779882009.542458,732.421875,200000,0.0,0.0,0.0,2
1543.0538349999988,1779882009.7777734,732.421875,200000,0.0,0.0,0.0,2
1543.237285299998,1779882009.9612234,732.421875,200000,0.0,0.0,0.0,2
1543.414642799995,1779882010.1385815,732.421875,200000,0.0,0.0,0.0,2
1543.6144807999954,1779882010.3384204,732.421875,200000,0.0,0.0,0.0,2
1543.833341599995,1779882010.5572789,732.421875,200000,0.0,0.0,0.0,2
1544.0167808999977,1779882010.74072,732.421875,200000,0.0,0.0,0.0,2
1544.2019105000072,1779882010.9258475,732.421875,200000,0.0,0.0,0.0,2
1544.4330902999936,1779882011.1570275,732.421875,200000,0.0,0.0,0.0,2
1544.6715366999997,1779882011.3954756,732.421875,200000,0.0,0.0,0.0,2
1544.8501212999981,1779882011.5740588,732.421875,200000,0.0,0.0,0.0,2
1545.0275110000075,1779882011.7514486,732.421875,200000,0.0,0.0,0.0,2
1545.2118669000047,1779882011.9358044,732.421875,200000,0.0,0.0,0.0,2
1545.8044743000064,1779882012.5284119,732.421875,200000,0.0,0.0,0.0,2
1545.8117381000047,1779882012.5356753,732.421875,200000,0.0,0.0,0.0,2
1545.8477654000017,1779882012.5717027,732.421875,200000,0.0,0.0,0.0,2
1545.996229700002,1779882012.7201686,732.421875,200000,0.0,0.0,0.0,2
1546.203842899995,1779882012.9277828,732.421875,200000,0.0,0.0,0.0,2
1546.4051502000075,1779882013.129088,732.421875,200000,0.0,0.0,0.0,2
1546.6456233000063,1779882013.3695605,732.421875,200000,0.0,0.0,0.0,2
1546.8285425000067,1779882013.5524805,732.421875,200000,0.0,0.0,0.0,2
1547.3766109999997,1779882014.1005502,732.421875,200000,0.0,0.0,0.0,2
1547.3840659999987,1779882014.1080048,732.421875,200000,0.0,0.0,0.0,2
1547.4167842000024,1779882014.1407225,732.421875,200000,0.0,0.0,0.0,2
1547.596233400007,1779882014.3201728,732.421875,200000,0.0,0.0,0.0,2
1547.795365099999,1779882014.519304,732.421875,200000,0.0,0.0,0.0,2
1548.0297210999997,1779882014.7536597,732.421875,200000,0.0,0.0,0.0,2
1548.215823000006,1779882014.9397626,732.421875,200000,0.0,0.0,0.0,2
1548.3954451000027,1779882015.1193833,732.421875,200000,0.0,0.0,0.0,2
1548.6304294000001,1779882015.3543687,732.421875,200000,0.0,0.0,0.0,2
1548.803148299994,1779882015.527086,732.421875,200000,0.0,0.0,0.0,2
1549.4514234999951,1779882016.175361,732.421875,200000,0.0,0.0,0.0,2
1549.4561987000052,1779882016.180137,732.421875,200000,0.0,0.0,0.0,2
1549.4626616000023,1779882016.1866012,732.421875,200000,0.0,0.0,0.0,2
1549.5889753999945,1779882016.312914,732.421875,200000,0.0,0.0,0.0,2
1549.7856968999986,1779882016.5096347,732.421875,200000,0.0,0.0,0.0,2
1550.4714135999966,1779882017.195353,732.421875,200000,0.0,0.0,0.0,2
1550.4799177999957,1779882017.2038553,732.421875,200000,0.0,0.0,0.0,2
1550.4918636000075,1779882017.2158043,732.421875,200000,0.0,0.0,0.0,2
1550.5889736999961,1779882017.3129137,732.421875,200000,0.0,0.0,0.0,2
1550.7867235000012,1779882017.5106623,732.421875,200000,0.0,0.0,0.0,2
1550.9867871000024,1779882017.7107275,732.421875,200000,0.0,0.0,0.0,2
1551.1688798999967,1779882017.892818,732.421875,200000,0.0,0.0,0.0,2
1551.3882240999956,1779882018.1121635,732.421875,200000,0.0,0.0,0.0,2
1551.6273355000012,1779882018.3512735,732.421875,200000,0.0,0.0,0.0,2
1551.7794405000022,1779882018.5033817,732.421875,200000,0.0,0.0,0.0,2
1551.9677605000034,1779882018.6917,732.421875,200000,0.0,0.0,0.0,2
1552.1751519999962,1779882018.8990903,732.421875,200000,0.0,0.0,0.0,2
1552.3622235000075,1779882019.0861614,732.421875,200000,0.0,0.0,0.0,2
1552.5765059999976,1779882019.3004434,732.421875,200000,0.0,0.0,0.0,2
1552.8213642000046,1779882019.5453024,732.421875,200000,0.0,0.0,0.0,2
1553.0076113999967,1779882019.7315497,732.421875,200000,0.0,0.0,0.0,2
1553.1823074999993,1779882019.9062464,732.421875,200000,0.0,0.0,0.0,2
1553.3679147999937,1779882020.0918531,732.421875,200000,0.0,0.0,0.0,2
1553.562045700004,1779882020.2859838,732.421875,200000,0.0,0.0,0.0,2
1553.7808046999999,1779882020.504743,732.421875,200000,0.0,0.0,0.0,2
1553.970900900007,1779882020.6948388,732.421875,200000,0.0,0.0,0.0,2
1554.195472899999,1779882020.9194112,732.421875,200000,0.0,0.0,0.0,2
1554.387496299998,1779882021.111435,732.421875,200000,0.0,0.0,0.0,2
1554.5668323999998,1779882021.290771,732.421875,200000,0.0,0.0,0.0,2
1554.7591148000065,1779882021.4830527,732.421875,200000,0.0,0.0,0.0,2
1554.9488897999981,1779882021.672828,732.421875,200000,0.0,0.0,0.0,2
1555.170324599996,1779882021.8942642,732.421875,200000,0.0,0.0,0.0,2
1555.346019699995,1779882022.069959,732.421875,200000,0.0,0.0,0.0,2
1555.5779115000041,1779882022.3018503,732.421875,200000,0.0,0.0,0.0,2
1555.765391599998,1779882022.4893303,732.421875,200000,0.0,0.0,0.0,2
1555.9903537000064,1779882022.7142918,732.421875,200000,0.0,0.0,0.0,2
1556.185201100001,1779882022.9091415,732.421875,200000,0.0,0.0,0.0,2
1556.7299621999991,1779882023.4539003,732.421875,200000,0.0,0.0,0.0,2
1556.735519199996,1779882023.4594579,732.421875,200000,0.0,0.0,0.0,2
1556.7758272000065,1779882023.499765,732.421875,200000,0.0,0.0,0.0,2
1556.934949500006,1779882023.6588871,732.421875,200000,0.0,0.0,0.0,2
1557.1900816999987,1779882023.9140196,732.421875,200000,0.0,0.0,0.0,2
1557.374202100007,1779882024.0981393,732.421875,200000,0.0,0.0,0.0,2
1557.5487087999936,1779882024.2726464,732.421875,200000,0.0,0.0,0.0,2
1558.2477760000038,1779882024.971713,732.421875,200000,0.0,0.0,0.0,2
1558.254853499995,1779882024.9787915,732.421875,200000,0.0,0.0,0.0,2
1558.2614924999943,1779882024.98543,732.421875,200000,0.0,0.0,0.0,2
1558.3304356000008,1779882025.0543733,732.421875,200000,0.0,0.0,0.0,2
1558.539196800004,1779882025.2631357,732.421875,200000,0.0,0.0,0.0,2
1558.7495484999963,1779882025.4734871,732.421875,200000,0.0,0.0,0.0,2
1558.9897488999995,1779882025.7136872,732.421875,200000,0.0,0.0,0.0,2
1559.1682323999994,1779882025.892171,732.421875,200000,0.0,0.0,0.0,2
1559.3524503999943,1779882026.0763881,732.421875,200000,0.0,0.0,0.0,2
1559.5295931,1779882026.2535315,732.421875,200000,0.0,0.0,0.0,2
1559.7287816000025,1779882026.45272,732.421875,200000,0.0,0.0,0.0,2
1559.9444327999954,1779882026.6683702,732.421875,200000,0.0,0.0,0.0,2
1560.1280131999956,1779882026.8519511,732.421875,200000,0.0,0.0,0.0,2
1560.8287012999936,1779882027.5526392,732.421875,200000,0.0,0.0,0.0,2
1560.8359187000024,1779882027.5598574,732.421875,200000,0.0,0.0,0.0,2
1560.8436934000056,1779882027.567632,732.421875,200000,0.0,0.0,0.0,2
1560.914952200008,1779882027.6388896,732.421875,200000,0.0,0.0,0.0,2
1561.1576587000018,1779882027.8815966,732.421875,200000,0.0,0.0,0.0,2
1561.3248429999949,1779882028.048781,732.421875,200000,0.0,0.0,0.0,2
1561.5206433999992,1779882028.244582,732.421875,200000,0.0,0.0,0.0,2
1561.7502930000046,1779882028.4742308,732.421875,200000,0.0,0.0,0.0,2
1561.9853055999993,1779882028.7092433,732.421875,200000,0.0,0.0,0.0,2
1562.113375800007,1779882028.8373146,732.421875,200000,0.0,0.0,0.0,2
1562.3514166999958,1779882029.0753548,732.421875,200000,0.0,0.0,0.0,2
1562.5247148000053,1779882029.2486522,732.421875,200000,0.0,0.0,0.0,2
1562.716241400005,1779882029.4401803,732.421875,200000,0.0,0.0,0.0,2
1562.9662333000015,1779882029.6901727,732.421875,200000,0.0,0.0,0.0,2
1563.1072287999996,1779882029.8311665,732.421875,200000,0.0,0.0,0.0,2
1563.3159996000031,1779882030.0399392,732.421875,200000,0.0,0.0,0.0,2
1563.957087799994,1779882030.6810255,732.421875,200000,0.0,0.0,0.0,2
1563.9659744999954,1779882030.6899126,732.421875,200000,0.0,0.0,0.0,2
1563.9754250999977,1779882030.6993654,732.421875,200000,0.0,0.0,0.0,2
1564.1223785000038,1779882030.8463194,732.421875,200000,0.0,0.0,0.0,2
1564.3216055999947,1779882031.045556,732.421875,200000,0.0,0.0,0.0,2
1564.501628900005,1779882031.2255666,732.421875,200000,0.0,0.0,0.0,2
1564.748597800004,1779882031.4725358,732.421875,200000,0.0,0.0,0.0,2
1564.979692599998,1779882031.7036307,732.421875,200000,0.0,0.0,0.0,2
1566.0411478000024,1779882032.765087,732.421875,200000,0.0,0.0,0.0,2
1566.0545147999946,1779882032.7784557,732.421875,200000,0.0,0.0,0.0,2
1566.074201800002,1779882032.7981398,732.421875,200000,0.0,0.0,0.0,2
1566.0946956999978,1779882032.818634,732.421875,200000,0.0,0.0,0.0,2
1566.0995999000006,1779882032.8235373,732.421875,200000,0.0,0.0,0.0,2
1566.1434796999965,1779882032.867417,732.421875,200000,0.0,0.0,0.0,2
1566.296679399995,1779882033.0206172,732.421875,200000,0.0,0.0,0.0,2
1566.4900147000008,1779882033.213953,732.421875,200000,0.0,0.0,0.0,2
1566.688824900004,1779882033.4127629,732.421875,200000,0.0,0.0,0.0,2
1566.9303255999985,1779882033.6542637,732.421875,200000,0.0,0.0,0.0,2
1567.1332474999945,1779882033.8571856,732.421875,200000,0.0,0.0,0.0,2
1567.3782689000072,1779882034.1022067,732.421875,200000,0.0,0.0,0.0,2
1567.480712699995,1779882034.20465,732.421875,200000,0.0,0.0,0.0,2
1567.688539099996,1779882034.412481,732.421875,200000,0.0,0.0,0.0,2
1567.9234449000069,1779882034.647382,732.421875,200000,0.0,0.0,0.0,2
1568.0960849999974,1779882034.820023,732.421875,200000,0.0,0.0,0.0,2
1568.2756980999984,1779882034.9996357,732.421875,200000,0.0,0.0,0.0,2
1568.4791072999942,1779882035.2030456,732.421875,200000,0.0,0.0,0.0,2
1568.7001916000008,1779882035.4241302,732.421875,200000,0.0,0.0,0.0,2
1568.937675699999,1779882035.6616144,732.421875,200000,0.0,0.0,0.0,2
1569.1121768000012,1779882035.8361146,732.421875,200000,0.0,0.0,0.0,2
1569.2939400000032,1779882036.017877,732.421875,200000,0.0,0.0,0.0,2
1569.4767589999974,1779882036.2006962,732.421875,200000,0.0,0.0,0.0,2
1569.6642515999993,1779882036.3881896,732.421875,200000,0.0,0.0,0.0,2
1569.9209966000053,1779882036.644935,732.421875,200000,0.0,0.0,0.0,2
1570.0761904999963,1779882036.8001282,732.421875,200000,0.0,0.0,0.0,2
1570.316218699998,1779882037.0401564,732.421875,200000,0.0,0.0,0.0,2
1570.491492400004,1779882037.215431,732.421875,200000,0.0,0.0,0.0,2
1570.6680125999992,1779882037.3919506,732.421875,200000,0.0,0.0,0.0,2
1570.9109319999989,1779882037.6348696,732.421875,200000,0.0,0.0,0.0,2
1571.0880152000027,1779882037.8119524,732.421875,200000,0.0,0.0,0.0,2
1571.2678047999943,1779882037.9917421,732.421875,200000,0.0,0.0,0.0,2
1571.4540127000073,1779882038.1779501,732.421875,200000,0.0,0.0,0.0,2
1571.6601919999957,1779882038.3841302,732.421875,200000,0.0,0.0,0.0,2
1571.8986573000002,1779882038.6225946,732.421875,200000,0.0,0.0,0.0,2
1572.0581005999993,1779882038.7820377,732.421875,200000,0.0,0.0,0.0,2
1572.2925307999976,1779882039.0164697,732.421875,200000,0.0,0.0,0.0,2
1572.4755732000049,1779882039.1995113,732.421875,200000,0.0,0.0,0.0,2
1572.6544566999946,1779882039.3783963,732.421875,200000,0.0,0.0,0.0,2
1572.9480654000072,1779882039.6720035,732.421875,200000,0.0,0.0,0.0,2
1573.0709575999936,1779882039.794896,732.421875,200000,0.0,0.0,0.0,2
1573.2545742000075,1779882039.9785118,732.421875,200000,0.0,0.0,0.0,2
1573.494242700006,1779882040.2181811,732.421875,200000,0.0,0.0,0.0,2
1573.6748890000017,1779882040.3988283,732.421875,200000,0.0,0.0,0.0,2
1573.9081322999991,1779882040.6320698,732.421875,200000,0.0,0.0,0.0,2
1574.0470998999954,1779882040.7710388,732.421875,200000,0.0,0.0,0.0,2
1574.274809800001,1779882040.9987497,732.421875,200000,0.0,0.0,0.0,2
1574.4547501000052,1779882041.1786876,732.421875,200000,0.0,0.0,0.0,2
1574.695856899998,1779882041.419797,732.421875,200000,0.0,0.0,0.0,2
1574.9274799999985,1779882041.6514175,732.421875,200000,0.0,0.0,0.0,2
1575.0482986999996,1779882041.7722363,732.421875,200000,0.0,0.0,0.0,2
1575.2424020000035,1779882041.9663422,732.421875,200000,0.0,0.0,0.0,2
1575.4656773000024,1779882042.1896164,732.421875,200000,0.0,0.0,0.0,2
1575.652984100001,1779882042.3769221,732.421875,200000,0.0,0.0,0.0,2
1575.8828345000074,1779882042.6067722,732.421875,200000,0.0,0.0,0.0,2
1576.065125299996,1779882042.7890658,732.421875,200000,0.0,0.0,0.0,2
1576.2544365000067,1779882042.978375,732.421875,200000,0.0,0.0,0.0,2
1576.4291481999971,1779882043.1530857,732.421875,200000,0.0,0.0,0.0,2
1576.6715478999977,1779882043.3954864,732.421875,200000,0.0,0.0,0.0,2
1576.9087374999945,1779882043.632676,732.421875,200000,0.0,0.0,0.0,2
1577.0327993999963,1779882043.756737,732.421875,200000,0.0,0.0,0.0,2
1577.2266063999996,1779882043.9505467,732.421875,200000,0.0,0.0,0.0,2
1577.4320039000013,1779882044.1559422,732.421875,200000,0.0,0.0,0.0,2
1577.6384045000013,1779882044.3623447,732.421875,200000,0.0,0.0,0.0,2
1577.8668689000042,1779882044.5908074,732.421875,200000,0.0,0.0,0.0,2
1578.0509122999938,1779882044.7748523,732.421875,200000,0.0,0.0,0.0,2
1578.225589499998,1779882044.949527,732.421875,200000,0.0,0.0,0.0,2
1578.429793999996,1779882045.1537335,732.421875,200000,0.0,0.0,0.0,2
1578.646261700007,1779882045.3702,732.421875,200000,0.0,0.0,0.0,2
1578.885030999998,1779882045.6089704,732.421875,200000,0.0,0.0,0.0,2
1579.0166454999999,1779882045.7405846,732.421875,200000,0.0,0.0,0.0,2
1579.2424584999972,1779882045.9663963,732.421875,200000,0.0,0.0,0.0,2
1579.4239749999979,1779882046.1479144,732.421875,200000,0.0,0.0,0.0,2
1579.663068199996,1779882046.3870063,732.421875,200000,0.0,0.0,0.0,2
1579.8976378999942,1779882046.6215758,732.421875,200000,0.0,0.0,0.0,2
1580.024287799999,1779882046.7482264,732.421875,200000,0.0,0.0,0.0,2
1580.2051404999947,1779882046.929079,732.421875,200000,0.0,0.0,0.0,2
1580.4105285999976,1779882047.134467,732.421875,200000,0.0,0.0,0.0,2
1580.625047499998,1779882047.3489852,732.421875,200000,0.0,0.0,0.0,2
1580.8615047000058,1779882047.5854435,732.421875,200000,0.0,0.0,0.0,2
1581.0424323000043,1779882047.7663703,732.421875,200000,0.0,0.0,0.0,2
1581.2239599000022,1779882047.9478998,732.421875,200000,0.0,0.0,0.0,2
1581.4154533999972,1779882048.1393933,732.421875,200000,0.0,0.0,0.0,2
1581.6027616000065,1779882048.3267002,732.421875,200000,0.0,0.0,0.0,2
1581.8254441000026,1779882048.549382,732.421875,200000,0.0,0.0,0.0,2
1582.0066101999982,1779882048.73055,732.421875,200000,0.0,0.0,0.0,2
1582.208799800006,1779882048.9327376,732.421875,200000,0.0,0.0,0.0,2
1582.3986732000049,1779882049.1226106,732.421875,200000,0.0,0.0,0.0,2
1582.6658108999982,1779882049.3897493,732.421875,200000,0.0,0.0,0.0,2
1582.8367728000012,1779882049.560712,732.421875,200000,0.0,0.0,0.0,2
1583.016481300001,1779882049.7404199,732.421875,200000,0.0,0.0,0.0,2
1583.2037453999947,1779882049.9276845,732.421875,200000,0.0,0.0,0.0,2
1583.400464899998,1779882050.1244051,732.421875,200000,0.0,0.0,0.0,2
1583.6156228000036,1779882050.3395612,732.421875,200000,0.0,0.0,0.0,2
1583.8622236999945,1779882050.5861638,732.421875,200000,0.0,0.0,0.0,2
1583.9938916999963,1779882050.7178295,732.421875,200000,0.0,0.0,0.0,2
1584.217079199996,1779882050.9410172,732.421875,200000,0.0,0.0,0.0,2
1584.4605639000074,1779882051.1845024,732.421875,200000,0.0,0.0,0.0,2
1584.5942445999972,1779882051.3181844,732.421875,200000,0.0,0.0,0.0,2
1584.8204511000076,1779882051.5443895,732.421875,200000,0.0,0.0,0.0,2
1584.9936339999986,1779882051.7175722,732.421875,200000,0.0,0.0,0.0,2
1585.2365335000068,1779882051.9604714,732.421875,200000,0.0,0.0,0.0,2
1585.424400799995,1779882052.1483407,732.421875,200000,0.0,0.0,0.0,2
1585.6042390999937,1779882052.3281794,732.421875,200000,0.0,0.0,0.0,2
1585.8346657999937,1779882052.5586047,732.421875,200000,0.0,0.0,0.0,2
1586.0097879999958,1779882052.7337255,732.421875,200000,0.0,0.0,0.0,2
1586.202838199999,1779882052.926778,732.421875,200000,0.0,0.0,0.0,2
1586.3895007999963,1779882053.113439,732.421875,200000,0.0,0.0,0.0,2
1586.6141014000023,1779882053.3380404,732.421875,200000,0.0,0.0,0.0,2
1586.8538643000065,1779882053.5778024,732.421875,200000,0.0,0.0,0.0,2
1586.9782140000025,1779882053.7021518,732.421875,200000,0.0,0.0,0.0,2
1587.2187724999967,1779882053.9427118,732.421875,200000,0.0,0.0,0.0,2
1587.392802500006,1779882054.1167414,732.421875,200000,0.0,0.0,0.0,2
1587.5798463999963,1779882054.303784,732.421875,200000,0.0,0.0,0.0,2
1587.8144446000078,1779882054.5383847,732.421875,200000,0.0,0.0,0.0,2
1587.9918735999963,1779882054.7158115,732.421875,200000,0.0,0.0,0.0,2
1588.1752809000027,1779882054.899219,732.421875,200000,0.0,0.0,0.0,2
1588.413343399996,1779882055.137282,732.421875,200000,0.0,0.0,0.0,2
1588.5861224999971,1779882055.3100598,732.421875,200000,0.0,0.0,0.0,2
1588.826958000005,1779882055.5508962,732.421875,200000,0.0,0.0,0.0,2
1588.9621012999996,1779882055.6860409,732.421875,200000,0.0,0.0,0.0,2
1589.1870477000048,1779882055.9109852,732.421875,200000,0.0,0.0,0.0,2
1589.3682498999988,1779882056.0921874,732.421875,200000,0.0,0.0,0.0,2
1589.5632106999983,1779882056.28715,732.421875,200000,0.0,0.0,0.0,2
1589.7962946000043,1779882056.5202332,732.421875,200000,0.0,0.0,0.0,2
1589.9660160000058,1779882056.6899543,732.421875,200000,0.0,0.0,0.0,2
1590.2102677999937,1779882056.9342072,732.421875,200000,0.0,0.0,0.0,2
1590.384179700006,1779882057.1081176,732.421875,200000,0.0,0.0,0.0,2
1590.569715599995,1779882057.2936535,732.421875,200000,0.0,0.0,0.0,2
1590.8066754000029,1779882057.5306146,732.421875,200000,0.0,0.0,0.0,2
1590.985149,1779882057.709088,732.421875,200000,0.0,0.0,0.0,2
1591.167094599994,1779882057.8910344,732.421875,200000,0.0,0.0,0.0,2
1591.3543115000066,1779882058.0782495,732.421875,200000,0.0,0.0,0.0,2
1591.549414699999,1779882058.2733552,732.421875,200000,0.0,0.0,0.0,2
1591.769459999996,1779882058.4933987,732.421875,200000,0.0,0.0,0.0,2
1591.9453367999959,1779882058.6692758,732.421875,200000,0.0,0.0,0.0,2
1592.1904080999957,1779882058.9143484,732.421875,200000,0.0,0.0,0.0,2
1592.364660799998,1779882059.0885985,732.421875,200000,0.0,0.0,0.0,2
1592.602979999996,1779882059.3269176,732.421875,200000,0.0,0.0,0.0,2
1592.7818435999943,1779882059.5057807,732.421875,200000,0.0,0.0,0.0,2
1592.9474832999986,1779882059.671425,732.421875,200000,0.0,0.0,0.0,2
1593.1491951000062,1779882059.8731334,732.421875,200000,0.0,0.0,0.0,2
1593.376347700003,1779882060.1002853,732.421875,200000,0.0,0.0,0.0,2
1593.5655016999954,1779882060.2894418,732.421875,200000,0.0,0.0,0.0,2
1593.7496037999954,1779882060.4735434,732.421875,200000,0.0,0.0,0.0,2
1593.9425128000003,1779882060.6664522,732.421875,200000,0.0,0.0,0.0,2
1594.1313621000008,1779882060.8552995,732.421875,200000,0.0,0.0,0.0,2
1594.3395130999997,1779882061.0634508,732.421875,200000,0.0,0.0,0.0,2
1594.527050699995,1779882061.2509902,732.421875,200000,0.0,0.0,0.0,2
1594.7620274000074,1779882061.4859653,732.421875,200000,0.0,0.0,0.0,2
1594.995297100002,1779882061.7192352,732.421875,200000,0.0,0.0,0.0,2
1595.179324800003,1779882061.903264,732.421875,200000,0.0,0.0,0.0,2
1595.354766599994,1779882062.0787044,732.421875,200000,0.0,0.0,0.0,2
1595.5405029999965,1779882062.264441,732.421875,200000,0.0,0.0,0.0,2
1595.777370900003,1779882062.5013094,732.421875,200000,0.0,0.0,0.0,2
1595.9221643000055,1779882062.6461024,732.421875,200000,0.0,0.0,0.0,2
1596.1352312999952,1779882062.859169,732.421875,200000,0.0,0.0,0.0,2
1596.3807241000031,1779882063.1046624,732.421875,200000,0.0,0.0,0.0,2
1596.5546718999976,1779882063.278609,732.421875,200000,0.0,0.0,0.0,2
1596.7406865999947,1779882063.464625,732.421875,200000,0.0,0.0,0.0,2
1596.9784955000068,1779882063.7024336,732.421875,200000,0.0,0.0,0.0,2
1597.1565338000073,1779882063.8804731,732.421875,200000,0.0,0.0,0.0,2
1597.3345946000045,1779882064.0585337,732.421875,200000,0.0,0.0,0.0,2
1597.5272292000009,1779882064.2511692,732.421875,200000,0.0,0.0,0.0,2
1597.7509232000011,1779882064.474861,732.421875,200000,0.0,0.0,0.0,2
1597.936510200001,1779882064.66045,732.421875,200000,0.0,0.0,0.0,2
1598.1267778000038,1779882064.8507166,732.421875,200000,0.0,0.0,0.0,2
1598.3203078000079,1779882065.0442467,732.421875,200000,0.0,0.0,0.0,2
1598.5339834000042,1779882065.2579212,732.421875,200000,0.0,0.0,0.0,2
1598.7177770999988,1779882065.4417162,732.421875,200000,0.0,0.0,0.0,2
1598.907577799997,1779882065.631516,732.421875,200000,0.0,0.0,0.0,2
1599.137931300007,1779882065.8618703,732.421875,200000,0.0,0.0,0.0,2
1599.311405200002,1779882066.0353444,732.421875,200000,0.0,0.0,0.0,2
1599.5598508999974,1779882066.28379,732.421875,200000,0.0,0.0,0.0,2
1599.7332241999975,1779882066.4571636,732.421875,200000,0.0,0.0,0.0,2
1599.9113985000004,1779882066.6353362,732.421875,200000,0.0,0.0,0.0,2
1600.1133950999938,1779882066.837334,732.421875,200000,0.0,0.0,0.0,2
1600.3022720000008,1779882067.0262094,732.421875,200000,0.0,0.0,0.0,2
1600.5110259000066,1779882067.2349641,732.421875,200000,0.0,0.0,0.0,2
1600.750264400005,1779882067.4742048,732.421875,200000,0.0,0.0,0.0,2
1600.9313595999993,1779882067.6552978,732.421875,200000,0.0,0.0,0.0,2
1601.111725499999,1779882067.8356647,732.421875,200000,0.0,0.0,0.0,2
1601.3021837999986,1779882068.0261228,732.421875,200000,0.0,0.0,0.0,2
1601.4919077999948,1779882068.2158453,732.421875,200000,0.0,0.0,0.0,2
1601.705957099999,1779882068.4298947,732.421875,200000,0.0,0.0,0.0,2
1601.8907404000056,1779882068.6146784,732.421875,200000,0.0,0.0,0.0,2
1602.0961433000048,1779882068.820081,732.421875,200000,0.0,0.0,0.0,2
1602.2865867000073,1779882069.0105262,732.421875,200000,0.0,0.0,0.0,2
1602.5027747999993,1779882069.2267134,732.421875,200000,0.0,0.0,0.0,2
1602.7012789,1779882069.4252186,732.421875,200000,0.0,0.0,0.0,2
1602.889236899995,1779882069.6131752,732.421875,200000,0.0,0.0,0.0,2
1603.0905136999936,1779882069.8144534,732.421875,200000,0.0,0.0,0.0,2
1603.3247147000075,1779882070.048653,732.421875,200000,0.0,0.0,0.0,2
1603.5088569000072,1779882070.2327962,732.421875,200000,0.0,0.0,0.0,2
1603.6863864000043,1779882070.4103243,732.421875,200000,0.0,0.0,0.0,2
1603.924673600006,1779882070.6486115,732.421875,200000,0.0,0.0,0.0,2
1604.1029261000076,1779882070.8268638,732.421875,200000,0.0,0.0,0.0,2
1604.2998041999963,1779882071.0237436,732.421875,200000,0.0,0.0,0.0,2
1604.4743497000018,1779882071.1982872,732.421875,200000,0.0,0.0,0.0,2
1604.7040451000066,1779882071.427983,732.421875,200000,0.0,0.0,0.0,2
1604.8829604000057,1779882071.6068976,732.421875,200000,0.0,0.0,0.0,2
1605.1314669999992,1779882071.8554056,732.421875,200000,0.0,0.0,0.0,2
1605.3049514000013,1779882072.0288897,732.421875,200000,0.0,0.0,0.0,2
1605.4801394999959,1779882072.2040768,732.421875,200000,0.0,0.0,0.0,2
1605.6680724000034,1779882072.3920112,732.421875,200000,0.0,0.0,0.0,2
1605.9021864999959,1779882072.6261253,732.421875,200000,0.0,0.0,0.0,2
1606.0908034000022,1779882072.8147426,732.421875,200000,0.0,0.0,0.0,2
1606.2673002999945,1779882072.9912384,732.421875,200000,0.0,0.0,0.0,2
1606.4758841000003,1779882073.1998236,732.421875,200000,0.0,0.0,0.0,2
1606.6807919999992,1779882073.40473,732.421875,200000,0.0,0.0,0.0,2
1606.921469199995,1779882073.6454067,732.421875,200000,0.0,0.0,0.0,2
1607.108244300005,1779882073.8321822,732.421875,200000,0.0,0.0,0.0,2
1607.281164,1779882074.0051022,732.421875,200000,0.0,0.0,0.0,2
1607.4622959999979,1779882074.1862335,732.421875,200000,0.0,0.0,0.0,2
1607.6995920000045,1779882074.4235303,732.421875,200000,0.0,0.0,0.0,2
1607.8804967000033,1779882074.6044354,732.421875,200000,0.0,0.0,0.0,2
1608.0700159999978,1779882074.7939548,732.421875,200000,0.0,0.0,0.0,2
1608.2515707999992,1779882074.9755085,732.421875,200000,0.0,0.0,0.0,2
1608.4824822999944,1779882075.2064207,732.421875,200000,0.0,0.0,0.0,2
1608.6611737000057,1779882075.3851113,732.421875,200000,0.0,0.0,0.0,2
1608.8545898000011,1779882075.5785291,732.421875,200000,0.0,0.0,0.0,2
1609.0852752000064,1779882075.8092144,732.421875,200000,0.0,0.0,0.0,2
1609.2615951000043,1779882075.9855337,732.421875,200000,0.0,0.0,0.0,2
1609.4959148000053,1779882076.2198532,732.421875,200000,0.0,0.0,0.0,2
1609.6776406999998,1779882076.40158,732.421875,200000,0.0,0.0,0.0,2
1609.8574632999953,1779882076.5814006,732.421875,200000,0.0,0.0,0.0,2
1610.0447232000006,1779882076.7686622,732.421875,200000,0.0,0.0,0.0,2
1610.2787787999987,1779882077.0027163,732.421875,200000,0.0,0.0,0.0,2
1610.4586875999958,1779882077.1826253,732.421875,200000,0.0,0.0,0.0,2
1610.6479733000015,1779882077.3719127,732.421875,200000,0.0,0.0,0.0,2
1610.8786710999993,1779882077.602609,732.421875,200000,0.0,0.0,0.0,2
1611.0700221000006,1779882077.7939634,732.421875,200000,0.0,0.0,0.0,2
1611.245601600007,1779882077.9695413,732.421875,200000,0.0,0.0,0.0,2
1611.4771395999996,1779882078.201079,732.421875,200000,0.0,0.0,0.0,2
1611.6598524,1779882078.3837917,732.421875,200000,0.0,0.0,0.0,2
1611.8378457000072,1779882078.561783,732.421875,200000,0.0,0.0,0.0,2
1612.0328057000006,1779882078.7567449,732.421875,200000,0.0,0.0,0.0,2
1612.2547675999958,1779882078.9787061,732.421875,200000,0.0,0.0,0.0,2
1612.444808500004,1779882079.1687489,732.421875,200000,0.0,0.0,0.0,2
1612.6318746000034,1779882079.355812,732.421875,200000,0.0,0.0,0.0,2
1612.8537915000052,1779882079.5777292,732.421875,200000,0.0,0.0,0.0,2
1613.044470599998,1779882079.7684088,732.421875,200000,0.0,0.0,0.0,2
1613.2767708000029,1779882080.000708,732.421875,200000,0.0,0.0,0.0,2
1613.4586983000045,1779882080.1826372,732.421875,200000,0.0,0.0,0.0,2
1613.6368957999948,1779882080.3608348,732.421875,200000,0.0,0.0,0.0,2
1613.8234693999984,1779882080.5474098,732.421875,200000,0.0,0.0,0.0,2
1614.0522859000048,1779882080.776224,732.421875,200000,0.0,0.0,0.0,2
1614.2297921999998,1779882080.9537296,732.421875,200000,0.0,0.0,0.0,2
1614.4241496000031,1779882081.1480877,732.421875,200000,0.0,0.0,0.0,2
1614.6584696000064,1779882081.3824077,732.421875,200000,0.0,0.0,0.0,2
1614.8372638,1779882081.5612028,732.421875,200000,0.0,0.0,0.0,2
1615.0699509999977,1779882081.793889,732.421875,200000,0.0,0.0,0.0,2
1615.2503305999999,1779882081.9742684,732.421875,200000,0.0,0.0,0.0,2
1615.4269080999948,1779882082.1508458,732.421875,200000,0.0,0.0,0.0,2
1615.6125356999983,1779882082.3364727,732.421875,200000,0.0,0.0,0.0,2
1615.821680299996,1779882082.54562,732.421875,200000,0.0,0.0,0.0,2
1616.0296304000076,1779882082.7535706,732.421875,200000,0.0,0.0,0.0,2
1616.2160401,1779882082.9399793,732.421875,200000,0.0,0.0,0.0,2
1616.4028806999995,1779882083.1268184,732.421875,200000,0.0,0.0,0.0,2
1616.6261516999948,1779882083.3500898,732.421875,200000,0.0,0.0,0.0,2
1616.807612500008,1779882083.5315528,732.421875,200000,0.0,0.0,0.0,2
1617.050264999998,1779882083.7742028,732.421875,200000,0.0,0.0,0.0,2
1617.2292943000066,1779882083.9532325,732.421875,200000,0.0,0.0,0.0,2
1617.4118006000062,1779882084.135739,732.421875,200000,0.0,0.0,0.0,2
1617.6154945000017,1779882084.3394334,732.421875,200000,0.0,0.0,0.0,2
1617.8319964999973,1779882084.5559342,732.421875,200000,0.0,0.0,0.0,2
1618.0075402000075,1779882084.731478,732.421875,200000,0.0,0.0,0.0,2
1618.2507947999984,1779882084.974734,732.421875,200000,0.0,0.0,0.0,2
1618.4299959000055,1779882085.1539354,732.421875,200000,0.0,0.0,0.0,2
1618.603008200007,1779882085.3269472,732.421875,200000,0.0,0.0,0.0,2
1618.8037759,1779882085.5277147,732.421875,200000,0.0,0.0,0.0,2
1618.997222399994,1779882085.7211614,732.421875,200000,0.0,0.0,0.0,2
1619.2038825000054,1779882085.9278207,732.421875,200000,0.0,0.0,0.0,2
1619.3916294999945,1779882086.1155689,732.421875,200000,0.0,0.0,0.0,2
1619.6245892000006,1779882086.348527,732.421875,200000,0.0,0.0,0.0,2
1619.8043023000064,1779882086.5282412,732.421875,200000,0.0,0.0,0.0,2
1620.0440970000054,1779882086.768035,732.421875,200000,0.0,0.0,0.0,2
1620.2270480000007,1779882086.9509857,732.421875,200000,0.0,0.0,0.0,2
1620.4009426999983,1779882087.1248803,732.421875,200000,0.0,0.0,0.0,2
1620.5862500999938,1779882087.3101876,732.421875,200000,0.0,0.0,0.0,2
1620.8183802999993,1779882087.542318,732.421875,200000,0.0,0.0,0.0,2
1621.0004587000003,1779882087.7243984,732.421875,200000,0.0,0.0,0.0,2
1621.1837728999963,1779882087.9077125,732.421875,200000,0.0,0.0,0.0,2
1621.3862174999958,1779882088.1101553,732.421875,200000,0.0,0.0,0.0,2
1621.5964517999964,1779882088.3203893,732.421875,200000,0.0,0.0,0.0,2
1621.840525000007,1779882088.5644624,732.421875,200000,0.0,0.0,0.0,2
1622.0213396000036,1779882088.7452798,732.421875,200000,0.0,0.0,0.0,2
1622.198722400004,1779882088.9226623,732.421875,200000,0.0,0.0,0.0,2
1622.3840276999981,1779882089.1079664,732.421875,200000,0.0,0.0,0.0,2
1622.5726473999966,1779882089.2965848,732.421875,200000,0.0,0.0,0.0,2
1622.8014425000001,1779882089.5253808,732.421875,200000,0.0,0.0,0.0,2
1622.979255600003,1779882089.7031946,732.421875,200000,0.0,0.0,0.0,2
1623.2219748000061,1779882089.9459145,732.421875,200000,0.0,0.0,0.0,2
1623.4004971999966,1779882090.1244347,732.421875,200000,0.0,0.0,0.0,2
1623.579274799995,1779882090.3032124,732.421875,200000,0.0,0.0,0.0,2
1623.7693317999947,1779882090.4932723,732.421875,200000,0.0,0.0,0.0,2
1624.000750399995,1779882090.7246876,732.421875,200000,0.0,0.0,0.0,2
1624.1858288999938,1779882090.9097674,732.421875,200000,0.0,0.0,0.0,2
1624.369990799998,1779882091.0939302,732.421875,200000,0.0,0.0,0.0,2
1624.5639845999976,1779882091.2879238,732.421875,200000,0.0,0.0,0.0,2
1624.7768017000053,1779882091.5007405,732.421875,200000,0.0,0.0,0.0,2
1624.960762799994,1779882091.6847026,732.421875,200000,0.0,0.0,0.0,2
1625.1999572000059,1779882091.9238963,732.421875,200000,0.0,0.0,0.0,2
1625.3795656000002,1779882092.103505,732.421875,200000,0.0,0.0,0.0,2
1625.6153479000059,1779882092.3392863,732.421875,200000,0.0,0.0,0.0,2
1625.7959495999967,1779882092.5198872,732.421875,200000,0.0,0.0,0.0,2
1625.980318899994,1779882092.7042582,732.421875,200000,0.0,0.0,0.0,2
1626.159476300003,1779882092.8834157,732.421875,200000,0.0,0.0,0.0,2
1626.654853,1779882093.3787901,732.421875,200000,0.0,0.0,0.0,2
1626.6580015000072,1779882093.3819392,732.421875,200000,0.0,0.0,0.0,2
1626.7534329000046,1779882093.4773707,732.421875,200000,0.0,0.0,0.0,2
1626.9427701999957,1779882093.666708,732.421875,200000,0.0,0.0,0.0,2
1627.1740086000063,1779882093.8979464,732.421875,200000,0.0,0.0,0.0,2
1627.3567055000021,1779882094.0806425,732.421875,200000,0.0,0.0,0.0,2
1627.5601988999988,1779882094.2841363,732.421875,200000,0.0,0.0,0.0,2
1627.7806650999992,1779882094.5046046,732.421875,200000,0.0,0.0,0.0,2
1627.9526081999938,1779882094.6765463,732.421875,200000,0.0,0.0,0.0,2
1628.2023823000054,1779882094.9263215,732.421875,200000,0.0,0.0,0.0,2
1628.3697516999964,1779882095.0936892,732.421875,200000,0.0,0.0,0.0,2
1628.5509429999947,1779882095.2748814,732.421875,200000,0.0,0.0,0.0,2
1628.7370000999945,1779882095.4609394,732.421875,200000,0.0,0.0,0.0,2
1628.971848000001,1779882095.6957855,732.421875,200000,0.0,0.0,0.0,2
1629.1523633000033,1779882095.876302,732.421875,200000,0.0,0.0,0.0,2
1629.336843099998,1779882096.0607817,732.421875,200000,0.0,0.0,0.0,2
1629.5297288000002,1779882096.2536678,732.421875,200000,0.0,0.0,0.0,2
1629.7577831999952,1779882096.4817226,732.421875,200000,0.0,0.0,0.0,2
1629.9327169000026,1779882096.6566546,732.421875,200000,0.0,0.0,0.0,2
1630.1673945999937,1779882096.8913321,732.421875,200000,0.0,0.0,0.0,2
1630.4082598999958,1779882097.1321979,732.421875,200000,0.0,0.0,0.0,2
1630.5293173999962,1779882097.2532566,732.421875,200000,0.0,0.0,0.0,2
1630.749121700006,1779882097.47306,732.421875,200000,0.0,0.0,0.0,2
1630.9557291999954,1779882097.6796677,732.421875,200000,0.0,0.0,0.0,2
1631.1380957000074,1779882097.8620338,732.421875,200000,0.0,0.0,0.0,2
1631.331821700005,1779882098.0557606,732.421875,200000,0.0,0.0,0.0,2
1631.530848399998,1779882098.254788,732.421875,200000,0.0,0.0,0.0,2
1631.7160038000002,1779882098.4399421,732.421875,200000,0.0,0.0,0.0,2
1631.9371847000002,1779882098.661123,732.421875,200000,0.0,0.0,0.0,2
1632.1545723000017,1779882098.8785112,732.421875,200000,0.0,0.0,0.0,2
1632.3333987000078,1779882099.0573373,732.421875,200000,0.0,0.0,0.0,2
1632.527210500004,1779882099.251149,732.421875,200000,0.0,0.0,0.0,2
1632.7582544000034,1779882099.4821932,732.421875,200000,0.0,0.0,0.0,2
1632.9934062999964,1779882099.717345,732.421875,200000,0.0,0.0,0.0,2
1633.1291552000039,1779882099.8530934,732.421875,200000,0.0,0.0,0.0,2
1633.3326206000056,1779882100.0565617,732.421875,200000,0.0,0.0,0.0,2
1633.5141022000025,1779882100.2380402,732.421875,200000,0.0,0.0,0.0,2
1633.7094674999971,1779882100.4334064,732.421875,200000,0.0,0.0,0.0,2
1633.9228801999998,1779882100.6468186,732.421875,200000,0.0,0.0,0.0,2
1634.1311309000012,1779882100.8550715,732.421875,200000,0.0,0.0,0.0,2
1634.3115155999985,1779882101.0354538,732.421875,200000,0.0,0.0,0.0,2
1634.5029265000048,1779882101.2268648,732.421875,200000,0.0,0.0,0.0,2
1634.7066075000039,1779882101.4305458,732.421875,200000,0.0,0.0,0.0,2
1634.8957492000045,1779882101.6196878,732.421875,200000,0.0,0.0,0.0,2
1635.120173000003,1779882101.8441117,732.421875,200000,0.0,0.0,0.0,2
1635.3099871000013,1779882102.0339253,732.421875,200000,0.0,0.0,0.0,2
1635.512200199999,1779882102.2361403,732.421875,200000,0.0,0.0,0.0,2
1635.7049714000023,1779882102.4289103,732.421875,200000,0.0,0.0,0.0,2
1635.9009641000011,1779882102.6249025,732.421875,200000,0.0,0.0,0.0,2
1636.0897186999937,1779882102.8136566,732.421875,200000,0.0,0.0,0.0,2
1636.2996965000057,1779882103.0236347,732.421875,200000,0.0,0.0,0.0,2
1636.5303862,1779882103.2543244,732.421875,200000,0.0,0.0,0.0,2
1636.7062739999965,1779882103.4302123,732.421875,200000,0.0,0.0,0.0,2
1636.8912320999952,1779882103.6151705,732.421875,200000,0.0,0.0,0.0,2
1637.1319488000008,1779882103.8558872,732.421875,200000,0.0,0.0,0.0,2
1637.3086138000072,1779882104.0325522,732.421875,200000,0.0,0.0,0.0,2
1637.4926433999935,1779882104.2165823,732.421875,200000,0.0,0.0,0.0,2
1637.685938900002,1779882104.4098778,732.421875,200000,0.0,0.0,0.0,2
1637.9358722000034,1779882104.65981,732.421875,200000,0.0,0.0,0.0,2
1638.0788183999975,1779882104.8027568,732.421875,200000,0.0,0.0,0.0,2
1638.303177099995,1779882105.0271158,732.421875,200000,0.0,0.0,0.0,2
1638.5058774000063,1779882105.2298179,732.421875,200000,0.0,0.0,0.0,2
1638.6867425999953,1779882105.4106815,732.421875,200000,0.0,0.0,0.0,2
1638.874515500007,1779882105.598454,732.421875,200000,0.0,0.0,0.0,2
1639.0949427000014,1779882105.8188818,732.421875,200000,0.0,0.0,0.0,2
1639.289598400006,1779882106.0135367,732.421875,200000,0.0,0.0,0.0,2
1639.4829174000042,1779882106.2068563,732.421875,200000,0.0,0.0,0.0,2
1639.6737185999955,1779882106.3976576,732.421875,200000,0.0,0.0,0.0,2
1639.9253219999955,1779882106.6492603,732.421875,200000,0.0,0.0,0.0,2
1640.0677976000006,1779882106.791736,732.421875,200000,0.0,0.0,0.0,2
1640.3076335000078,1779882107.0315752,732.421875,200000,0.0,0.0,0.0,2
1640.4799533000041,1779882107.2038915,732.421875,200000,0.0,0.0,0.0,2
1640.6786723999976,1779882107.4026113,732.421875,200000,0.0,0.0,0.0,2
1640.8627244999952,1779882107.5866637,732.421875,200000,0.0,0.0,0.0,2
1641.0687409999955,1779882107.7926793,732.421875,200000,0.0,0.0,0.0,2
1641.2611195000063,1779882107.9850593,732.421875,200000,0.0,0.0,0.0,2
1641.4791703999945,1779882108.2031088,732.421875,200000,0.0,0.0,0.0,2
1641.6577733000013,1779882108.381712,732.421875,200000,0.0,0.0,0.0,2
1641.9213982999936,1779882108.6453362,732.421875,200000,0.0,0.0,0.0,2
1642.0557883000001,1779882108.7797267,732.421875,200000,0.0,0.0,0.0,2
1642.2794042000023,1779882109.003343,732.421875,200000,0.0,0.0,0.0,2
1642.451368199996,1779882109.1753073,732.421875,200000,0.0,0.0,0.0,2
1642.699027900002,1779882109.422966,732.421875,200000,0.0,0.0,0.0,2
1642.9102333000046,1779882109.6341715,732.421875,200000,0.0,0.0,0.0,2
1643.0525021000067,1779882109.7764406,732.421875,200000,0.0,0.0,0.0,2
1643.2740810999967,1779882109.9980197,732.421875,200000,0.0,0.0,0.0,2
1643.4637991000054,1779882110.1877377,732.421875,200000,0.0,0.0,0.0,2
1643.6562281000079,1779882110.3801663,732.421875,200000,0.0,0.0,0.0,2
1643.8952465000039,1779882110.619185,732.421875,200000,0.0,0.0,0.0,2
1644.068266400005,1779882110.7922049,732.421875,200000,0.0,0.0,0.0,2
1644.2590529000008,1779882110.9829917,732.421875,200000,0.0,0.0,0.0,2
1644.453291800004,1779882111.1772306,732.421875,200000,0.0,0.0,0.0,2
1644.6439163000032,1779882111.3678555,732.421875,200000,0.0,0.0,0.0,2
1644.8994167000055,1779882111.6233559,732.421875,200000,0.0,0.0,0.0,2
1645.0427146000002,1779882111.7666533,732.421875,200000,0.0,0.0,0.0,2
1645.2633547000005,1779882111.987294,732.421875,200000,0.0,0.0,0.0,2
1645.4551659999997,1779882112.1791046,732.421875,200000,0.0,0.0,0.0,2
1645.6395764000044,1779882112.363515,732.421875,200000,0.0,0.0,0.0,2
1645.895487700007,1779882112.6194289,732.421875,200000,0.0,0.0,0.0,2
1646.0311217999988,1779882112.7550604,732.421875,200000,0.0,0.0,0.0,2
1646.2534684999991,1779882112.9774075,732.421875,200000,0.0,0.0,0.0,2
1646.4742969000072,1779882113.1982353,732.421875,200000,0.0,0.0,0.0,2
1646.6527105999994,1779882113.3766491,732.421875,200000,0.0,0.0,0.0,2
1646.8992555000004,1779882113.6231945,732.421875,200000,0.0,0.0,0.0,2
1647.0727830999967,1779882113.796722,732.421875,200000,0.0,0.0,0.0,2
1647.2520003999962,1779882113.975939,732.421875,200000,0.0,0.0,0.0,2
1647.4372637000051,1779882114.1612027,732.421875,200000,0.0,0.0,0.0,2
1647.6282117999945,1779882114.3521504,732.421875,200000,0.0,0.0,0.0,2
1647.8669031000027,1779882114.5908415,732.421875,200000,0.0,0.0,0.0,2
1648.048898299996,1779882114.7728374,732.421875,200000,0.0,0.0,0.0,2
1648.2327173999947,1779882114.9566565,732.421875,200000,0.0,0.0,0.0,2
1648.4296929999982,1779882115.153632,732.421875,200000,0.0,0.0,0.0,2
1648.6309028999967,1779882115.354843,732.421875,200000,0.0,0.0,0.0,2
1648.874454100005,1779882115.5983927,732.421875,200000,0.0,0.0,0.0,2
1649.0189473000064,1779882115.7428858,732.421875,200000,0.0,0.0,0.0,2
1649.2397010999994,1779882115.9636393,732.421875,200000,0.0,0.0,0.0,2
1649.434611699995,1779882116.1585505,732.421875,200000,0.0,0.0,0.0,2
1649.6304947000026,1779882116.3544343,732.421875,200000,0.0,0.0,0.0,2
1649.8694755000033,1779882116.593414,732.421875,200000,0.0,0.0,0.0,2
1650.0216985000006,1779882116.7456381,732.421875,200000,0.0,0.0,0.0,2
1650.2251132999954,1779882116.9490533,732.421875,200000,0.0,0.0,0.0,2
1650.4125420000055,1779882117.1364808,732.421875,200000,0.0,0.0,0.0,2
1650.6350057999953,1779882117.3589451,732.421875,200000,0.0,0.0,0.0,2
1650.908128199997,1779882117.6320662,732.421875,200000,0.0,0.0,0.0,2
1651.021524900003,1779882117.7454636,732.421875,200000,0.0,0.0,0.0,2
1651.220959600003,1779882117.9448981,732.421875,200000,0.0,0.0,0.0,2
1651.4037422999972,1779882118.1276805,732.421875,200000,0.0,0.0,0.0,2
1651.6254107999994,1779882118.349349,732.421875,200000,0.0,0.0,0.0,2
1651.8660193999967,1779882118.589959,732.421875,200000,0.0,0.0,0.0,2
1652.0128231999988,1779882118.7367616,732.421875,200000,0.0,0.0,0.0,2
1652.2245898999972,1779882118.9485283,732.421875,200000,0.0,0.0,0.0,2
1652.4656914999941,1779882119.1896303,732.421875,200000,0.0,0.0,0.0,2
1652.645359400005,1779882119.369298,732.421875,200000,0.0,0.0,0.0,2
1652.8844437999942,1779882119.6083822,732.421875,200000,0.0,0.0,0.0,2
1652.999450400006,1779882119.723389,732.421875,200000,0.0,0.0,0.0,2
1653.1910843000078,1779882119.9150229,732.421875,200000,0.0,0.0,0.0,2
1653.4115061000048,1779882120.1354449,732.421875,200000,0.0,0.0,0.0,2
1653.6056981000002,1779882120.3296368,732.421875,200000,0.0,0.0,0.0,2
1653.8436058999941,1779882120.5675445,732.421875,200000,0.0,0.0,0.0,2
1653.987579099994,1779882120.7115183,732.421875,200000,0.0,0.0,0.0,2
1654.2072879000043,1779882120.9312263,732.421875,200000,0.0,0.0,0.0,2
1654.4123955999967,1779882121.1363344,732.421875,200000,0.0,0.0,0.0,2
1654.5917164999992,1779882121.3156552,732.421875,200000,0.0,0.0,0.0,2
1654.831788800002,1779882121.5557272,732.421875,200000,0.0,0.0,0.0,2
1655.0071010999964,1779882121.7310398,732.421875,200000,0.0,0.0,0.0,2
1655.2207668000046,1779882121.9447052,732.421875,200000,0.0,0.0,0.0,2
1655.401271099996,1779882122.1252103,732.421875,200000,0.0,0.0,0.0,2
1655.5854925000021,1779882122.3094313,732.421875,200000,0.0,0.0,0.0,2
1655.8336224999948,1779882122.557562,732.421875,200000,0.0,0.0,0.0,2
1655.9992293999967,1779882122.7231686,732.421875,200000,0.0,0.0,0.0,2
1656.1846775000013,1779882122.9086165,732.421875,200000,0.0,0.0,0.0,2
1656.3734294000024,1779882123.0973678,732.421875,200000,0.0,0.0,0.0,2
1656.5978069999983,1779882123.3217456,732.421875,200000,0.0,0.0,0.0,2
1656.8381286999938,1779882123.5620673,732.421875,200000,0.0,0.0,0.0,2
1657.0175950999983,1779882123.7415335,732.421875,200000,0.0,0.0,0.0,2
1657.196639700007,1779882123.9205782,732.421875,200000,0.0,0.0,0.0,2
1657.3837581999978,1779882124.1076963,732.421875,200000,0.0,0.0,0.0,2
1657.6171264000004,1779882124.341065,732.421875,200000,0.0,0.0,0.0,2
1657.8015414999973,1779882124.52548,732.421875,200000,0.0,0.0,0.0,2
1657.9801557000028,1779882124.7040946,732.421875,200000,0.0,0.0,0.0,2
1658.1658930999984,1779882124.889831,732.421875,200000,0.0,0.0,0.0,2
1658.3945237000007,1779882125.1184618,732.421875,200000,0.0,0.0,0.0,2
1658.5759726999968,1779882125.299911,732.421875,200000,0.0,0.0,0.0,2
1658.8146949999937,1779882125.538633,732.421875,200000,0.0,0.0,0.0,2
1658.9951717000076,1779882125.7191105,732.421875,200000,0.0,0.0,0.0,2
1659.1740477999992,1779882125.8979857,732.421875,200000,0.0,0.0,0.0,2
1659.3584934999963,1779882126.0824325,732.421875,200000,0.0,0.0,0.0,2
1659.5958456999942,1779882126.3197842,732.421875,200000,0.0,0.0,0.0,2
1659.8319248000043,1779882126.5558627,732.421875,200000,0.0,0.0,0.0,2
1659.9554086999997,1779882126.6793473,732.421875,200000,0.0,0.0,0.0,2
1660.1719346000027,1779882126.8958738,732.421875,200000,0.0,0.0,0.0,2
1660.3638950000022,1779882127.0878341,732.421875,200000,0.0,0.0,0.0,2
1660.554319700008,1779882127.2782583,732.421875,200000,0.0,0.0,0.0,2
1660.7921060999943,1779882127.5160441,732.421875,200000,0.0,0.0,0.0,2
1660.961970999997,1779882127.68591,732.421875,200000,0.0,0.0,0.0,2
1661.1546798000054,1779882127.8786178,732.421875,200000,0.0,0.0,0.0,2
1661.344340399999,1779882128.0682783,732.421875,200000,0.0,0.0,0.0,2
1661.5715446999966,1779882128.2954826,732.421875,200000,0.0,0.0,0.0,2
1661.8091793000058,1779882128.5331175,732.421875,200000,0.0,0.0,0.0,2
1661.990528800001,1779882128.7144668,732.421875,200000,0.0,0.0,0.0,2
1662.1676940000034,1779882128.8916328,732.421875,200000,0.0,0.0,0.0,2
1662.3540782000055,1779882129.078016,732.421875,200000,0.0,0.0,0.0,2
1662.5494065999956,1779882129.2733452,732.421875,200000,0.0,0.0,0.0,2
1662.7737800000032,1779882129.4977186,732.421875,200000,0.0,0.0,0.0,2
1662.9598722999945,1779882129.6838107,732.421875,200000,0.0,0.0,0.0,2
1663.1904561999982,1779882129.914395,732.421875,200000,0.0,0.0,0.0,2
1663.366545099998,1779882130.0904827,732.421875,200000,0.0,0.0,0.0,2
1663.548285900004,1779882130.272224,732.421875,200000,0.0,0.0,0.0,2
1663.7944457999984,1779882130.5183852,732.421875,200000,0.0,0.0,0.0,2
1663.9418907000072,1779882130.6658294,732.421875,200000,0.0,0.0,0.0,2
1664.1358751999942,1779882130.8598142,732.421875,200000,0.0,0.0,0.0,2
1664.3316229000047,1779882131.0555613,732.421875,200000,0.0,0.0,0.0,2
1664.5659317999962,1779882131.2898703,732.421875,200000,0.0,0.0,0.0,2
1664.751929200007,1779882131.4758677,732.421875,200000,0.0,0.0,0.0,2
1664.931289,1779882131.655228,732.421875,200000,0.0,0.0,0.0,2
1665.1320209999976,1779882131.855959,732.421875,200000,0.0,0.0,0.0,2
1665.3232876999973,1779882132.0472264,732.421875,200000,0.0,0.0,0.0,2
1665.5315248999977,1779882132.2554646,732.421875,200000,0.0,0.0,0.0,2
1665.7663077000034,1779882132.4902463,732.421875,200000,0.0,0.0,0.0,2
1665.948656499997,1779882132.672595,732.421875,200000,0.0,0.0,0.0,2
1666.141085700001,1779882132.8650272,732.421875,200000,0.0,0.0,0.0,2
1666.3566830000054,1779882133.0806243,732.421875,200000,0.0,0.0,0.0,2
1666.546077699997,1779882133.2700164,732.421875,200000,0.0,0.0,0.0,2
1666.7850872999988,1779882133.5090258,732.421875,200000,0.0,0.0,0.0,2
1666.9666889000073,1779882133.6906269,732.421875,200000,0.0,0.0,0.0,2
1667.1451770999993,1779882133.8691154,732.421875,200000,0.0,0.0,0.0,2
1667.322689099994,1779882134.0466273,732.421875,200000,0.0,0.0,0.0,2
1667.5106074000068,1779882134.2345455,732.421875,200000,0.0,0.0,0.0,2
1667.7421288000041,1779882134.4660668,732.421875,200000,0.0,0.0,0.0,2
1667.9212968000065,1779882134.6452355,732.421875,200000,0.0,0.0,0.0,2
1668.1620621000038,1779882134.8860002,732.421875,200000,0.0,0.0,0.0,2
1668.341847600008,1779882135.0657864,732.421875,200000,0.0,0.0,0.0,2
1668.5211249999993,1779882135.2450633,732.421875,200000,0.0,0.0,0.0,2
1668.760444200001,1779882135.4843824,732.421875,200000,0.0,0.0,0.0,2
1668.9426676000003,1779882135.6666064,732.421875,200000,0.0,0.0,0.0,2
1669.1236306000064,1779882135.847569,732.421875,200000,0.0,0.0,0.0,2
1669.307311800003,1779882136.0312507,732.421875,200000,0.0,0.0,0.0,2
1669.5098058000003,1779882136.233744,732.421875,200000,0.0,0.0,0.0,2
1669.7246700999967,1779882136.448608,732.421875,200000,0.0,0.0,0.0,2
1669.9086078999972,1779882136.632547,732.421875,200000,0.0,0.0,0.0,2
1670.138023499996,1779882136.8619623,732.421875,200000,0.0,0.0,0.0,2
1670.3197112000053,1779882137.0436497,732.421875,200000,0.0,0.0,0.0,2
1670.504544299998,1779882137.2285063,732.421875,200000,0.0,0.0,0.0,2
1670.7381579000066,1779882137.4620962,732.421875,200000,0.0,0.0,0.0,2
1670.9215167000075,1779882137.6454546,732.421875,200000,0.0,0.0,0.0,2
1671.1095107,1779882137.8334491,732.421875,200000,0.0,0.0,0.0,2
1671.2924707000057,1779882138.0164094,732.421875,200000,0.0,0.0,0.0,2
1671.516363799994,1779882138.240302,732.421875,200000,0.0,0.0,0.0,2
1671.7045230000076,1779882138.428461,732.421875,200000,0.0,0.0,0.0,2
1671.8934718999953,1779882138.617411,732.421875,200000,0.0,0.0,0.0,2
1672.1131653000048,1779882138.8371031,732.421875,200000,0.0,0.0,0.0,2
1672.2974929000047,1779882139.021432,732.421875,200000,0.0,0.0,0.0,2
1672.5390534000035,1779882139.262992,732.421875,200000,0.0,0.0,0.0,2
1672.717008599997,1779882139.4409478,732.421875,200000,0.0,0.0,0.0,2
1672.9017863000045,1779882139.6257243,732.421875,200000,0.0,0.0,0.0,2
1673.1406151999981,1779882139.8645527,732.421875,200000,0.0,0.0,0.0,2
1673.2878504999971,1779882140.0117886,732.421875,200000,0.0,0.0,0.0,2
1673.4915457000025,1779882140.2154841,732.421875,200000,0.0,0.0,0.0,2
1673.710207199998,1779882140.434145,732.421875,200000,0.0,0.0,0.0,2
1673.9168167000025,1779882140.6407564,732.421875,200000,0.0,0.0,0.0,2
1674.0934613999998,1779882140.8173995,732.421875,200000,0.0,0.0,0.0,2
1674.290014600003,1779882141.0139532,732.421875,200000,0.0,0.0,0.0,2
1674.5130877000047,1779882141.237026,732.421875,200000,0.0,0.0,0.0,2
1674.6970333000063,1779882141.4209716,732.421875,200000,0.0,0.0,0.0,2
1674.8781883000047,1779882141.6021266,732.421875,200000,0.0,0.0,0.0,2
1675.1092355,1779882141.8331745,732.421875,200000,0.0,0.0,0.0,2
1675.2907115999988,1779882142.0146496,732.421875,200000,0.0,0.0,0.0,2
1675.4770488000067,1779882142.2009885,732.421875,200000,0.0,0.0,0.0,2
1675.711678000007,1779882142.4356165,732.421875,200000,0.0,0.0,0.0,2
1675.8912178000028,1779882142.6151564,732.421875,200000,0.0,0.0,0.0,2
1676.0763009999937,1779882142.8002398,732.421875,200000,0.0,0.0,0.0,2
1676.3121291999996,1779882143.0360684,732.421875,200000,0.0,0.0,0.0,2
1676.490221400003,1779882143.2141597,732.421875,200000,0.0,0.0,0.0,2
1676.7418952000007,1779882143.465836,732.421875,200000,0.0,0.0,0.0,2
1676.8867553000018,1779882143.6106935,732.421875,200000,0.0,0.0,0.0,2
1677.079343400008,1779882143.8032825,732.421875,200000,0.0,0.0,0.0,2
1677.2644089999958,1779882143.988348,732.421875,200000,0.0,0.0,0.0,2
1677.4982276999945,1779882144.2221656,732.421875,200000,0.0,0.0,0.0,2
1677.6704853999981,1779882144.3944237,732.421875,200000,0.0,0.0,0.0,2
1677.8816073000053,1779882144.605547,732.421875,200000,0.0,0.0,0.0,2
1678.0571622999996,1779882144.7811015,732.421875,200000,0.0,0.0,0.0,2
1678.2557825999975,1779882144.9797213,732.421875,200000,0.0,0.0,0.0,2
1678.4814274999953,1779882145.2053664,732.421875,200000,0.0,0.0,0.0,2
1678.663192699998,1779882145.3871312,732.421875,200000,0.0,0.0,0.0,2
1678.8863158000022,1779882145.6102543,732.421875,200000,0.0,0.0,0.0,2
1679.0760704999993,1779882145.8000104,732.421875,200000,0.0,0.0,0.0,2
1679.2733790000057,1779882145.997319,732.421875,200000,0.0,0.0,0.0,2
1679.456945500002,1779882146.180884,732.421875,200000,0.0,0.0,0.0,2
1679.6704009999958,1779882146.39434,732.421875,200000,0.0,0.0,0.0,2
1679.852761400005,1779882146.5767,732.421875,200000,0.0,0.0,0.0,2
1680.086752400006,1779882146.810691,732.421875,200000,0.0,0.0,0.0,2
1680.2667545000004,1779882146.9906933,732.421875,200000,0.0,0.0,0.0,2
1680.4554184000008,1779882147.1793566,732.421875,200000,0.0,0.0,0.0,2
1680.646131600006,1779882147.3700702,732.421875,200000,0.0,0.0,0.0,2
1680.8711486999964,1779882147.5950878,732.421875,200000,0.0,0.0,0.0,2
1681.0506603999966,1779882147.7745993,732.421875,200000,0.0,0.0,0.0,2
1681.2914773999946,1779882148.0154166,732.421875,200000,0.0,0.0,0.0,2
1681.4504925999936,1779882148.174431,732.421875,200000,0.0,0.0,0.0,2
1681.6460776000022,1779882148.3700166,732.421875,200000,0.0,0.0,0.0,2
1681.8310418000037,1779882148.5549805,732.421875,200000,0.0,0.0,0.0,2
1682.047507299998,1779882148.771446,732.421875,200000,0.0,0.0,0.0,2
1682.2435174999991,1779882148.9674556,732.421875,200000,0.0,0.0,0.0,2
1682.4443299999984,1779882149.168269,732.421875,200000,0.0,0.0,0.0,2
1682.6358916000027,1779882149.3598309,732.421875,200000,0.0,0.0,0.0,2
1682.8320529000048,1779882149.5559924,732.421875,200000,0.0,0.0,0.0,2
1683.0485255999956,1779882149.7724643,732.421875,200000,0.0,0.0,0.0,2
1683.2658297000016,1779882149.9897685,732.421875,200000,0.0,0.0,0.0,2
1683.4389455000055,1779882150.162884,732.421875,200000,0.0,0.0,0.0,2
1683.6223460000037,1779882150.3462846,732.421875,200000,0.0,0.0,0.0,2
1683.8625611000025,1779882150.5865002,732.421875,200000,0.0,0.0,0.0,2
1684.0494888999965,1779882150.7734282,732.421875,200000,0.0,0.0,0.0,2
1684.2394824999938,1779882150.9634209,732.421875,200000,0.0,0.0,0.0,2
1684.4244749000063,1779882151.1484134,732.421875,200000,0.0,0.0,0.0,2
1684.6523751000059,1779882151.3763149,732.421875,200000,0.0,0.0,0.0,2
1684.829479299995,1779882151.5534177,732.421875,200000,0.0,0.0,0.0,2
1685.0573487999936,1779882151.7812874,732.421875,200000,0.0,0.0,0.0,2
1685.2379271999962,1779882151.9618657,732.421875,200000,0.0,0.0,0.0,2
1685.4760495999944,1779882152.1999884,732.421875,200000,0.0,0.0,0.0,2
1685.6681593999965,1779882152.392099,732.421875,200000,0.0,0.0,0.0,2
1685.835169099999,1779882152.5591075,732.421875,200000,0.0,0.0,0.0,2
1686.0216134999937,1779882152.745552,732.421875,200000,0.0,0.0,0.0,2
1686.2126197000034,1779882152.936559,732.421875,200000,0.0,0.0,0.0,2
1686.4372495999996,1779882153.1611881,732.421875,200000,0.0,0.0,0.0,2
1686.6219491999946,1779882153.3458877,732.421875,200000,0.0,0.0,0.0,2
1686.799258500003,1779882153.523197,732.421875,200000,0.0,0.0,0.0,2
1687.010666000002,1779882153.7346044,732.421875,200000,0.0,0.0,0.0,2
1687.2143738000013,1779882153.9383123,732.421875,200000,0.0,0.0,0.0,2
1687.4529745000036,1779882154.1769133,732.421875,200000,0.0,0.0,0.0,2
1687.635251300002,1779882154.3591897,732.421875,200000,0.0,0.0,0.0,2
1687.8187064999947,1779882154.542645,732.421875,200000,0.0,0.0,0.0,2
1688.0226616,1779882154.7466002,732.421875,200000,0.0,0.0,0.0,2
1688.2338092999998,1779882154.9577477,732.421875,200000,0.0,0.0,0.0,2
1688.421151100003,1779882155.1450899,732.421875,200000,0.0,0.0,0.0,2
1688.6042199000076,1779882155.3281581,732.421875,200000,0.0,0.0,0.0,2
1688.8333895999967,1779882155.5573285,732.421875,200000,0.0,0.0,0.0,2
1689.012573800006,1779882155.736512,732.421875,200000,0.0,0.0,0.0,2
1689.2009661000047,1779882155.9249046,732.421875,200000,0.0,0.0,0.0,2
1689.390824400005,1779882156.1147628,732.421875,200000,0.0,0.0,0.0,2
1689.5908124999987,1779882156.3147514,732.421875,200000,0.0,0.0,0.0,2
1689.7973851999996,1779882156.5213237,732.421875,200000,0.0,0.0,0.0,2
1689.9950352000014,1779882156.718976,732.421875,200000,0.0,0.0,0.0,2
1690.2135253000015,1779882156.937464,732.421875,200000,0.0,0.0,0.0,2
1690.3994405999983,1779882157.1233792,732.421875,200000,0.0,0.0,0.0,2
1690.6305508000078,1779882157.354489,732.421875,200000,0.0,0.0,0.0,2
1690.810657199996,1779882157.5345962,732.421875,200000,0.0,0.0,0.0,2
1691.0551141000033,1779882157.7790527,732.421875,200000,0.0,0.0,0.0,2
1691.2312392000022,1779882157.9551785,732.421875,200000,0.0,0.0,0.0,2
1691.4082370999968,1779882158.1321752,732.421875,200000,0.0,0.0,0.0,2
1691.5899751999968,1779882158.3139136,732.421875,200000,0.0,0.0,0.0,2
1691.7885759000055,1779882158.5125148,732.421875,200000,0.0,0.0,0.0,2
1691.981144999998,1779882158.7050834,732.421875,200000,0.0,0.0,0.0,2
1692.1939901000005,1779882158.9179287,732.421875,200000,0.0,0.0,0.0,2
1692.3828955000063,1779882159.106834,732.421875,200000,0.0,0.0,0.0,2
1692.6099566000048,1779882159.3338954,732.421875,200000,0.0,0.0,0.0,2
1692.7771135000075,1779882159.5010524,732.421875,200000,0.0,0.0,0.0,2
1693.0286240999994,1779882159.7525625,732.421875,200000,0.0,0.0,0.0,2
1693.2084885999939,1779882159.9324274,732.421875,200000,0.0,0.0,0.0,2
1693.387093199999,1779882160.111032,732.421875,200000,0.0,0.0,0.0,2
1693.5798540999967,1779882160.3037925,732.421875,200000,0.0,0.0,0.0,2
1693.7769512999948,1779882160.50089,732.421875,200000,0.0,0.0,0.0,2
1693.9881115000026,1779882160.7120497,732.421875,200000,0.0,0.0,0.0,2
1694.1759942000062,1779882160.8999324,732.421875,200000,0.0,0.0,0.0,2
1694.407084999999,1779882161.1310236,732.421875,200000,0.0,0.0,0.0,2
1694.5835847999988,1779882161.307523,732.421875,200000,0.0,0.0,0.0,2
1694.7642101999954,1779882161.4881482,732.421875,200000,0.0,0.0,0.0,2
1695.0051127000042,1779882161.7290518,732.421875,200000,0.0,0.0,0.0,2
1695.1874931000057,1779882161.911432,732.421875,200000,0.0,0.0,0.0,2
1695.3694560000004,1779882162.0933945,732.421875,200000,0.0,0.0,0.0,2
1695.5590833000024,1779882162.283022,732.421875,200000,0.0,0.0,0.0,2
1695.7541184000002,1779882162.4780567,732.421875,200000,0.0,0.0,0.0,2
1695.9720301000052,1779882162.6959689,732.421875,200000,0.0,0.0,0.0,2
1696.1596854999952,1779882162.8836246,732.421875,200000,0.0,0.0,0.0,2
1696.3864128999994,1779882163.1103516,732.421875,200000,0.0,0.0,0.0,2
1696.5577147000004,1779882163.2816548,732.421875,200000,0.0,0.0,0.0,2
1696.768293400004,1779882163.4922314,732.421875,200000,0.0,0.0,0.0,2
1696.982645199998,1779882163.7065833,732.421875,200000,0.0,0.0,0.0,2
1697.1654029000056,1779882163.8893416,732.421875,200000,0.0,0.0,0.0,2
1697.401963700002,1779882164.1259024,732.421875,200000,0.0,0.0,0.0,2
1697.5802868000028,1779882164.3042247,732.421875,200000,0.0,0.0,0.0,2
1697.7604569999967,1779882164.4843955,732.421875,200000,0.0,0.0,0.0,2
1697.956172399994,1779882164.6801116,732.421875,200000,0.0,0.0,0.0,2
1698.150169600005,1779882164.874109,732.421875,200000,0.0,0.0,0.0,2
1698.3407890999952,1779882165.064728,732.421875,200000,0.0,0.0,0.0,2
1698.5404005000019,1779882165.2643394,732.421875,200000,0.0,0.0,0.0,2
1698.7812356000068,1779882165.505174,732.421875,200000,0.0,0.0,0.0,2
1698.9600898000062,1779882165.684029,732.421875,200000,0.0,0.0,0.0,2
1699.1544338999956,1779882165.8783727,732.421875,200000,0.0,0.0,0.0,2
1699.3302975999977,1779882166.0542357,732.421875,200000,0.0,0.0,0.0,2
1699.558036100003,1779882166.2819748,732.421875,200000,0.0,0.0,0.0,2
1699.7447732,1779882166.468712,732.421875,200000,0.0,0.0,0.0,2
1699.939860700004,1779882166.6637988,732.421875,200000,0.0,0.0,0.0,2
1700.132698100002,1779882166.8566365,732.421875,200000,0.0,0.0,0.0,2
1700.3483540000016,1779882167.072295,732.421875,200000,0.0,0.0,0.0,2
1700.5787337000074,1779882167.302672,732.421875,200000,0.0,0.0,0.0,2
1700.757873800001,1779882167.481813,732.421875,200000,0.0,0.0,0.0,2
1700.9426192999963,1779882167.6665587,732.421875,200000,0.0,0.0,0.0,2
1701.1343129000015,1779882167.858252,732.421875,200000,0.0,0.0,0.0,2
1701.3634803000023,1779882168.0874186,732.421875,200000,0.0,0.0,0.0,2
1701.5385825999983,1779882168.2625208,732.421875,200000,0.0,0.0,0.0,2
1701.7337989999942,1779882168.4577377,732.421875,200000,0.0,0.0,0.0,2
1701.9284742000018,1779882168.6524122,732.421875,200000,0.0,0.0,0.0,2
1702.1339955000003,1779882168.857934,732.421875,200000,0.0,0.0,0.0,2
1702.3485469000007,1779882169.0724866,732.421875,200000,0.0,0.0,0.0,2
1702.5303316000063,1779882169.2542703,732.421875,200000,0.0,0.0,0.0,2
1702.7335626999993,1779882169.4575007,732.421875,200000,0.0,0.0,0.0,2
1702.9314477000007,1779882169.655387,732.421875,200000,0.0,0.0,0.0,2
1703.121806199997,1779882169.8457446,732.421875,200000,0.0,0.0,0.0,2
1703.3190180999954,1779882170.0429566,732.421875,200000,0.0,0.0,0.0,2
1703.5312608999957,1779882170.2551992,732.421875,200000,0.0,0.0,0.0,2
1703.7541456000035,1779882170.4780853,732.421875,200000,0.0,0.0,0.0,2
1703.9015433000022,1779882170.6254818,732.421875,200000,0.0,0.0,0.0,2
1704.1175199999998,1779882170.8414593,732.421875,200000,0.0,0.0,0.0,2
1704.314280000006,1779882171.0382183,732.421875,200000,0.0,0.0,0.0,2
1704.5158683000045,1779882171.239807,732.421875,200000,0.0,0.0,0.0,2
1704.7146539999958,1779882171.4385927,732.421875,200000,0.0,0.0,0.0,2
1704.9260028999997,1779882171.649942,732.421875,200000,0.0,0.0,0.0,2
1705.115722100003,1779882171.8396614,732.421875,200000,0.0,0.0,0.0,2
1705.3113332000066,1779882172.0352714,732.421875,200000,0.0,0.0,0.0,2
1705.550814000002,1779882172.2747529,732.421875,200000,0.0,0.0,0.0,2
1705.693048800007,1779882172.4169877,732.421875,200000,0.0,0.0,0.0,2
1705.8853706999944,1779882172.6093094,732.421875,200000,0.0,0.0,0.0,2
1706.0955695000011,1779882172.8195071,732.421875,200000,0.0,0.0,0.0,2
1706.3265036999946,1779882173.050442,732.421875,200000,0.0,0.0,0.0,2
1706.5128665999946,1779882173.236805,732.421875,200000,0.0,0.0,0.0,2
1706.7071572999994,1779882173.4310963,732.421875,200000,0.0,0.0,0.0,2
1706.9062349000014,1779882173.6301742,732.421875,200000,0.0,0.0,0.0,2
1707.0910220000078,1779882173.8149607,732.421875,200000,0.0,0.0,0.0,2
1707.3142272999976,1779882174.0381658,732.421875,200000,0.0,0.0,0.0,2
1707.5023145000014,1779882174.2262537,732.421875,200000,0.0,0.0,0.0,2
1707.6957530000072,1779882174.4196908,732.421875,200000,0.0,0.0,0.0,2
1707.8902878999943,1779882174.6142263,732.421875,200000,0.0,0.0,0.0,2
1708.089707399995,1779882174.813646,732.421875,200000,0.0,0.0,0.0,2
1708.3046952000004,1779882175.0286334,732.421875,200000,0.0,0.0,0.0,2
1708.4924008999951,1779882175.21634,732.421875,200000,0.0,0.0,0.0,2
1708.7255267,1779882175.4494646,732.421875,200000,0.0,0.0,0.0,2
1708.8816973000066,1779882175.6056361,732.421875,200000,0.0,0.0,0.0,2
1709.0909450000036,1779882175.8148835,732.421875,200000,0.0,0.0,0.0,2
1709.3240671999956,1779882176.0480056,732.421875,200000,0.0,0.0,0.0,2
1709.5062847999943,1779882176.230224,732.421875,200000,0.0,0.0,0.0,2
1709.6858931000024,1779882176.4098313,732.421875,200000,0.0,0.0,0.0,2
1709.9233901999978,1779882176.647329,732.421875,200000,0.0,0.0,0.0,2
1710.0625729000021,1779882176.786511,732.421875,200000,0.0,0.0,0.0,2
1710.287814700001,1779882177.0117533,732.421875,200000,0.0,0.0,0.0,2
1710.4753010999993,1779882177.1992397,732.421875,200000,0.0,0.0,0.0,2
1710.7217746999959,1779882177.4457142,732.421875,200000,0.0,0.0,0.0,2
1710.8890818999935,1779882177.6130204,732.421875,200000,0.0,0.0,0.0,2
1711.072715000002,1779882177.7966533,732.421875,200000,0.0,0.0,0.0,2
1711.3025084999972,1779882178.0264473,732.421875,200000,0.0,0.0,0.0,2
1711.4808973000036,1779882178.2048368,732.421875,200000,0.0,0.0,0.0,2
1711.665389700007,1779882178.3893282,732.421875,200000,0.0,0.0,0.0,2
1711.8985485000012,1779882178.6224864,732.421875,200000,0.0,0.0,0.0,2
1712.0759264999942,1779882178.7998667,732.421875,200000,0.0,0.0,0.0,2
1712.2655706000078,1779882178.9895096,732.421875,200000,0.0,0.0,0.0,2
1712.5021347000002,1779882179.2260728,732.421875,200000,0.0,0.0,0.0,2
1712.671431099996,1779882179.3953695,732.421875,200000,0.0,0.0,0.0,2
1712.913281999994,1779882179.6372194,732.421875,200000,0.0,0.0,0.0,2
1713.0913365000015,1779882179.8152747,732.421875,200000,0.0,0.0,0.0,2
1713.2698451000033,1779882179.9937828,732.421875,200000,0.0,0.0,0.0,2
1713.4551215999963,1779882180.179059,732.421875,200000,0.0,0.0,0.0,2
1713.6888376999996,1779882180.4127755,732.421875,200000,0.0,0.0,0.0,2
1713.8720877000014,1779882180.5960252,732.421875,200000,0.0,0.0,0.0,2
1714.0572324999957,1779882180.78117,732.421875,200000,0.0,0.0,0.0,2
1714.2499537999975,1779882180.9738915,732.421875,200000,0.0,0.0,0.0,2
1714.474286800003,1779882181.1982253,732.421875,200000,0.0,0.0,0.0,2
1714.6573632999934,1779882181.381303,732.421875,200000,0.0,0.0,0.0,2
1714.8934525000077,1779882181.617391,732.421875,200000,0.0,0.0,0.0,2
1715.0673876999936,1779882181.791326,732.421875,200000,0.0,0.0,0.0,2
1715.2518262999947,1779882181.9757643,732.421875,200000,0.0,0.0,0.0,2
1715.438353599995,1779882182.1622913,732.421875,200000,0.0,0.0,0.0,2
1715.6786513999978,1779882182.402591,732.421875,200000,0.0,0.0,0.0,2
1715.8548437999998,1779882182.5787838,732.421875,200000,0.0,0.0,0.0,2
1716.0403132000065,1779882182.7642527,732.421875,200000,0.0,0.0,0.0,2
1716.2683959999995,1779882182.9923353,732.421875,200000,0.0,0.0,0.0,2
1716.4505761000037,1779882183.1745148,732.421875,200000,0.0,0.0,0.0,2
1716.6848017000011,1779882183.408739,732.421875,200000,0.0,0.0,0.0,2
1716.8653862000065,1779882183.5893238,732.421875,200000,0.0,0.0,0.0,2
1717.0548104000045,1779882183.778751,732.421875,200000,0.0,0.0,0.0,2
1717.2400584999996,1779882183.9639964,732.421875,200000,0.0,0.0,0.0,2
1717.4303135999944,1779882184.1542516,732.421875,200000,0.0,0.0,0.0,2
1717.6482401999965,1779882184.3721778,732.421875,200000,0.0,0.0,0.0,2
1717.8300234000053,1779882184.553961,732.421875,200000,0.0,0.0,0.0,2
1718.0319655000058,1779882184.7559035,732.421875,200000,0.0,0.0,0.0,2
1718.2428972000052,1779882184.9668353,732.421875,200000,0.0,0.0,0.0,2
1718.4295579000027,1779882185.1534953,732.421875,200000,0.0,0.0,0.0,2
1718.6625973000046,1779882185.3865347,732.421875,200000,0.0,0.0,0.0,2
